/*
MySQL Backup
Database: cka_crm
Backup Time: 2021-09-20 17:25:06
*/

SET FOREIGN_KEY_CHECKS=0;
DROP TABLE IF EXISTS `cka_crm`.`account_types`;
DROP TABLE IF EXISTS `cka_crm`.`accounts`;
DROP TABLE IF EXISTS `cka_crm`.`activities`;
DROP TABLE IF EXISTS `cka_crm`.`backups`;
DROP TABLE IF EXISTS `cka_crm`.`calendar_events`;
DROP TABLE IF EXISTS `cka_crm`.`canned_links`;
DROP TABLE IF EXISTS `cka_crm`.`canned_messages`;
DROP TABLE IF EXISTS `cka_crm`.`captcha_configurations`;
DROP TABLE IF EXISTS `cka_crm`.`checklist_items`;
DROP TABLE IF EXISTS `cka_crm`.`countries`;
DROP TABLE IF EXISTS `cka_crm`.`currencies`;
DROP TABLE IF EXISTS `cka_crm`.`currency_converter_configurations`;
DROP TABLE IF EXISTS `cka_crm`.`custom_item_orders`;
DROP TABLE IF EXISTS `cka_crm`.`customer_activations`;
DROP TABLE IF EXISTS `cka_crm`.`customer_branches`;
DROP TABLE IF EXISTS `cka_crm`.`customer_transactions`;
DROP TABLE IF EXISTS `cka_crm`.`customers`;
DROP TABLE IF EXISTS `cka_crm`.`departments`;
DROP TABLE IF EXISTS `cka_crm`.`deposits`;
DROP TABLE IF EXISTS `cka_crm`.`email_configurations`;
DROP TABLE IF EXISTS `cka_crm`.`email_templates`;
DROP TABLE IF EXISTS `cka_crm`.`exchange_rates`;
DROP TABLE IF EXISTS `cka_crm`.`expenses`;
DROP TABLE IF EXISTS `cka_crm`.`files`;
DROP TABLE IF EXISTS `cka_crm`.`general_ledger_transactions`;
DROP TABLE IF EXISTS `cka_crm`.`groups`;
DROP TABLE IF EXISTS `cka_crm`.`income_expense_categories`;
DROP TABLE IF EXISTS `cka_crm`.`ip_addresses`;
DROP TABLE IF EXISTS `cka_crm`.`item_custom_variants`;
DROP TABLE IF EXISTS `cka_crm`.`item_units`;
DROP TABLE IF EXISTS `cka_crm`.`items`;
DROP TABLE IF EXISTS `cka_crm`.`jobs`;
DROP TABLE IF EXISTS `cka_crm`.`knowledge_bases`;
DROP TABLE IF EXISTS `cka_crm`.`languages`;
DROP TABLE IF EXISTS `cka_crm`.`lead_sources`;
DROP TABLE IF EXISTS `cka_crm`.`lead_statuses`;
DROP TABLE IF EXISTS `cka_crm`.`leads`;
DROP TABLE IF EXISTS `cka_crm`.`locations`;
DROP TABLE IF EXISTS `cka_crm`.`migrations`;
DROP TABLE IF EXISTS `cka_crm`.`milestones`;
DROP TABLE IF EXISTS `cka_crm`.`months`;
DROP TABLE IF EXISTS `cka_crm`.`notes`;
DROP TABLE IF EXISTS `cka_crm`.`password_resets`;
DROP TABLE IF EXISTS `cka_crm`.`payment_gateways`;
DROP TABLE IF EXISTS `cka_crm`.`payment_methods`;
DROP TABLE IF EXISTS `cka_crm`.`payment_terms`;
DROP TABLE IF EXISTS `cka_crm`.`permission_roles`;
DROP TABLE IF EXISTS `cka_crm`.`permissions`;
DROP TABLE IF EXISTS `cka_crm`.`preferences`;
DROP TABLE IF EXISTS `cka_crm`.`priorities`;
DROP TABLE IF EXISTS `cka_crm`.`project_members`;
DROP TABLE IF EXISTS `cka_crm`.`project_settings`;
DROP TABLE IF EXISTS `cka_crm`.`project_statuses`;
DROP TABLE IF EXISTS `cka_crm`.`projects`;
DROP TABLE IF EXISTS `cka_crm`.`purchase_order_details`;
DROP TABLE IF EXISTS `cka_crm`.`purchase_orders`;
DROP TABLE IF EXISTS `cka_crm`.`purchase_prices`;
DROP TABLE IF EXISTS `cka_crm`.`purchase_receive_types`;
DROP TABLE IF EXISTS `cka_crm`.`purchase_taxes`;
DROP TABLE IF EXISTS `cka_crm`.`received_order_details`;
DROP TABLE IF EXISTS `cka_crm`.`received_orders`;
DROP TABLE IF EXISTS `cka_crm`.`role_users`;
DROP TABLE IF EXISTS `cka_crm`.`roles`;
DROP TABLE IF EXISTS `cka_crm`.`sale_order_details`;
DROP TABLE IF EXISTS `cka_crm`.`sale_orders`;
DROP TABLE IF EXISTS `cka_crm`.`sale_prices`;
DROP TABLE IF EXISTS `cka_crm`.`sale_taxes`;
DROP TABLE IF EXISTS `cka_crm`.`sale_types`;
DROP TABLE IF EXISTS `cka_crm`.`security_roles`;
DROP TABLE IF EXISTS `cka_crm`.`shipment_details`;
DROP TABLE IF EXISTS `cka_crm`.`shipments`;
DROP TABLE IF EXISTS `cka_crm`.`sms_config`;
DROP TABLE IF EXISTS `cka_crm`.`stock_adjustment_details`;
DROP TABLE IF EXISTS `cka_crm`.`stock_adjustments`;
DROP TABLE IF EXISTS `cka_crm`.`stock_categories`;
DROP TABLE IF EXISTS `cka_crm`.`stock_moves`;
DROP TABLE IF EXISTS `cka_crm`.`stock_transfers`;
DROP TABLE IF EXISTS `cka_crm`.`supplier_transactions`;
DROP TABLE IF EXISTS `cka_crm`.`suppliers`;
DROP TABLE IF EXISTS `cka_crm`.`tag_assigns`;
DROP TABLE IF EXISTS `cka_crm`.`tags`;
DROP TABLE IF EXISTS `cka_crm`.`task_assigns`;
DROP TABLE IF EXISTS `cka_crm`.`task_comments`;
DROP TABLE IF EXISTS `cka_crm`.`task_statuses`;
DROP TABLE IF EXISTS `cka_crm`.`task_timers`;
DROP TABLE IF EXISTS `cka_crm`.`tasks`;
DROP TABLE IF EXISTS `cka_crm`.`tax_types`;
DROP TABLE IF EXISTS `cka_crm`.`ticket_replies`;
DROP TABLE IF EXISTS `cka_crm`.`ticket_statuses`;
DROP TABLE IF EXISTS `cka_crm`.`tickets`;
DROP TABLE IF EXISTS `cka_crm`.`transaction_references`;
DROP TABLE IF EXISTS `cka_crm`.`transactions`;
DROP TABLE IF EXISTS `cka_crm`.`transfers`;
DROP TABLE IF EXISTS `cka_crm`.`url_shortner_config`;
DROP TABLE IF EXISTS `cka_crm`.`user_departments`;
DROP TABLE IF EXISTS `cka_crm`.`users`;
CREATE TABLE `account_types` (
  `id` int(10) unsigned NOT NULL AUTO_INCREMENT,
  `name` varchar(50) COLLATE utf8mb4_unicode_ci NOT NULL,
  PRIMARY KEY (`id`),
  KEY `account_types_name_index` (`name`)
) ENGINE=InnoDB AUTO_INCREMENT=5 DEFAULT CHARSET=utf8mb4 COLLATE=utf8mb4_unicode_ci;
CREATE TABLE `accounts` (
  `id` int(10) unsigned NOT NULL AUTO_INCREMENT,
  `account_type_id` int(10) unsigned NOT NULL,
  `name` varchar(30) COLLATE utf8mb4_unicode_ci NOT NULL,
  `account_number` varchar(30) COLLATE utf8mb4_unicode_ci NOT NULL,
  `income_expense_category_id` int(10) unsigned DEFAULT NULL,
  `currency_id` int(10) unsigned NOT NULL,
  `bank_name` varchar(100) COLLATE utf8mb4_unicode_ci NOT NULL,
  `branch_name` varchar(50) COLLATE utf8mb4_unicode_ci DEFAULT NULL,
  `branch_city` varchar(50) COLLATE utf8mb4_unicode_ci DEFAULT NULL,
  `swift_code` varchar(100) COLLATE utf8mb4_unicode_ci DEFAULT NULL,
  `bank_address` varchar(191) COLLATE utf8mb4_unicode_ci DEFAULT NULL,
  `is_default` tinyint(1) NOT NULL DEFAULT 0,
  `is_deleted` tinyint(1) NOT NULL DEFAULT 0,
  PRIMARY KEY (`id`),
  KEY `accounts_account_type_id_foreign_idx` (`account_type_id`),
  KEY `accounts_name_index` (`name`),
  KEY `accounts_account_number_index` (`account_number`),
  KEY `accounts_income_expense_category_id_foreign_idx` (`income_expense_category_id`),
  KEY `accounts_currency_id_foreign_idx` (`currency_id`),
  KEY `accounts_bank_name_index` (`bank_name`),
  KEY `accounts_is_default_index` (`is_default`),
  CONSTRAINT `accounts_account_type_id_foreign` FOREIGN KEY (`account_type_id`) REFERENCES `account_types` (`id`) ON DELETE CASCADE ON UPDATE CASCADE,
  CONSTRAINT `accounts_currency_id_foreign` FOREIGN KEY (`currency_id`) REFERENCES `currencies` (`id`) ON DELETE CASCADE ON UPDATE CASCADE,
  CONSTRAINT `accounts_income_expense_category_id_foreign` FOREIGN KEY (`income_expense_category_id`) REFERENCES `income_expense_categories` (`id`) ON DELETE CASCADE ON UPDATE CASCADE
) ENGINE=InnoDB AUTO_INCREMENT=5 DEFAULT CHARSET=utf8mb4 COLLATE=utf8mb4_unicode_ci;
CREATE TABLE `activities` (
  `id` int(10) unsigned NOT NULL AUTO_INCREMENT,
  `object_id` int(10) unsigned NOT NULL,
  `object_type` varchar(32) COLLATE utf8mb4_unicode_ci DEFAULT NULL,
  `user_id` int(10) unsigned DEFAULT NULL,
  `customer_id` int(10) unsigned DEFAULT NULL,
  `params` varchar(200) COLLATE utf8mb4_unicode_ci DEFAULT NULL,
  `description` varchar(191) COLLATE utf8mb4_unicode_ci DEFAULT NULL,
  `created_at` timestamp NOT NULL DEFAULT current_timestamp(),
  PRIMARY KEY (`id`),
  KEY `activities_user_id_foreign_idx` (`user_id`),
  KEY `activities_customer_id_foreign_idx` (`customer_id`),
  CONSTRAINT `activities_customer_id_foreign` FOREIGN KEY (`customer_id`) REFERENCES `customers` (`id`) ON DELETE CASCADE ON UPDATE CASCADE,
  CONSTRAINT `activities_user_id_foreign` FOREIGN KEY (`user_id`) REFERENCES `users` (`id`) ON DELETE CASCADE ON UPDATE CASCADE
) ENGINE=InnoDB AUTO_INCREMENT=21 DEFAULT CHARSET=utf8mb4 COLLATE=utf8mb4_unicode_ci;
CREATE TABLE `backups` (
  `id` int(10) unsigned NOT NULL AUTO_INCREMENT,
  `name` varchar(50) COLLATE utf8mb4_unicode_ci NOT NULL,
  `created_at` timestamp NOT NULL DEFAULT current_timestamp(),
  PRIMARY KEY (`id`),
  KEY `backups_name_index` (`name`)
) ENGINE=InnoDB DEFAULT CHARSET=utf8mb4 COLLATE=utf8mb4_unicode_ci;
CREATE TABLE `calendar_events` (
  `id` int(10) unsigned NOT NULL AUTO_INCREMENT,
  `title` varchar(150) COLLATE utf8mb4_unicode_ci NOT NULL,
  `description` text COLLATE utf8mb4_unicode_ci DEFAULT NULL,
  `start_date` datetime NOT NULL,
  `end_date` datetime DEFAULT NULL,
  `notification_start` int(11) DEFAULT NULL COMMENT 'notification_start, it means how many days/hour/minutes/weeks before it will remind user about the event.',
  `notification_repeat_every` tinyint(1) DEFAULT NULL COMMENT 'notification_repeat_every, it means what is the unit of ''notification_start'' field.\r\ni.e. : minutes, hours, days, weeks',
  `event_color` varchar(20) COLLATE utf8mb4_unicode_ci DEFAULT NULL,
  `is_public` tinyint(1) DEFAULT NULL,
  `created_by` int(10) unsigned DEFAULT NULL COMMENT 'created by refers the users table id;\r\nit is the id who was logged in at the creation time of the event.',
  `created_at` timestamp NOT NULL DEFAULT current_timestamp(),
  PRIMARY KEY (`id`),
  KEY `calendar_events_title_index` (`title`),
  KEY `calendar_events_start_date_index` (`start_date`),
  KEY `calendar_events_end_date_index` (`end_date`),
  KEY `calendar_events_is_public_index` (`is_public`),
  KEY `calendar_events_created_by_foreign_idx` (`created_by`),
  CONSTRAINT `calendar_events_created_by_foreign` FOREIGN KEY (`created_by`) REFERENCES `users` (`id`) ON DELETE CASCADE ON UPDATE CASCADE
) ENGINE=InnoDB DEFAULT CHARSET=utf8mb4 COLLATE=utf8mb4_unicode_ci;
CREATE TABLE `canned_links` (
  `id` int(10) unsigned NOT NULL AUTO_INCREMENT,
  `title` varchar(150) COLLATE utf8mb4_unicode_ci NOT NULL,
  `link` varchar(255) COLLATE utf8mb4_unicode_ci NOT NULL,
  `created_by` int(10) unsigned NOT NULL,
  `created_type` varchar(12) COLLATE utf8mb4_unicode_ci NOT NULL,
  `created_at` timestamp NULL DEFAULT current_timestamp(),
  `updated_at` timestamp NULL DEFAULT NULL ON UPDATE current_timestamp(),
  PRIMARY KEY (`id`),
  KEY `canned_links_title_index` (`title`),
  KEY `canned_links_link_index` (`link`),
  KEY `canned_links_created_by_foreign_idx` (`created_by`),
  KEY `canned_links_created_type_index` (`created_type`),
  CONSTRAINT `canned_links_created_by_foreign` FOREIGN KEY (`created_by`) REFERENCES `users` (`id`) ON DELETE CASCADE ON UPDATE CASCADE
) ENGINE=InnoDB DEFAULT CHARSET=utf8mb4 COLLATE=utf8mb4_unicode_ci;
CREATE TABLE `canned_messages` (
  `id` int(10) unsigned NOT NULL AUTO_INCREMENT,
  `title` varchar(150) COLLATE utf8mb4_unicode_ci NOT NULL,
  `message` text COLLATE utf8mb4_unicode_ci NOT NULL,
  `created_by` int(10) unsigned NOT NULL,
  `created_type` varchar(12) COLLATE utf8mb4_unicode_ci NOT NULL,
  `created_at` timestamp NULL DEFAULT current_timestamp(),
  `updated_at` timestamp NULL DEFAULT NULL ON UPDATE current_timestamp(),
  PRIMARY KEY (`id`),
  KEY `canned_messages_title_index` (`title`),
  KEY `canned_messages_created_by_foreign_idx` (`created_by`),
  KEY `canned_messages_created_type_index` (`created_type`),
  CONSTRAINT `canned_messages_created_by_foreign` FOREIGN KEY (`created_by`) REFERENCES `users` (`id`) ON DELETE CASCADE ON UPDATE CASCADE
) ENGINE=InnoDB DEFAULT CHARSET=utf8mb4 COLLATE=utf8mb4_unicode_ci;
CREATE TABLE `captcha_configurations` (
  `id` int(10) unsigned NOT NULL AUTO_INCREMENT,
  `site_key` varchar(255) COLLATE utf8mb4_unicode_ci NOT NULL,
  `secret_key` varchar(255) COLLATE utf8mb4_unicode_ci NOT NULL,
  `site_verify_url` varchar(255) COLLATE utf8mb4_unicode_ci NOT NULL,
  `plugin_url` varchar(255) COLLATE utf8mb4_unicode_ci NOT NULL,
  PRIMARY KEY (`id`)
) ENGINE=InnoDB AUTO_INCREMENT=2 DEFAULT CHARSET=utf8mb4 COLLATE=utf8mb4_unicode_ci;
CREATE TABLE `checklist_items` (
  `id` int(10) unsigned NOT NULL AUTO_INCREMENT,
  `title` varchar(191) COLLATE utf8mb4_unicode_ci NOT NULL,
  `task_id` int(10) unsigned DEFAULT NULL COMMENT 'task_id refers the task table''s id column.',
  `is_checked` tinyint(1) NOT NULL DEFAULT 0 COMMENT '1, 0 and 0 as default;\\n0 for unchecked;\\n1 for checked;',
  `created_at` timestamp NULL DEFAULT current_timestamp(),
  `checked_at` datetime DEFAULT NULL,
  PRIMARY KEY (`id`),
  KEY `checklist_items_title_index` (`title`),
  KEY `checklist_items_task_id_foreign_idx` (`task_id`),
  KEY `checklist_items_is_checked_index` (`is_checked`),
  KEY `checklist_items_checked_at_index` (`checked_at`),
  CONSTRAINT `checklist_items_task_id_foreign` FOREIGN KEY (`task_id`) REFERENCES `tasks` (`id`) ON DELETE CASCADE ON UPDATE CASCADE
) ENGINE=InnoDB AUTO_INCREMENT=19 DEFAULT CHARSET=utf8mb4 COLLATE=utf8mb4_unicode_ci;
CREATE TABLE `countries` (
  `id` int(10) unsigned NOT NULL AUTO_INCREMENT,
  `name` varchar(50) COLLATE utf8mb4_unicode_ci NOT NULL,
  `code` varchar(5) COLLATE utf8mb4_unicode_ci NOT NULL,
  PRIMARY KEY (`id`),
  KEY `countries_name_index` (`name`),
  KEY `countries_code_index` (`code`)
) ENGINE=InnoDB AUTO_INCREMENT=243 DEFAULT CHARSET=utf8mb4 COLLATE=utf8mb4_unicode_ci;
CREATE TABLE `currencies` (
  `id` int(10) unsigned NOT NULL AUTO_INCREMENT,
  `name` varchar(191) COLLATE utf8mb4_unicode_ci NOT NULL,
  `symbol` char(10) COLLATE utf8mb4_unicode_ci NOT NULL,
  `exchange_rate` decimal(16,8) NOT NULL,
  `exchange_from` varchar(20) COLLATE utf8mb4_unicode_ci NOT NULL,
  PRIMARY KEY (`id`),
  KEY `currencies_name_index` (`name`)
) ENGINE=InnoDB AUTO_INCREMENT=5 DEFAULT CHARSET=utf8mb4 COLLATE=utf8mb4_unicode_ci;
CREATE TABLE `currency_converter_configurations` (
  `id` int(10) unsigned NOT NULL AUTO_INCREMENT,
  `slug` varchar(100) COLLATE utf8mb4_unicode_ci NOT NULL,
  `api_key` varchar(255) COLLATE utf8mb4_unicode_ci DEFAULT NULL,
  `status` varchar(10) COLLATE utf8mb4_unicode_ci NOT NULL,
  PRIMARY KEY (`id`)
) ENGINE=InnoDB DEFAULT CHARSET=utf8mb4 COLLATE=utf8mb4_unicode_ci;
CREATE TABLE `custom_item_orders` (
  `id` int(10) unsigned NOT NULL AUTO_INCREMENT,
  `order_no` int(11) NOT NULL,
  `tax_type_id` int(10) unsigned NOT NULL,
  `name` varchar(150) COLLATE utf8mb4_unicode_ci NOT NULL,
  `quantity` decimal(16,8) NOT NULL,
  `unit_price` decimal(16,8) NOT NULL,
  `discount_percent` decimal(11,8) NOT NULL,
  PRIMARY KEY (`id`),
  KEY `custom_item_orders_order_no_index` (`order_no`),
  KEY `custom_item_orders_tax_type_id_foreign_idx` (`tax_type_id`),
  KEY `custom_item_orders_name_index` (`name`),
  CONSTRAINT `custom_item_orders_tax_type_id_foreign` FOREIGN KEY (`tax_type_id`) REFERENCES `tax_types` (`id`) ON DELETE CASCADE ON UPDATE CASCADE
) ENGINE=InnoDB DEFAULT CHARSET=utf8mb4 COLLATE=utf8mb4_unicode_ci;
CREATE TABLE `customer_activations` (
  `id` int(10) unsigned NOT NULL AUTO_INCREMENT,
  `customer_id` int(10) unsigned NOT NULL,
  `token` varchar(191) COLLATE utf8mb4_unicode_ci NOT NULL,
  `created_at` timestamp NOT NULL DEFAULT current_timestamp(),
  PRIMARY KEY (`id`),
  KEY `customer_activations_customer_id_foreign_idx` (`customer_id`),
  CONSTRAINT `customer_activations_customer_id_foreign` FOREIGN KEY (`customer_id`) REFERENCES `customers` (`id`) ON DELETE CASCADE ON UPDATE CASCADE
) ENGINE=InnoDB DEFAULT CHARSET=utf8mb4 COLLATE=utf8mb4_unicode_ci;
CREATE TABLE `customer_branches` (
  `id` int(10) unsigned NOT NULL AUTO_INCREMENT,
  `customer_id` int(10) unsigned NOT NULL,
  `name` varchar(191) COLLATE utf8mb4_unicode_ci DEFAULT NULL,
  `contact` varchar(191) COLLATE utf8mb4_unicode_ci DEFAULT NULL,
  `billing_street` varchar(191) COLLATE utf8mb4_unicode_ci DEFAULT NULL,
  `billing_city` varchar(191) COLLATE utf8mb4_unicode_ci DEFAULT NULL,
  `billing_state` varchar(191) COLLATE utf8mb4_unicode_ci DEFAULT NULL,
  `billing_zip_code` varchar(191) COLLATE utf8mb4_unicode_ci DEFAULT NULL,
  `billing_country_id` int(10) unsigned DEFAULT NULL,
  `shipping_street` varchar(191) COLLATE utf8mb4_unicode_ci DEFAULT NULL,
  `shipping_city` varchar(191) COLLATE utf8mb4_unicode_ci DEFAULT NULL,
  `shipping_state` varchar(191) COLLATE utf8mb4_unicode_ci DEFAULT NULL,
  `shipping_zip_code` varchar(191) COLLATE utf8mb4_unicode_ci DEFAULT NULL,
  `shipping_country_id` int(10) unsigned DEFAULT NULL,
  PRIMARY KEY (`id`),
  KEY `customer_branches_customer_id_foreign_idx` (`customer_id`),
  KEY `customer_branches_name_index` (`name`),
  KEY `customer_branches_contact_index` (`contact`),
  KEY `customer_branches_billing_state_index` (`billing_state`),
  KEY `customer_branches_billing_country_id_foreign_idx` (`billing_country_id`),
  KEY `customer_branches_shipping_state_index` (`shipping_state`),
  KEY `customer_branches_shipping_country_id_foreign_idx` (`shipping_country_id`),
  CONSTRAINT `customer_branches_billing_country_id_foreign` FOREIGN KEY (`billing_country_id`) REFERENCES `countries` (`id`) ON DELETE CASCADE ON UPDATE CASCADE,
  CONSTRAINT `customer_branches_customer_id_foreign` FOREIGN KEY (`customer_id`) REFERENCES `customers` (`id`) ON DELETE CASCADE ON UPDATE CASCADE,
  CONSTRAINT `customer_branches_shipping_country_id_foreign` FOREIGN KEY (`shipping_country_id`) REFERENCES `countries` (`id`) ON DELETE CASCADE ON UPDATE CASCADE
) ENGINE=InnoDB AUTO_INCREMENT=7 DEFAULT CHARSET=utf8mb4 COLLATE=utf8mb4_unicode_ci;
CREATE TABLE `customer_transactions` (
  `id` bigint(20) unsigned NOT NULL AUTO_INCREMENT,
  `user_id` int(10) unsigned DEFAULT NULL,
  `account_id` int(10) unsigned DEFAULT NULL,
  `payment_method_id` int(10) unsigned DEFAULT NULL,
  `customer_id` int(10) unsigned NOT NULL,
  `sale_order_id` bigint(20) unsigned NOT NULL,
  `transaction_reference_id` int(10) unsigned NOT NULL,
  `currency_id` int(10) unsigned NOT NULL,
  `transaction_date` date NOT NULL,
  `amount` decimal(16,8) NOT NULL,
  `exchange_rate` decimal(16,8) NOT NULL,
  `status` varchar(16) COLLATE utf8mb4_unicode_ci NOT NULL DEFAULT 'Approved' COMMENT '''Pending'', ''Approved'', ''Declined''',
  `created_at` timestamp NULL DEFAULT current_timestamp(),
  PRIMARY KEY (`id`),
  KEY `customer_transactions_user_id_foreign_idx` (`user_id`),
  KEY `customer_transactions_account_id_foreign_idx` (`account_id`),
  KEY `customer_transactions_payment_method_id_foreign_idx` (`payment_method_id`),
  KEY `customer_transactions_customer_id_foreign_idx` (`customer_id`),
  KEY `customer_transactions_invoice_id_foreign_idx` (`sale_order_id`),
  KEY `customer_transactions_transaction_reference_id_foreign_idx` (`transaction_reference_id`),
  KEY `customer_transactions_currency_id_foreign_idx` (`currency_id`),
  KEY `customer_transactions_transaction_date_index` (`transaction_date`),
  KEY `customer_transactions_amount_index` (`amount`),
  KEY `customer_transactions_status_index` (`status`),
  CONSTRAINT `customer_transactions_currency_id_foreign` FOREIGN KEY (`currency_id`) REFERENCES `currencies` (`id`) ON DELETE CASCADE ON UPDATE CASCADE,
  CONSTRAINT `customer_transactions_customer_id_foreign` FOREIGN KEY (`customer_id`) REFERENCES `customers` (`id`) ON DELETE CASCADE ON UPDATE CASCADE,
  CONSTRAINT `customer_transactions_payment_method_id_foreign` FOREIGN KEY (`payment_method_id`) REFERENCES `payment_methods` (`id`) ON DELETE CASCADE ON UPDATE CASCADE,
  CONSTRAINT `customer_transactions_sale_order_id_foreign` FOREIGN KEY (`sale_order_id`) REFERENCES `sale_orders` (`id`) ON DELETE CASCADE ON UPDATE CASCADE,
  CONSTRAINT `customer_transactions_transaction_reference_id_foreign` FOREIGN KEY (`transaction_reference_id`) REFERENCES `transaction_references` (`id`) ON DELETE CASCADE ON UPDATE CASCADE,
  CONSTRAINT `customer_transactions_user_id_foreign` FOREIGN KEY (`user_id`) REFERENCES `users` (`id`) ON DELETE CASCADE ON UPDATE CASCADE
) ENGINE=InnoDB AUTO_INCREMENT=75 DEFAULT CHARSET=utf8mb4 COLLATE=utf8mb4_unicode_ci;
CREATE TABLE `customers` (
  `id` int(10) unsigned NOT NULL AUTO_INCREMENT,
  `name` varchar(191) COLLATE utf8mb4_unicode_ci NOT NULL,
  `first_name` varchar(100) COLLATE utf8mb4_unicode_ci DEFAULT NULL,
  `last_name` varchar(100) COLLATE utf8mb4_unicode_ci DEFAULT NULL,
  `email` varchar(191) COLLATE utf8mb4_unicode_ci DEFAULT NULL,
  `password` varchar(191) COLLATE utf8mb4_unicode_ci NOT NULL,
  `phone` varchar(20) COLLATE utf8mb4_unicode_ci DEFAULT NULL,
  `tax_id` varchar(50) COLLATE utf8mb4_unicode_ci DEFAULT NULL,
  `currency_id` int(10) unsigned NOT NULL COMMENT 'currency_id refers to currencies tbale id.',
  `customer_type` varchar(16) COLLATE utf8mb4_unicode_ci DEFAULT NULL,
  `timezone` varchar(191) COLLATE utf8mb4_unicode_ci DEFAULT NULL,
  `remember_token` varchar(191) COLLATE utf8mb4_unicode_ci NOT NULL,
  `is_active` tinyint(1) NOT NULL DEFAULT 1 COMMENT '1 for active;\\n0 for inactive.',
  `is_verified` tinyint(1) NOT NULL DEFAULT 0 COMMENT '1 for vairified;0 for not varified.',
  `created_at` timestamp NULL DEFAULT current_timestamp(),
  `updated_at` timestamp NULL DEFAULT NULL,
  PRIMARY KEY (`id`),
  KEY `customers_name_index` (`name`),
  KEY `customers_first_name_index` (`first_name`),
  KEY `customers_last_name_index` (`last_name`),
  KEY `customers_email_index` (`email`),
  KEY `customers_phone_index` (`phone`),
  KEY `customers_currency_id_foreign_idx` (`currency_id`),
  KEY `customers_is_inactive_index` (`is_active`),
  KEY `customers_is_not_verified_index` (`is_verified`),
  CONSTRAINT `customers_currency_id_foreign` FOREIGN KEY (`currency_id`) REFERENCES `currencies` (`id`) ON DELETE CASCADE ON UPDATE CASCADE
) ENGINE=InnoDB AUTO_INCREMENT=7 DEFAULT CHARSET=utf8mb4 COLLATE=utf8mb4_unicode_ci;
CREATE TABLE `departments` (
  `id` int(10) unsigned NOT NULL AUTO_INCREMENT,
  `name` varchar(191) COLLATE utf8mb4_unicode_ci NOT NULL,
  PRIMARY KEY (`id`),
  KEY `departments_name_index` (`name`)
) ENGINE=InnoDB AUTO_INCREMENT=4 DEFAULT CHARSET=utf8mb4 COLLATE=utf8mb4_unicode_ci;
CREATE TABLE `deposits` (
  `id` int(10) unsigned NOT NULL AUTO_INCREMENT,
  `account_id` int(10) unsigned NOT NULL,
  `user_id` int(10) unsigned DEFAULT NULL,
  `income_expense_category_id` int(10) unsigned NOT NULL,
  `transaction_reference_id` int(10) unsigned NOT NULL,
  `payment_method_id` int(10) unsigned NOT NULL,
  `transaction_date` date NOT NULL,
  `description` text COLLATE utf8mb4_unicode_ci DEFAULT NULL,
  `amount` decimal(16,8) NOT NULL,
  PRIMARY KEY (`id`),
  KEY `deposits_account_id_foreign_idx` (`account_id`),
  KEY `deposits_user_id_foreign_idx` (`user_id`),
  KEY `deposits_income_expense_category_id_foreign_idx` (`income_expense_category_id`),
  KEY `deposits_transaction_reference_id_foreign_idx` (`transaction_reference_id`),
  KEY `deposits_payment_method_id_foreign_idx` (`payment_method_id`),
  KEY `deposits_transaction_date_index` (`transaction_date`),
  KEY `deposits_amount_index` (`amount`),
  CONSTRAINT `deposits_account_id_foreign` FOREIGN KEY (`account_id`) REFERENCES `accounts` (`id`) ON DELETE CASCADE ON UPDATE CASCADE,
  CONSTRAINT `deposits_income_expense_category_id_foreign` FOREIGN KEY (`income_expense_category_id`) REFERENCES `income_expense_categories` (`id`) ON DELETE CASCADE ON UPDATE CASCADE,
  CONSTRAINT `deposits_payment_method_id_foreign` FOREIGN KEY (`payment_method_id`) REFERENCES `payment_methods` (`id`) ON DELETE CASCADE ON UPDATE CASCADE,
  CONSTRAINT `deposits_transaction_reference_id_foreign` FOREIGN KEY (`transaction_reference_id`) REFERENCES `transaction_references` (`id`) ON DELETE CASCADE ON UPDATE CASCADE,
  CONSTRAINT `deposits_user_id_foreign` FOREIGN KEY (`user_id`) REFERENCES `users` (`id`) ON DELETE CASCADE ON UPDATE CASCADE
) ENGINE=InnoDB AUTO_INCREMENT=53 DEFAULT CHARSET=utf8mb4 COLLATE=utf8mb4_unicode_ci;
CREATE TABLE `email_configurations` (
  `id` int(10) unsigned NOT NULL AUTO_INCREMENT,
  `protocol` varchar(191) COLLATE utf8mb4_unicode_ci NOT NULL,
  `encryption` varchar(191) COLLATE utf8mb4_unicode_ci NOT NULL,
  `smtp_host` varchar(191) COLLATE utf8mb4_unicode_ci NOT NULL,
  `smtp_port` varchar(191) COLLATE utf8mb4_unicode_ci NOT NULL,
  `smtp_email` varchar(191) COLLATE utf8mb4_unicode_ci NOT NULL,
  `smtp_username` varchar(191) COLLATE utf8mb4_unicode_ci NOT NULL,
  `smtp_password` varchar(191) COLLATE utf8mb4_unicode_ci NOT NULL,
  `from_address` varchar(191) COLLATE utf8mb4_unicode_ci NOT NULL,
  `from_name` varchar(191) COLLATE utf8mb4_unicode_ci NOT NULL,
  `status` tinyint(1) NOT NULL DEFAULT 0 COMMENT '1= varified, 0= unverified',
  PRIMARY KEY (`id`)
) ENGINE=InnoDB AUTO_INCREMENT=2 DEFAULT CHARSET=utf8mb4 COLLATE=utf8mb4_unicode_ci;
CREATE TABLE `email_templates` (
  `id` int(10) unsigned NOT NULL AUTO_INCREMENT,
  `template_id` int(11) NOT NULL,
  `subject` varchar(191) COLLATE utf8mb4_unicode_ci NOT NULL,
  `body` text COLLATE utf8mb4_unicode_ci NOT NULL,
  `language_short_name` varchar(10) COLLATE utf8mb4_unicode_ci NOT NULL,
  `template_type` varchar(8) COLLATE utf8mb4_unicode_ci NOT NULL COMMENT '''email'', ''sms''',
  `language_id` int(10) unsigned NOT NULL,
  PRIMARY KEY (`id`),
  KEY `email_templates_language_short_name_index` (`language_short_name`),
  KEY `email_templates_language_id_foreign_idx` (`language_id`),
  CONSTRAINT `email_templates_language_id_foreign` FOREIGN KEY (`language_id`) REFERENCES `languages` (`id`) ON DELETE CASCADE ON UPDATE CASCADE
) ENGINE=InnoDB AUTO_INCREMENT=32 DEFAULT CHARSET=utf8mb4 COLLATE=utf8mb4_unicode_ci;
CREATE TABLE `exchange_rates` (
  `id` int(10) unsigned NOT NULL AUTO_INCREMENT,
  `currency_id` int(10) unsigned NOT NULL,
  `rate` decimal(16,8) NOT NULL,
  `date` date NOT NULL,
  PRIMARY KEY (`id`),
  KEY `exchange_rates_currency_id_foreign_idx` (`currency_id`),
  KEY `exchange_rates_date_index` (`date`),
  CONSTRAINT `exchange_rates_currency_id_foreign` FOREIGN KEY (`currency_id`) REFERENCES `currencies` (`id`) ON DELETE CASCADE ON UPDATE CASCADE
) ENGINE=InnoDB DEFAULT CHARSET=utf8mb4 COLLATE=utf8mb4_unicode_ci;
CREATE TABLE `expenses` (
  `id` int(10) unsigned NOT NULL AUTO_INCREMENT,
  `transaction_id` bigint(20) unsigned DEFAULT NULL COMMENT 'transaction_id refers transactions tables'' id;',
  `user_id` int(10) unsigned DEFAULT NULL COMMENT 'user_id refers users tables'' id;',
  `transaction_reference_id` int(10) unsigned NOT NULL COMMENT 'transaction_reference_id refers transaction_references tables''  id;',
  `income_expense_category_id` int(10) unsigned NOT NULL COMMENT 'income_expense_category_id refers income_expense_categories tables'' id;',
  `currency_id` int(10) unsigned NOT NULL COMMENT 'currency_id refers currencies tables'' id;',
  `payment_method_id` int(10) unsigned DEFAULT NULL COMMENT 'payment_method_id refers payment_methods tables'' id;',
  `amount` decimal(16,8) NOT NULL,
  `note` varchar(200) COLLATE utf8mb4_unicode_ci DEFAULT NULL,
  `transaction_date` date NOT NULL,
  `created_at` timestamp NOT NULL DEFAULT current_timestamp(),
  PRIMARY KEY (`id`),
  KEY `expenses_transaction_id_foreign_idx` (`transaction_id`),
  KEY `expenses_user_id_foreign_idx` (`user_id`),
  KEY `expenses_transaction_reference_id_foreign_idx` (`transaction_reference_id`),
  KEY `expenses_income_expense_category_id_foreign_idx` (`income_expense_category_id`),
  KEY `expenses_currency_id_foreign_idx` (`currency_id`),
  KEY `expenses_payment_method_id_foreign_idx` (`payment_method_id`),
  KEY `expenses_amount_index` (`amount`),
  KEY `expenses_transaction_date_index` (`transaction_date`),
  CONSTRAINT `expenses_currency_id_foreign` FOREIGN KEY (`currency_id`) REFERENCES `currencies` (`id`) ON DELETE CASCADE ON UPDATE CASCADE,
  CONSTRAINT `expenses_income_expense_category_id_foreign` FOREIGN KEY (`income_expense_category_id`) REFERENCES `income_expense_categories` (`id`) ON DELETE CASCADE ON UPDATE CASCADE,
  CONSTRAINT `expenses_payment_method_id_foreign` FOREIGN KEY (`payment_method_id`) REFERENCES `payment_methods` (`id`) ON DELETE CASCADE ON UPDATE CASCADE,
  CONSTRAINT `expenses_transaction_id_foreign` FOREIGN KEY (`transaction_id`) REFERENCES `transactions` (`id`) ON DELETE CASCADE ON UPDATE CASCADE,
  CONSTRAINT `expenses_transaction_reference_id_foreign` FOREIGN KEY (`transaction_reference_id`) REFERENCES `transaction_references` (`id`) ON DELETE CASCADE ON UPDATE CASCADE,
  CONSTRAINT `expenses_user_id_foreign` FOREIGN KEY (`user_id`) REFERENCES `users` (`id`) ON DELETE CASCADE ON UPDATE CASCADE
) ENGINE=InnoDB AUTO_INCREMENT=6 DEFAULT CHARSET=utf8mb4 COLLATE=utf8mb4_unicode_ci;
CREATE TABLE `files` (
  `id` int(10) unsigned NOT NULL AUTO_INCREMENT,
  `object_type` varchar(32) COLLATE utf8mb4_unicode_ci DEFAULT NULL COMMENT 'The type of file.\r\ne.g.: task, ticket, customer, user etc. ',
  `object_id` int(11) DEFAULT NULL COMMENT 'object id refers\r\ne.g: user_id, customer_id, ticket_id etc.',
  `uploaded_by` int(11) DEFAULT NULL,
  `file_name` varchar(255) COLLATE utf8mb4_unicode_ci DEFAULT NULL,
  `original_file_name` varchar(191) COLLATE utf8mb4_unicode_ci DEFAULT NULL,
  `created_at` timestamp NOT NULL DEFAULT current_timestamp(),
  PRIMARY KEY (`id`),
  KEY `files_object_type_index` (`object_type`),
  KEY `files_object_id_index` (`object_id`)
) ENGINE=InnoDB AUTO_INCREMENT=70 DEFAULT CHARSET=utf8mb4 COLLATE=utf8mb4_unicode_ci;
CREATE TABLE `general_ledger_transactions` (
  `id` int(10) unsigned NOT NULL AUTO_INCREMENT,
  `reference_id` int(10) unsigned NOT NULL,
  `reference_type` int(10) unsigned NOT NULL,
  `user_id` int(10) unsigned DEFAULT NULL,
  `gl_account_id` int(10) unsigned NOT NULL,
  `currency_id` int(10) unsigned NOT NULL,
  `exchange_rate` decimal(16,8) NOT NULL,
  `amount` decimal(16,8) NOT NULL,
  `comment` varchar(200) COLLATE utf8mb4_unicode_ci DEFAULT NULL,
  `is_reversed` tinyint(1) NOT NULL DEFAULT 0 COMMENT '1 for yes, 0 for no',
  `transaction_date` date NOT NULL,
  `created_at` timestamp NOT NULL DEFAULT current_timestamp(),
  PRIMARY KEY (`id`)
) ENGINE=InnoDB DEFAULT CHARSET=utf8mb4 COLLATE=utf8mb4_unicode_ci;
CREATE TABLE `groups` (
  `id` int(10) unsigned NOT NULL AUTO_INCREMENT,
  `name` varchar(50) COLLATE utf8mb4_unicode_ci NOT NULL,
  `description` text COLLATE utf8mb4_unicode_ci DEFAULT NULL,
  `status` varchar(16) COLLATE utf8mb4_unicode_ci NOT NULL,
  `created_at` timestamp NULL DEFAULT current_timestamp(),
  `updated_at` timestamp NULL DEFAULT NULL ON UPDATE current_timestamp(),
  PRIMARY KEY (`id`),
  KEY `groups_name_index` (`name`),
  KEY `groups_status_index` (`status`)
) ENGINE=InnoDB DEFAULT CHARSET=utf8mb4 COLLATE=utf8mb4_unicode_ci;
CREATE TABLE `income_expense_categories` (
  `id` int(10) unsigned NOT NULL AUTO_INCREMENT,
  `name` varchar(100) COLLATE utf8mb4_unicode_ci NOT NULL,
  `category_type` varchar(15) COLLATE utf8mb4_unicode_ci NOT NULL,
  PRIMARY KEY (`id`),
  KEY `income_expense_categories_name_index` (`name`),
  KEY `income_expense_categories_category_type_index` (`category_type`)
) ENGINE=InnoDB AUTO_INCREMENT=9 DEFAULT CHARSET=utf8mb4 COLLATE=utf8mb4_unicode_ci;
CREATE TABLE `ip_addresses` (
  `id` int(10) unsigned NOT NULL AUTO_INCREMENT,
  `type` varchar(15) COLLATE utf8mb4_unicode_ci NOT NULL COMMENT 'Type can be Debug, Whitelisted, Banned',
  `value` varchar(15) COLLATE utf8mb4_unicode_ci NOT NULL,
  `description` text COLLATE utf8mb4_unicode_ci NOT NULL,
  `is_active` tinyint(1) NOT NULL DEFAULT 1 COMMENT '	1 for active; 0 for inactive.',
  PRIMARY KEY (`id`)
) ENGINE=InnoDB DEFAULT CHARSET=utf8mb4 COLLATE=utf8mb4_unicode_ci;
CREATE TABLE `item_custom_variants` (
  `id` int(11) NOT NULL AUTO_INCREMENT,
  `item_id` bigint(20) unsigned NOT NULL COMMENT 'item_id refers the items table id column',
  `variant_title` varchar(240) COLLATE utf8mb4_unicode_ci NOT NULL,
  `variant_value` varchar(240) COLLATE utf8mb4_unicode_ci DEFAULT NULL,
  PRIMARY KEY (`id`),
  KEY `item_custom_variants_item_id_foreign_idx` (`item_id`),
  KEY `item_custom_variants_variant_title_index` (`variant_title`),
  CONSTRAINT `item_custom_variants_item_id_foreign` FOREIGN KEY (`item_id`) REFERENCES `items` (`id`) ON DELETE CASCADE ON UPDATE CASCADE
) ENGINE=InnoDB AUTO_INCREMENT=3 DEFAULT CHARSET=utf8mb4 COLLATE=utf8mb4_unicode_ci;
CREATE TABLE `item_units` (
  `id` int(10) unsigned NOT NULL AUTO_INCREMENT,
  `abbreviation` varchar(20) COLLATE utf8mb4_unicode_ci NOT NULL,
  `name` varchar(32) COLLATE utf8mb4_unicode_ci NOT NULL,
  `created_at` timestamp NULL DEFAULT NULL,
  `updated_at` timestamp NULL DEFAULT NULL,
  PRIMARY KEY (`id`),
  KEY `item_units_abbreviation_index` (`abbreviation`),
  KEY `item_units_name_index` (`name`)
) ENGINE=InnoDB AUTO_INCREMENT=5 DEFAULT CHARSET=utf8mb4 COLLATE=utf8mb4_unicode_ci;
CREATE TABLE `items` (
  `id` bigint(20) unsigned NOT NULL AUTO_INCREMENT,
  `stock_id` varchar(30) COLLATE utf8mb4_unicode_ci NOT NULL COMMENT 'every product/service has unique individual stock_id',
  `stock_category_id` int(10) unsigned NOT NULL,
  `item_type` varchar(30) COLLATE utf8mb4_unicode_ci NOT NULL COMMENT '''product'', ''service''',
  `parent_id` int(10) unsigned NOT NULL COMMENT 'If the product/service  is under a product/service as sub-product/service then it will refer an id of this table, if the product/service is main product/service then the parent id will 0.',
  `name` varchar(199) COLLATE utf8mb4_unicode_ci NOT NULL,
  `item_unit_id` int(10) unsigned DEFAULT NULL,
  `tax_type_id` int(10) unsigned DEFAULT NULL,
  `available_variant` varchar(100) COLLATE utf8mb4_unicode_ci DEFAULT NULL,
  `size` varchar(100) COLLATE utf8mb4_unicode_ci DEFAULT NULL,
  `color` varchar(100) COLLATE utf8mb4_unicode_ci DEFAULT NULL,
  `weight` decimal(16,8) DEFAULT NULL,
  `weight_unit_id` int(10) unsigned DEFAULT NULL,
  `is_stock_managed` tinyint(1) NOT NULL COMMENT 'it means the product/service stock management 1 for on0 for off',
  `description` text COLLATE utf8mb4_unicode_ci DEFAULT NULL,
  `hsn` varchar(50) COLLATE utf8mb4_unicode_ci DEFAULT NULL,
  `is_active` tinyint(1) NOT NULL DEFAULT 1 COMMENT '0 for inactive \\n1 for active',
  `alert_quantity` int(11) DEFAULT NULL,
  `created_at` timestamp NULL DEFAULT NULL,
  `updated_at` timestamp NULL DEFAULT NULL,
  PRIMARY KEY (`id`),
  UNIQUE KEY `items_stock_id_unique` (`stock_id`),
  KEY `items_stock_category_id_foreign_idx` (`stock_category_id`),
  KEY `items_item_type_index` (`item_type`),
  KEY `items_name_index` (`name`),
  KEY `items_item_unit_id_foreign_idx` (`item_unit_id`),
  KEY `items_tax_type_id_foreign_idx` (`tax_type_id`),
  KEY `items_weight_unit_id_foreign_idx` (`weight_unit_id`),
  KEY `items_manage_stock_level_index` (`is_stock_managed`),
  KEY `items_is_active_index` (`is_active`),
  CONSTRAINT `items_item_unit_id_foreign` FOREIGN KEY (`item_unit_id`) REFERENCES `item_units` (`id`) ON DELETE CASCADE ON UPDATE CASCADE,
  CONSTRAINT `items_stock_category_id_foreign` FOREIGN KEY (`stock_category_id`) REFERENCES `stock_categories` (`id`) ON DELETE CASCADE ON UPDATE CASCADE,
  CONSTRAINT `items_tax_type_id_foreign` FOREIGN KEY (`tax_type_id`) REFERENCES `tax_types` (`id`) ON DELETE CASCADE ON UPDATE CASCADE,
  CONSTRAINT `items_weight_unit_id_foreign` FOREIGN KEY (`weight_unit_id`) REFERENCES `item_units` (`id`) ON DELETE CASCADE ON UPDATE CASCADE
) ENGINE=InnoDB AUTO_INCREMENT=27 DEFAULT CHARSET=utf8mb4 COLLATE=utf8mb4_unicode_ci;
CREATE TABLE `jobs` (
  `id` int(10) unsigned NOT NULL AUTO_INCREMENT,
  `queue` varchar(191) COLLATE utf8mb4_unicode_ci NOT NULL,
  `payload` text COLLATE utf8mb4_unicode_ci NOT NULL,
  `attempts` tinyint(1) NOT NULL,
  `reserved_at` int(10) unsigned DEFAULT NULL,
  `available_at` int(10) unsigned NOT NULL,
  `created_at` int(10) unsigned NOT NULL,
  PRIMARY KEY (`id`),
  KEY `jobs_queue_index` (`queue`)
) ENGINE=InnoDB DEFAULT CHARSET=utf8mb4 COLLATE=utf8mb4_unicode_ci;
CREATE TABLE `knowledge_bases` (
  `id` int(10) unsigned NOT NULL AUTO_INCREMENT,
  `group_id` int(10) unsigned NOT NULL,
  `subject` varchar(290) COLLATE utf8mb4_unicode_ci NOT NULL,
  `slug` varchar(290) COLLATE utf8mb4_unicode_ci NOT NULL,
  `description` text COLLATE utf8mb4_unicode_ci DEFAULT NULL,
  `status` varchar(16) COLLATE utf8mb4_unicode_ci NOT NULL,
  `comments` varchar(8) COLLATE utf8mb4_unicode_ci NOT NULL,
  `publish_date` date DEFAULT NULL,
  `created_at` timestamp NULL DEFAULT current_timestamp(),
  `updated_at` timestamp NULL DEFAULT NULL ON UPDATE current_timestamp(),
  PRIMARY KEY (`id`),
  UNIQUE KEY `knowledge_bases_slug_unique` (`slug`),
  KEY `knowledge_bases_group_id_foreign_idx` (`group_id`),
  KEY `knowledge_bases_subject_index` (`subject`),
  KEY `knowledge_bases_status_index` (`status`),
  KEY `knowledge_bases_comments_index` (`comments`),
  KEY `knowledge_bases_publish_date_index` (`publish_date`),
  CONSTRAINT `knowledge_bases_group_id_foreign` FOREIGN KEY (`group_id`) REFERENCES `groups` (`id`) ON DELETE CASCADE ON UPDATE CASCADE
) ENGINE=InnoDB DEFAULT CHARSET=utf8mb4 COLLATE=utf8mb4_unicode_ci;
CREATE TABLE `languages` (
  `id` int(10) unsigned NOT NULL AUTO_INCREMENT,
  `name` varchar(50) COLLATE utf8mb4_unicode_ci NOT NULL,
  `short_name` varchar(5) COLLATE utf8mb4_unicode_ci NOT NULL,
  `flag` varchar(100) COLLATE utf8mb4_unicode_ci DEFAULT NULL,
  `status` varchar(16) COLLATE utf8mb4_unicode_ci NOT NULL DEFAULT 'Active' COMMENT '''Active'', ''Inactive',
  `is_default` tinyint(1) NOT NULL,
  `direction` varchar(8) COLLATE utf8mb4_unicode_ci NOT NULL DEFAULT 'ltr' COMMENT '(''ltr'', ''rtl'') ltr = left-to-right directionrtl = right-to-left direction',
  PRIMARY KEY (`id`),
  KEY `languages_name_index` (`name`),
  KEY `languages_short_name_index` (`short_name`),
  KEY `languages_status_index` (`status`),
  KEY `languages_is_default_index` (`is_default`)
) ENGINE=InnoDB AUTO_INCREMENT=9 DEFAULT CHARSET=utf8mb4 COLLATE=utf8mb4_unicode_ci;
CREATE TABLE `lead_sources` (
  `id` int(11) NOT NULL AUTO_INCREMENT,
  `name` varchar(64) COLLATE utf8mb4_unicode_ci NOT NULL,
  `status` varchar(16) COLLATE utf8mb4_unicode_ci NOT NULL DEFAULT 'active' COMMENT '(''active'',''inactive'')',
  PRIMARY KEY (`id`),
  UNIQUE KEY `lead_sources_name_unique` (`name`),
  KEY `lead_sources_status_index` (`status`)
) ENGINE=InnoDB AUTO_INCREMENT=4 DEFAULT CHARSET=utf8mb4 COLLATE=utf8mb4_unicode_ci;
CREATE TABLE `lead_statuses` (
  `id` int(11) NOT NULL AUTO_INCREMENT,
  `name` varchar(50) COLLATE utf8mb4_unicode_ci NOT NULL,
  `color` varchar(16) COLLATE utf8mb4_unicode_ci DEFAULT NULL,
  `status` varchar(16) COLLATE utf8mb4_unicode_ci NOT NULL COMMENT '(''active'',''inactive'')',
  PRIMARY KEY (`id`),
  UNIQUE KEY `lead_status_name_unique` (`name`),
  KEY `lead_status_status_index` (`status`)
) ENGINE=InnoDB AUTO_INCREMENT=3 DEFAULT CHARSET=utf8mb4 COLLATE=utf8mb4_unicode_ci;
CREATE TABLE `leads` (
  `id` int(11) NOT NULL AUTO_INCREMENT,
  `first_name` varchar(50) COLLATE utf8mb4_unicode_ci NOT NULL,
  `last_name` varchar(50) COLLATE utf8mb4_unicode_ci NOT NULL,
  `email` varchar(50) COLLATE utf8mb4_unicode_ci DEFAULT NULL,
  `street` varchar(50) COLLATE utf8mb4_unicode_ci DEFAULT NULL,
  `city` varchar(50) COLLATE utf8mb4_unicode_ci DEFAULT NULL,
  `state` varchar(50) COLLATE utf8mb4_unicode_ci DEFAULT NULL,
  `zip_code` varchar(50) COLLATE utf8mb4_unicode_ci DEFAULT NULL,
  `country_id` int(10) unsigned DEFAULT NULL,
  `phone` varchar(30) COLLATE utf8mb4_unicode_ci DEFAULT NULL,
  `website` varchar(50) COLLATE utf8mb4_unicode_ci DEFAULT NULL,
  `company` varchar(50) COLLATE utf8mb4_unicode_ci DEFAULT NULL,
  `description` text COLLATE utf8mb4_unicode_ci DEFAULT NULL,
  `lead_status_id` int(11) NOT NULL,
  `lead_source_id` int(11) NOT NULL,
  `assignee_id` int(10) unsigned DEFAULT NULL,
  `user_id` int(10) unsigned DEFAULT NULL,
  `last_contact` datetime DEFAULT NULL,
  `last_status_change` datetime DEFAULT NULL,
  `last_lead_status` int(11) DEFAULT NULL,
  `date_converted` date DEFAULT NULL,
  `date_assigned` date DEFAULT NULL,
  `is_lost` tinyint(1) NOT NULL DEFAULT 0,
  `is_public` tinyint(1) NOT NULL DEFAULT 0,
  `created_at` timestamp NOT NULL DEFAULT current_timestamp(),
  PRIMARY KEY (`id`),
  KEY `leads_first_name_index` (`first_name`),
  KEY `leads_last_name_index` (`last_name`),
  KEY `leads_email_index` (`email`),
  KEY `leads_state_index` (`state`),
  KEY `leads_country_id_foreign_idx` (`country_id`),
  KEY `leads_phone_index` (`phone`),
  KEY `leads_lead_status_id_foreign_idx` (`lead_status_id`),
  KEY `leads_lead_source_id_foreign_idx` (`lead_source_id`),
  KEY `leads_assignee_id_foreign_idx` (`assignee_id`),
  KEY `leads_user_id_foreign_idx` (`user_id`),
  KEY `leads_last_contact_index` (`last_contact`),
  KEY `leads_is_lost_index` (`is_lost`),
  KEY `leads_is_public_index` (`is_public`),
  CONSTRAINT `leads_assignee_id_foreign` FOREIGN KEY (`assignee_id`) REFERENCES `users` (`id`) ON DELETE CASCADE ON UPDATE CASCADE,
  CONSTRAINT `leads_country_id_foreign` FOREIGN KEY (`country_id`) REFERENCES `countries` (`id`) ON DELETE CASCADE ON UPDATE CASCADE,
  CONSTRAINT `leads_lead_source_id_foreign` FOREIGN KEY (`lead_source_id`) REFERENCES `lead_sources` (`id`) ON DELETE CASCADE ON UPDATE CASCADE,
  CONSTRAINT `leads_lead_status_id_foreign` FOREIGN KEY (`lead_status_id`) REFERENCES `lead_statuses` (`id`) ON DELETE CASCADE ON UPDATE CASCADE,
  CONSTRAINT `leads_user_id_foreign` FOREIGN KEY (`user_id`) REFERENCES `users` (`id`) ON DELETE CASCADE ON UPDATE CASCADE
) ENGINE=InnoDB AUTO_INCREMENT=3 DEFAULT CHARSET=utf8mb4 COLLATE=utf8mb4_unicode_ci;
CREATE TABLE `locations` (
  `id` int(10) unsigned NOT NULL AUTO_INCREMENT,
  `code` varchar(10) COLLATE utf8mb4_unicode_ci NOT NULL,
  `name` varchar(60) COLLATE utf8mb4_unicode_ci NOT NULL,
  `delivery_address` varchar(60) COLLATE utf8mb4_unicode_ci NOT NULL,
  `email` varchar(60) COLLATE utf8mb4_unicode_ci DEFAULT NULL,
  `phone` varchar(60) COLLATE utf8mb4_unicode_ci DEFAULT NULL,
  `fax` varchar(60) COLLATE utf8mb4_unicode_ci DEFAULT NULL,
  `contact` varchar(60) COLLATE utf8mb4_unicode_ci DEFAULT NULL,
  `is_active` tinyint(1) NOT NULL DEFAULT 1 COMMENT '1 = ''Active''\\n 0 = ''Inactive''',
  `is_default` tinyint(1) NOT NULL DEFAULT 0 COMMENT '1 = ''Yes''\\n 0 = ''No''',
  `created_at` timestamp NULL DEFAULT NULL,
  `updated_at` timestamp NULL DEFAULT NULL,
  PRIMARY KEY (`id`),
  UNIQUE KEY `locations_code_unique` (`code`),
  KEY `locations_name_index` (`name`),
  KEY `locations_email_index` (`email`),
  KEY `locations_phone_index` (`phone`),
  KEY `locations_is_active_index` (`is_active`)
) ENGINE=InnoDB AUTO_INCREMENT=4 DEFAULT CHARSET=utf8mb4 COLLATE=utf8mb4_unicode_ci;
CREATE TABLE `migrations` (
  `id` int(10) unsigned NOT NULL AUTO_INCREMENT,
  `migration` varchar(191) COLLATE utf8mb4_unicode_ci NOT NULL,
  `batch` int(11) NOT NULL,
  PRIMARY KEY (`id`)
) ENGINE=InnoDB AUTO_INCREMENT=150 DEFAULT CHARSET=utf8mb4 COLLATE=utf8mb4_unicode_ci;
CREATE TABLE `milestones` (
  `id` int(10) unsigned NOT NULL AUTO_INCREMENT,
  `project_id` int(10) unsigned NOT NULL,
  `name` varchar(191) COLLATE utf8mb4_unicode_ci NOT NULL,
  `description` text COLLATE utf8mb4_unicode_ci DEFAULT NULL,
  `is_visible_to_customer` tinyint(1) DEFAULT 0 COMMENT '1=yes, 0=no',
  `due_date` date DEFAULT NULL,
  `order` int(11) DEFAULT NULL,
  `color` varchar(45) COLLATE utf8mb4_unicode_ci DEFAULT NULL,
  `created_at` timestamp NOT NULL DEFAULT current_timestamp(),
  PRIMARY KEY (`id`),
  KEY `milestones_project_id_foreign_idx` (`project_id`),
  KEY `milestones_name_index` (`name`),
  KEY `milestones_due_date_index` (`due_date`),
  CONSTRAINT `milestones_project_id_foreign` FOREIGN KEY (`project_id`) REFERENCES `projects` (`id`) ON DELETE NO ACTION ON UPDATE CASCADE
) ENGINE=InnoDB DEFAULT CHARSET=utf8mb4 COLLATE=utf8mb4_unicode_ci;
CREATE TABLE `months` (
  `id` int(10) unsigned NOT NULL AUTO_INCREMENT,
  `name` varchar(15) COLLATE utf8mb4_unicode_ci NOT NULL,
  PRIMARY KEY (`id`),
  KEY `months_name_index` (`name`)
) ENGINE=InnoDB AUTO_INCREMENT=13 DEFAULT CHARSET=utf8mb4 COLLATE=utf8mb4_unicode_ci;
CREATE TABLE `notes` (
  `id` int(10) unsigned NOT NULL AUTO_INCREMENT,
  `user_id` int(10) unsigned DEFAULT NULL,
  `related_to_id` int(10) unsigned DEFAULT NULL,
  `related_to_type` varchar(45) COLLATE utf8mb4_unicode_ci DEFAULT NULL,
  `subject` varchar(191) COLLATE utf8mb4_unicode_ci NOT NULL,
  `content` text COLLATE utf8mb4_unicode_ci DEFAULT NULL,
  `created_at` timestamp NOT NULL DEFAULT current_timestamp(),
  PRIMARY KEY (`id`),
  KEY `notes_user_id_foreign_idx` (`user_id`),
  KEY `notes_subject_index` (`subject`),
  CONSTRAINT `notes_user_id_foreign` FOREIGN KEY (`user_id`) REFERENCES `users` (`id`) ON DELETE CASCADE ON UPDATE CASCADE
) ENGINE=InnoDB DEFAULT CHARSET=utf8mb4 COLLATE=utf8mb4_unicode_ci;
CREATE TABLE `password_resets` (
  `id` int(11) NOT NULL AUTO_INCREMENT,
  `email` varchar(191) COLLATE utf8mb4_unicode_ci NOT NULL,
  `token` varchar(191) COLLATE utf8mb4_unicode_ci NOT NULL,
  `created_at` timestamp NOT NULL DEFAULT current_timestamp(),
  PRIMARY KEY (`id`),
  KEY `password_resets_email_index` (`email`),
  KEY `password_resets_token_index` (`token`)
) ENGINE=InnoDB DEFAULT CHARSET=utf8mb4 COLLATE=utf8mb4_unicode_ci;
CREATE TABLE `payment_gateways` (
  `id` int(10) unsigned NOT NULL AUTO_INCREMENT,
  `name` varchar(50) COLLATE utf8mb4_unicode_ci NOT NULL,
  `value` varchar(191) COLLATE utf8mb4_unicode_ci NOT NULL,
  `site` varchar(50) COLLATE utf8mb4_unicode_ci NOT NULL,
  PRIMARY KEY (`id`),
  KEY `payment_gateways_name_index` (`name`)
) ENGINE=InnoDB AUTO_INCREMENT=12 DEFAULT CHARSET=utf8mb4 COLLATE=utf8mb4_unicode_ci;
CREATE TABLE `payment_methods` (
  `id` int(10) unsigned NOT NULL AUTO_INCREMENT,
  `name` varchar(150) COLLATE utf8mb4_unicode_ci NOT NULL,
  `mode` varchar(45) COLLATE utf8mb4_unicode_ci DEFAULT NULL,
  `client_id` varchar(191) COLLATE utf8mb4_unicode_ci DEFAULT NULL,
  `consumer_key` varchar(191) COLLATE utf8mb4_unicode_ci DEFAULT NULL,
  `consumer_secret` varchar(191) COLLATE utf8mb4_unicode_ci DEFAULT NULL,
  `approve` varchar(45) COLLATE utf8mb4_unicode_ci DEFAULT NULL,
  `is_default` tinyint(1) NOT NULL DEFAULT 0 COMMENT '0 for not default;\r\n1 for default',
  `is_active` tinyint(1) NOT NULL COMMENT '0 for inactive;\\n1 for active',
  PRIMARY KEY (`id`),
  KEY `payment_methods_name_index` (`name`),
  KEY `payment_methods_is_default_index` (`is_default`)
) ENGINE=InnoDB AUTO_INCREMENT=4 DEFAULT CHARSET=utf8mb4 COLLATE=utf8mb4_unicode_ci;
CREATE TABLE `payment_terms` (
  `id` int(10) unsigned NOT NULL AUTO_INCREMENT,
  `name` varchar(50) COLLATE utf8mb4_unicode_ci NOT NULL,
  `days_before_due` int(11) NOT NULL,
  `is_default` tinyint(1) NOT NULL DEFAULT 0 COMMENT '1 for default;0 for otherwise;',
  PRIMARY KEY (`id`),
  KEY `payment_terms_name_index` (`name`),
  KEY `payment_terms_is_default_index` (`is_default`)
) ENGINE=InnoDB AUTO_INCREMENT=4 DEFAULT CHARSET=utf8mb4 COLLATE=utf8mb4_unicode_ci;
CREATE TABLE `permission_roles` (
  `permission_id` int(10) unsigned NOT NULL,
  `role_id` int(10) unsigned NOT NULL,
  PRIMARY KEY (`permission_id`,`role_id`),
  KEY `permission_roles_permission_id_foreign_idx` (`permission_id`),
  KEY `permission_roles_role_id_foreign_idx` (`role_id`),
  CONSTRAINT `permission_roles_permission_id_foreign` FOREIGN KEY (`permission_id`) REFERENCES `permissions` (`id`) ON DELETE CASCADE ON UPDATE CASCADE,
  CONSTRAINT `permission_roles_role_id_foreign` FOREIGN KEY (`role_id`) REFERENCES `roles` (`id`) ON DELETE CASCADE ON UPDATE CASCADE
) ENGINE=InnoDB DEFAULT CHARSET=utf8mb4 COLLATE=utf8mb4_unicode_ci;
CREATE TABLE `permissions` (
  `id` int(10) unsigned NOT NULL AUTO_INCREMENT,
  `name` varchar(191) COLLATE utf8mb4_unicode_ci NOT NULL,
  `display_name` varchar(191) COLLATE utf8mb4_unicode_ci DEFAULT NULL,
  `description` varchar(191) COLLATE utf8mb4_unicode_ci DEFAULT NULL,
  `permission_group` varchar(60) COLLATE utf8mb4_unicode_ci NOT NULL,
  `created_at` timestamp NULL DEFAULT NULL,
  `updated_at` timestamp NULL DEFAULT NULL,
  PRIMARY KEY (`id`),
  UNIQUE KEY `permissions_name_unique` (`name`),
  KEY `permissions_display_name_index` (`display_name`),
  KEY `permissions_permission_group_index` (`permission_group`)
) ENGINE=InnoDB AUTO_INCREMENT=256 DEFAULT CHARSET=utf8mb4 COLLATE=utf8mb4_unicode_ci;
CREATE TABLE `preferences` (
  `id` int(10) unsigned NOT NULL AUTO_INCREMENT,
  `category` varchar(15) COLLATE utf8mb4_unicode_ci NOT NULL,
  `field` varchar(50) COLLATE utf8mb4_unicode_ci NOT NULL,
  `value` varchar(500) COLLATE utf8mb4_unicode_ci NOT NULL,
  PRIMARY KEY (`id`),
  KEY `preferences_category_index` (`category`),
  KEY `preferences_field_index` (`field`),
  KEY `preferences_value_index` (`value`)
) ENGINE=InnoDB AUTO_INCREMENT=54 DEFAULT CHARSET=utf8mb4 COLLATE=utf8mb4_unicode_ci;
CREATE TABLE `priorities` (
  `id` int(10) unsigned NOT NULL AUTO_INCREMENT,
  `name` varchar(50) COLLATE utf8mb4_unicode_ci NOT NULL,
  PRIMARY KEY (`id`),
  KEY `priorities_name_index` (`name`)
) ENGINE=InnoDB AUTO_INCREMENT=4 DEFAULT CHARSET=utf8mb4 COLLATE=utf8mb4_unicode_ci;
CREATE TABLE `project_members` (
  `id` int(10) unsigned NOT NULL AUTO_INCREMENT,
  `project_id` int(10) unsigned NOT NULL,
  `user_id` int(10) unsigned DEFAULT NULL,
  PRIMARY KEY (`id`),
  KEY `project_members_project_id_foreign_idx` (`project_id`),
  KEY `project_members_user_id_foreign_idx` (`user_id`),
  CONSTRAINT `project_members_project_id_foreign` FOREIGN KEY (`project_id`) REFERENCES `projects` (`id`) ON DELETE NO ACTION ON UPDATE CASCADE,
  CONSTRAINT `project_members_user_id_foreign` FOREIGN KEY (`user_id`) REFERENCES `users` (`id`) ON DELETE CASCADE ON UPDATE CASCADE
) ENGINE=InnoDB AUTO_INCREMENT=15 DEFAULT CHARSET=utf8mb4 COLLATE=utf8mb4_unicode_ci;
CREATE TABLE `project_settings` (
  `id` int(10) unsigned NOT NULL AUTO_INCREMENT,
  `project_id` int(10) unsigned NOT NULL,
  `setting_label` varchar(100) COLLATE utf8mb4_unicode_ci DEFAULT NULL,
  `setting_value` varchar(16) COLLATE utf8mb4_unicode_ci DEFAULT NULL COMMENT '(''on'', ''off'')',
  PRIMARY KEY (`id`),
  KEY `project_settings_project_id_foreign_idx` (`project_id`),
  KEY `project_settings_setting_label_index` (`setting_label`),
  KEY `project_settings_setting_value_index` (`setting_value`),
  CONSTRAINT `project_settings_project_id_foreign` FOREIGN KEY (`project_id`) REFERENCES `projects` (`id`) ON DELETE NO ACTION ON UPDATE CASCADE
) ENGINE=InnoDB DEFAULT CHARSET=utf8mb4 COLLATE=utf8mb4_unicode_ci;
CREATE TABLE `project_statuses` (
  `id` int(10) unsigned NOT NULL AUTO_INCREMENT,
  `name` varchar(50) COLLATE utf8mb4_unicode_ci NOT NULL,
  PRIMARY KEY (`id`),
  UNIQUE KEY `project_statuses_name_unique` (`name`)
) ENGINE=InnoDB AUTO_INCREMENT=7 DEFAULT CHARSET=utf8mb4 COLLATE=utf8mb4_unicode_ci;
CREATE TABLE `projects` (
  `id` int(10) unsigned NOT NULL AUTO_INCREMENT,
  `name` varchar(50) COLLATE utf8mb4_unicode_ci DEFAULT NULL,
  `detail` text COLLATE utf8mb4_unicode_ci DEFAULT NULL,
  `project_type` varchar(20) COLLATE utf8mb4_unicode_ci DEFAULT NULL,
  `customer_id` int(10) unsigned DEFAULT NULL,
  `user_id` int(10) unsigned DEFAULT NULL,
  `project_status_id` int(10) unsigned NOT NULL,
  `charge_type` int(10) unsigned NOT NULL COMMENT '1 = Fixed Rate;\r\n2 = Project Hour;\r\n3 = Rate Per Hour;',
  `begin_date` date DEFAULT NULL,
  `due_date` date DEFAULT NULL,
  `improvement` int(11) NOT NULL,
  `improvement_from_task` tinyint(1) DEFAULT NULL COMMENT '1=yes, 0=no',
  `completed_date` date DEFAULT NULL,
  `cost` decimal(16,8) DEFAULT NULL,
  `per_hour_project_scale` decimal(12,8) DEFAULT NULL,
  `estimated_hours` decimal(8,2) DEFAULT NULL,
  `created_at` timestamp NOT NULL DEFAULT current_timestamp(),
  PRIMARY KEY (`id`),
  KEY `projects_name_index` (`name`),
  KEY `projects_project_type_index` (`project_type`),
  KEY `projects_customer_id_foreign_idx` (`customer_id`),
  KEY `projects_user_id_foreign_idx` (`user_id`),
  KEY `projects_status_index` (`project_status_id`),
  KEY `projects_begin_date_index` (`begin_date`),
  KEY `projects_due_date_index` (`due_date`),
  CONSTRAINT `projects_customer_id_foreign` FOREIGN KEY (`customer_id`) REFERENCES `customers` (`id`) ON DELETE CASCADE ON UPDATE CASCADE,
  CONSTRAINT `projects_project_status_id_foreign` FOREIGN KEY (`project_status_id`) REFERENCES `project_statuses` (`id`) ON DELETE CASCADE ON UPDATE CASCADE,
  CONSTRAINT `projects_user_id_foreign` FOREIGN KEY (`user_id`) REFERENCES `users` (`id`) ON DELETE CASCADE ON UPDATE CASCADE
) ENGINE=InnoDB AUTO_INCREMENT=6 DEFAULT CHARSET=utf8mb4 COLLATE=utf8mb4_unicode_ci;
CREATE TABLE `purchase_order_details` (
  `id` bigint(20) unsigned NOT NULL AUTO_INCREMENT,
  `purchase_order_id` bigint(20) unsigned NOT NULL,
  `item_id` bigint(20) unsigned DEFAULT NULL,
  `description` varchar(191) COLLATE utf8mb4_unicode_ci DEFAULT NULL,
  `item_name` varchar(191) COLLATE utf8mb4_unicode_ci NOT NULL,
  `discount` decimal(11,8) unsigned NOT NULL DEFAULT 0.00000000,
  `discount_type` varchar(1) COLLATE utf8mb4_unicode_ci NOT NULL COMMENT '% or $',
  `hsn` varchar(250) COLLATE utf8mb4_unicode_ci DEFAULT NULL,
  `sorting_no` tinyint(1) NOT NULL,
  `discount_amount` decimal(16,8) unsigned NOT NULL DEFAULT 0.00000000,
  `unit_price` decimal(16,8) NOT NULL DEFAULT 0.00000000,
  `quantity_ordered` decimal(16,8) unsigned NOT NULL DEFAULT 0.00000000,
  `quantity_received` decimal(16,8) unsigned NOT NULL DEFAULT 0.00000000,
  PRIMARY KEY (`id`),
  KEY `purchase_order_details_purchase_order_id_foreign_idx` (`purchase_order_id`),
  KEY `purchase_order_details_item_id_foreign_idx` (`item_id`),
  KEY `purchase_order_details_item_name_index` (`item_name`),
  CONSTRAINT `purchase_order_details_item_id_foreign` FOREIGN KEY (`item_id`) REFERENCES `items` (`id`) ON DELETE CASCADE ON UPDATE CASCADE,
  CONSTRAINT `purchase_order_details_purchase_order_id_foreign` FOREIGN KEY (`purchase_order_id`) REFERENCES `purchase_orders` (`id`) ON DELETE CASCADE ON UPDATE CASCADE
) ENGINE=InnoDB AUTO_INCREMENT=66 DEFAULT CHARSET=utf8mb4 COLLATE=utf8mb4_unicode_ci;
CREATE TABLE `purchase_orders` (
  `id` bigint(20) unsigned NOT NULL AUTO_INCREMENT,
  `supplier_id` int(10) unsigned NOT NULL,
  `user_id` int(10) unsigned DEFAULT NULL,
  `invoice_type` varchar(15) COLLATE utf8mb4_unicode_ci NOT NULL COMMENT '''quantity'', \\n''hours'', \\n''amount''',
  `discount_on` varchar(15) COLLATE utf8mb4_unicode_ci NOT NULL COMMENT '''before'', \\n''after''',
  `tax_type` varchar(16) COLLATE utf8mb4_unicode_ci NOT NULL COMMENT '''exclusive'',\r\n''inclusive''',
  `has_tax` tinyint(1) NOT NULL,
  `has_description` tinyint(1) NOT NULL,
  `has_item_discount` tinyint(1) NOT NULL,
  `has_hsn` tinyint(1) NOT NULL,
  `has_other_discount` tinyint(1) NOT NULL,
  `has_shipping_charge` tinyint(1) NOT NULL,
  `has_custom_charge` tinyint(1) NOT NULL,
  `other_discount_amount` decimal(16,8) DEFAULT NULL,
  `other_discount_type` varchar(1) COLLATE utf8mb4_unicode_ci NOT NULL COMMENT '% or $',
  `shipping_charge` decimal(16,8) DEFAULT NULL,
  `custom_charge_title` varchar(199) COLLATE utf8mb4_unicode_ci DEFAULT NULL,
  `custom_charge_amount` decimal(16,8) NOT NULL,
  `currency_id` int(10) unsigned NOT NULL,
  `exchange_rate` decimal(16,8) NOT NULL,
  `purchase_receive_type_id` int(10) unsigned NOT NULL,
  `comments` text COLLATE utf8mb4_unicode_ci DEFAULT NULL,
  `has_comment` tinyint(1) NOT NULL DEFAULT 0,
  `order_date` date NOT NULL,
  `reference` varchar(30) COLLATE utf8mb4_unicode_ci NOT NULL,
  `location_id` int(10) unsigned NOT NULL,
  `payment_method_id` varchar(50) COLLATE utf8mb4_unicode_ci DEFAULT NULL,
  `total` decimal(16,8) NOT NULL DEFAULT 0.00000000,
  `paid` decimal(16,8) NOT NULL DEFAULT 0.00000000,
  `payment_term_id` int(10) unsigned NOT NULL,
  `created_at` timestamp NULL DEFAULT NULL,
  `updated_at` timestamp NULL DEFAULT NULL,
  PRIMARY KEY (`id`),
  KEY `purchase_orders_supplier_id_foreign_idx` (`supplier_id`),
  KEY `purchase_orders_user_id_foreign_idx` (`user_id`),
  KEY `purchase_orders_currency_id_foreign_idx` (`currency_id`),
  KEY `purchase_orders_purchase_receive_type_id_foreign_idx` (`purchase_receive_type_id`),
  KEY `purchase_orders_location_id_foreign_idx` (`location_id`),
  KEY `purchase_orders_payment_method_id_index` (`payment_method_id`),
  KEY `purchase_orders_payment_term_id_foreign_idx` (`payment_term_id`),
  CONSTRAINT `purchase_orders_currency_id_foreign` FOREIGN KEY (`currency_id`) REFERENCES `currencies` (`id`) ON DELETE CASCADE ON UPDATE CASCADE,
  CONSTRAINT `purchase_orders_location_id_foreign` FOREIGN KEY (`location_id`) REFERENCES `locations` (`id`) ON DELETE CASCADE ON UPDATE CASCADE,
  CONSTRAINT `purchase_orders_payment_term_id_foreign` FOREIGN KEY (`payment_term_id`) REFERENCES `payment_terms` (`id`) ON DELETE CASCADE ON UPDATE CASCADE,
  CONSTRAINT `purchase_orders_purchase_receive_type_id_foreign` FOREIGN KEY (`purchase_receive_type_id`) REFERENCES `purchase_receive_types` (`id`) ON DELETE CASCADE ON UPDATE CASCADE,
  CONSTRAINT `purchase_orders_supplier_id_foreign` FOREIGN KEY (`supplier_id`) REFERENCES `suppliers` (`id`) ON DELETE CASCADE ON UPDATE CASCADE,
  CONSTRAINT `purchase_orders_user_id_foreign` FOREIGN KEY (`user_id`) REFERENCES `users` (`id`) ON DELETE CASCADE ON UPDATE CASCADE
) ENGINE=InnoDB AUTO_INCREMENT=33 DEFAULT CHARSET=utf8mb4 COLLATE=utf8mb4_unicode_ci;
CREATE TABLE `purchase_prices` (
  `id` int(10) unsigned NOT NULL AUTO_INCREMENT,
  `item_id` bigint(20) unsigned NOT NULL,
  `currency_id` int(10) unsigned NOT NULL,
  `price` decimal(16,8) DEFAULT 0.00000000,
  PRIMARY KEY (`id`),
  KEY `purchase_prices_item_id_foreign_idx` (`item_id`),
  KEY `purchase_prices_currency_id_foreign_idx` (`currency_id`),
  KEY `purchase_prices_price_index` (`price`),
  CONSTRAINT `purchase_prices_currency_id_foreign` FOREIGN KEY (`currency_id`) REFERENCES `currencies` (`id`) ON DELETE CASCADE ON UPDATE CASCADE,
  CONSTRAINT `purchase_prices_item_id_foreign` FOREIGN KEY (`item_id`) REFERENCES `items` (`id`) ON DELETE CASCADE ON UPDATE CASCADE
) ENGINE=InnoDB AUTO_INCREMENT=27 DEFAULT CHARSET=utf8mb4 COLLATE=utf8mb4_unicode_ci;
CREATE TABLE `purchase_receive_types` (
  `id` int(10) unsigned NOT NULL AUTO_INCREMENT,
  `receive_type` varchar(50) COLLATE utf8mb4_unicode_ci NOT NULL,
  `is_default` tinyint(1) NOT NULL DEFAULT 0 COMMENT '1 for default.\r\n0 for otherwise.',
  PRIMARY KEY (`id`),
  KEY `purchase_receive_types_receive_type_index` (`receive_type`),
  KEY `purchase_receive_types_is_default_index` (`is_default`)
) ENGINE=InnoDB AUTO_INCREMENT=3 DEFAULT CHARSET=utf8mb4 COLLATE=utf8mb4_unicode_ci;
CREATE TABLE `purchase_taxes` (
  `id` int(10) unsigned NOT NULL AUTO_INCREMENT,
  `purchase_order_detail_id` bigint(20) unsigned NOT NULL,
  `tax_type_id` int(10) unsigned NOT NULL,
  `tax_amount` decimal(16,8) unsigned NOT NULL,
  PRIMARY KEY (`id`),
  KEY `purchase_taxes_purchase_order_detail_id_foreign_idx` (`purchase_order_detail_id`),
  KEY `purchase_taxes_tax_type_id_foreign_idx` (`tax_type_id`),
  CONSTRAINT `purchase_taxes_purchase_order_detail_id_foreign` FOREIGN KEY (`purchase_order_detail_id`) REFERENCES `purchase_order_details` (`id`) ON DELETE CASCADE ON UPDATE CASCADE,
  CONSTRAINT `purchase_taxes_tax_type_id_foreign` FOREIGN KEY (`tax_type_id`) REFERENCES `tax_types` (`id`) ON DELETE CASCADE ON UPDATE CASCADE
) ENGINE=InnoDB AUTO_INCREMENT=58 DEFAULT CHARSET=utf8mb4 COLLATE=utf8mb4_unicode_ci;
CREATE TABLE `received_order_details` (
  `id` int(10) unsigned NOT NULL AUTO_INCREMENT,
  `purchase_order_id` bigint(20) unsigned NOT NULL,
  `purchase_order_detail_id` bigint(20) unsigned NOT NULL,
  `received_order_id` int(10) unsigned NOT NULL,
  `item_id` bigint(20) unsigned DEFAULT NULL,
  `item_name` varchar(191) COLLATE utf8mb4_unicode_ci NOT NULL,
  `unit_price` decimal(16,8) NOT NULL,
  `quantity` decimal(16,8) NOT NULL,
  PRIMARY KEY (`id`),
  KEY `received_order_details_purchase_order_id_foreign_idx` (`purchase_order_id`),
  KEY `received_order_details_purchase_order_details_id_index` (`purchase_order_detail_id`),
  KEY `received_order_details_received_order_id_foreign_idx` (`received_order_id`),
  KEY `receive_order_details_item_id_foreign_idx` (`item_id`),
  KEY `received_order_details_item_name_index` (`item_name`),
  CONSTRAINT `receive_order_details_item_id_foreign` FOREIGN KEY (`item_id`) REFERENCES `items` (`id`) ON DELETE CASCADE ON UPDATE CASCADE,
  CONSTRAINT `received_order_details_purchase_order_detail_id_foreign` FOREIGN KEY (`purchase_order_detail_id`) REFERENCES `purchase_order_details` (`id`) ON DELETE CASCADE ON UPDATE CASCADE,
  CONSTRAINT `received_order_details_purchase_order_id_foreign` FOREIGN KEY (`purchase_order_id`) REFERENCES `purchase_orders` (`id`) ON DELETE CASCADE ON UPDATE CASCADE,
  CONSTRAINT `received_order_details_received_order_id_foreign` FOREIGN KEY (`received_order_id`) REFERENCES `received_orders` (`id`) ON DELETE CASCADE ON UPDATE CASCADE
) ENGINE=InnoDB AUTO_INCREMENT=30 DEFAULT CHARSET=utf8mb4 COLLATE=utf8mb4_unicode_ci;
CREATE TABLE `received_orders` (
  `id` int(10) unsigned NOT NULL AUTO_INCREMENT,
  `purchase_order_id` bigint(20) unsigned NOT NULL,
  `user_id` int(10) unsigned DEFAULT NULL,
  `supplier_id` int(10) unsigned NOT NULL,
  `reference` varchar(50) COLLATE utf8mb4_unicode_ci NOT NULL,
  `location_id` int(10) unsigned NOT NULL,
  `receive_date` date NOT NULL,
  `order_receive_no` varchar(60) COLLATE utf8mb4_unicode_ci DEFAULT NULL,
  `created_at` timestamp NULL DEFAULT NULL,
  `updated_at` timestamp NULL DEFAULT NULL,
  PRIMARY KEY (`id`),
  KEY `receive_orders_purchase_order_id_foreign_idx` (`purchase_order_id`),
  KEY `receive_orders_user_id_foreign_idx` (`user_id`),
  KEY `receive_orders_supplier_id_foreign_idx` (`supplier_id`),
  KEY `received_orders_location_id_foreign_idx` (`location_id`),
  KEY `received_orders_receive_date_index` (`receive_date`),
  CONSTRAINT `receive_orders_purchase_order_id_foreign` FOREIGN KEY (`purchase_order_id`) REFERENCES `purchase_orders` (`id`) ON DELETE CASCADE ON UPDATE CASCADE,
  CONSTRAINT `receive_orders_supplier_id_foreign` FOREIGN KEY (`supplier_id`) REFERENCES `suppliers` (`id`) ON DELETE CASCADE ON UPDATE CASCADE,
  CONSTRAINT `receive_orders_user_id_foreign` FOREIGN KEY (`user_id`) REFERENCES `users` (`id`) ON DELETE CASCADE ON UPDATE CASCADE,
  CONSTRAINT `received_orders_location_id_foreign` FOREIGN KEY (`location_id`) REFERENCES `locations` (`id`) ON DELETE CASCADE ON UPDATE CASCADE
) ENGINE=InnoDB AUTO_INCREMENT=13 DEFAULT CHARSET=utf8mb4 COLLATE=utf8mb4_unicode_ci;
CREATE TABLE `role_users` (
  `user_id` int(10) unsigned NOT NULL,
  `role_id` int(10) unsigned NOT NULL,
  PRIMARY KEY (`user_id`,`role_id`),
  KEY `role_users_user_id_foreign_idx` (`user_id`),
  KEY `role_users_role_id_foreign_idx` (`role_id`),
  CONSTRAINT `role_users_role_id_foreign` FOREIGN KEY (`role_id`) REFERENCES `roles` (`id`) ON DELETE CASCADE ON UPDATE CASCADE,
  CONSTRAINT `role_users_user_id_foreign` FOREIGN KEY (`user_id`) REFERENCES `users` (`id`) ON DELETE CASCADE ON UPDATE CASCADE
) ENGINE=InnoDB DEFAULT CHARSET=utf8mb4 COLLATE=utf8mb4_unicode_ci;
CREATE TABLE `roles` (
  `id` int(10) unsigned NOT NULL AUTO_INCREMENT,
  `name` varchar(191) COLLATE utf8mb4_unicode_ci NOT NULL,
  `display_name` varchar(191) COLLATE utf8mb4_unicode_ci DEFAULT NULL,
  `description` varchar(191) COLLATE utf8mb4_unicode_ci DEFAULT NULL,
  `created_at` timestamp NULL DEFAULT NULL,
  `updated_at` timestamp NULL DEFAULT NULL,
  PRIMARY KEY (`id`),
  UNIQUE KEY `roles_name_unique` (`name`),
  KEY `roles_display_name_index` (`display_name`)
) ENGINE=InnoDB AUTO_INCREMENT=5 DEFAULT CHARSET=utf8mb4 COLLATE=utf8mb4_unicode_ci;
CREATE TABLE `sale_order_details` (
  `id` bigint(20) unsigned NOT NULL AUTO_INCREMENT,
  `sale_order_id` bigint(20) unsigned NOT NULL,
  `item_id` bigint(20) unsigned DEFAULT NULL,
  `description` varchar(191) COLLATE utf8mb4_unicode_ci DEFAULT NULL,
  `item_name` varchar(191) COLLATE utf8mb4_unicode_ci NOT NULL,
  `unit_price` decimal(16,8) NOT NULL DEFAULT 0.00000000,
  `quantity_sent` decimal(16,8) NOT NULL DEFAULT 0.00000000,
  `quantity` decimal(16,8) NOT NULL DEFAULT 0.00000000,
  `discount_amount` decimal(16,8) unsigned NOT NULL DEFAULT 0.00000000,
  `discount` decimal(16,8) unsigned NOT NULL DEFAULT 0.00000000,
  `discount_type` varchar(1) COLLATE utf8mb4_unicode_ci NOT NULL DEFAULT '%' COMMENT '% or $',
  `hsn` varchar(250) COLLATE utf8mb4_unicode_ci DEFAULT NULL,
  `sorting_no` tinyint(1) NOT NULL,
  `created_at` timestamp NULL DEFAULT NULL,
  `updated_at` timestamp NULL DEFAULT NULL,
  PRIMARY KEY (`id`),
  KEY `sale_order_details_sale_order_id_foreign_idx` (`sale_order_id`),
  KEY `sale_order_details_item_id_foreign_idx` (`item_id`),
  KEY `sale_order_details_item_name_index` (`item_name`),
  CONSTRAINT `sale_order_details_item_id_foreign` FOREIGN KEY (`item_id`) REFERENCES `items` (`id`) ON DELETE CASCADE ON UPDATE CASCADE,
  CONSTRAINT `sale_order_details_sale_order_id_foreign` FOREIGN KEY (`sale_order_id`) REFERENCES `sale_orders` (`id`) ON DELETE CASCADE ON UPDATE CASCADE
) ENGINE=InnoDB AUTO_INCREMENT=145 DEFAULT CHARSET=utf8mb4 COLLATE=utf8mb4_unicode_ci;
CREATE TABLE `sale_orders` (
  `id` bigint(20) unsigned NOT NULL AUTO_INCREMENT,
  `transaction_type` varchar(15) COLLATE utf8mb4_unicode_ci NOT NULL,
  `invoice_type` varchar(10) COLLATE utf8mb4_unicode_ci NOT NULL COMMENT 'quantity, hourse or amount',
  `order_type` varchar(15) COLLATE utf8mb4_unicode_ci NOT NULL,
  `project_id` int(10) unsigned DEFAULT NULL,
  `customer_id` int(10) unsigned DEFAULT NULL,
  `customer_branch_id` int(10) unsigned DEFAULT NULL,
  `user_id` int(10) unsigned DEFAULT NULL,
  `tax_type` varchar(10) COLLATE utf8mb4_unicode_ci NOT NULL COMMENT 'exclusive or inclusive',
  `reference` varchar(32) COLLATE utf8mb4_unicode_ci NOT NULL,
  `order_reference_id` int(11) NOT NULL,
  `comment` text COLLATE utf8mb4_unicode_ci DEFAULT NULL,
  `has_comment` tinyint(1) NOT NULL,
  `order_date` date NOT NULL,
  `due_date` date DEFAULT NULL,
  `location_id` int(10) unsigned DEFAULT NULL,
  `payment_method_id` varchar(15) COLLATE utf8mb4_unicode_ci DEFAULT NULL,
  `discount_on` varchar(15) COLLATE utf8mb4_unicode_ci NOT NULL,
  `currency_id` int(10) unsigned NOT NULL,
  `exchange_rate` decimal(16,8) NOT NULL,
  `has_tax` tinyint(1) NOT NULL,
  `has_description` tinyint(1) NOT NULL,
  `has_item_discount` tinyint(1) NOT NULL,
  `has_hsn` tinyint(1) NOT NULL,
  `has_other_discount` tinyint(1) NOT NULL,
  `has_shipping_charge` tinyint(1) NOT NULL,
  `has_custom_charge` tinyint(1) NOT NULL,
  `other_discount_amount` decimal(11,8) DEFAULT NULL,
  `other_discount_type` varchar(1) COLLATE utf8mb4_unicode_ci NOT NULL COMMENT '% or $',
  `shipping_charge` decimal(16,8) DEFAULT NULL,
  `custom_charge_title` varchar(199) COLLATE utf8mb4_unicode_ci DEFAULT NULL,
  `custom_charge_amount` decimal(16,8) NOT NULL,
  `total` decimal(16,8) NOT NULL DEFAULT 0.00000000,
  `paid` decimal(16,8) NOT NULL DEFAULT 0.00000000,
  `amount_received` decimal(16,8) DEFAULT NULL,
  `payment_term_id` int(10) unsigned DEFAULT NULL,
  `pos_invoice_status` varchar(10) COLLATE utf8mb4_unicode_ci NOT NULL DEFAULT 'clear' COMMENT 'clear or hold',
  `pos_discount_amount` decimal(11,8) NOT NULL DEFAULT 0.00000000,
  `pos_order_title` varchar(50) COLLATE utf8mb4_unicode_ci DEFAULT NULL,
  `pos_tax_on_order` decimal(16,8) NOT NULL,
  `pos_shipping` text COLLATE utf8mb4_unicode_ci DEFAULT NULL,
  `created_at` timestamp NULL DEFAULT NULL,
  `updated_at` timestamp NULL DEFAULT NULL,
  PRIMARY KEY (`id`),
  KEY `sale_orders_invoice_type_index` (`invoice_type`),
  KEY `sale_orders_project_id_foreign_idx` (`project_id`),
  KEY `sale_orders_customer_id_foreign_idx` (`customer_id`),
  KEY `sale_orders_customer_branch_id_foreign_idx` (`customer_branch_id`),
  KEY `sale_orders_user_id_foreign_idx` (`user_id`),
  KEY `sale_orders_location_id_foreign_idx` (`location_id`),
  KEY `sale_orders_currency_id_foreign_idx` (`currency_id`),
  KEY `sale_orders_payment_term_id_foreign_idx` (`payment_term_id`),
  CONSTRAINT `sale_orders_currency_id_foreign` FOREIGN KEY (`currency_id`) REFERENCES `currencies` (`id`) ON DELETE CASCADE ON UPDATE CASCADE,
  CONSTRAINT `sale_orders_customer_branch_id_foreign` FOREIGN KEY (`customer_branch_id`) REFERENCES `customer_branches` (`id`) ON DELETE CASCADE ON UPDATE CASCADE,
  CONSTRAINT `sale_orders_customer_id_foreign` FOREIGN KEY (`customer_id`) REFERENCES `customers` (`id`) ON DELETE CASCADE ON UPDATE CASCADE,
  CONSTRAINT `sale_orders_location_id_foreign` FOREIGN KEY (`location_id`) REFERENCES `locations` (`id`) ON DELETE CASCADE ON UPDATE CASCADE,
  CONSTRAINT `sale_orders_payment_term_id_foreign` FOREIGN KEY (`payment_term_id`) REFERENCES `payment_terms` (`id`) ON DELETE CASCADE ON UPDATE CASCADE,
  CONSTRAINT `sale_orders_project_id_foreign` FOREIGN KEY (`project_id`) REFERENCES `projects` (`id`) ON DELETE NO ACTION ON UPDATE CASCADE,
  CONSTRAINT `sale_orders_user_id_foreign` FOREIGN KEY (`user_id`) REFERENCES `users` (`id`) ON DELETE CASCADE ON UPDATE CASCADE
) ENGINE=InnoDB AUTO_INCREMENT=44 DEFAULT CHARSET=utf8mb4 COLLATE=utf8mb4_unicode_ci;
CREATE TABLE `sale_prices` (
  `id` int(10) unsigned NOT NULL AUTO_INCREMENT,
  `item_id` bigint(20) unsigned NOT NULL,
  `sale_type_id` int(10) unsigned NOT NULL,
  `currency_id` int(10) unsigned NOT NULL,
  `price` decimal(16,8) NOT NULL,
  PRIMARY KEY (`id`),
  KEY `sales_prices_item_id_foreign_idx` (`item_id`),
  KEY `sale_prices_sale_type_id_foreign_idx` (`sale_type_id`),
  KEY `sales_prices_currency_id_foreign_idx` (`currency_id`),
  CONSTRAINT `sale_prices_item_id_foreign` FOREIGN KEY (`item_id`) REFERENCES `items` (`id`) ON DELETE CASCADE ON UPDATE CASCADE,
  CONSTRAINT `sale_prices_sale_type_id_foreign` FOREIGN KEY (`sale_type_id`) REFERENCES `sale_types` (`id`) ON DELETE CASCADE ON UPDATE CASCADE,
  CONSTRAINT `sales_prices_currency_id_foreign` FOREIGN KEY (`currency_id`) REFERENCES `currencies` (`id`) ON DELETE CASCADE ON UPDATE CASCADE,
  CONSTRAINT `sales_prices_item_id_foreign` FOREIGN KEY (`item_id`) REFERENCES `items` (`id`) ON DELETE CASCADE ON UPDATE CASCADE,
  CONSTRAINT `sales_prices_sale_type_id_foreign` FOREIGN KEY (`sale_type_id`) REFERENCES `sale_types` (`id`) ON DELETE CASCADE ON UPDATE CASCADE
) ENGINE=InnoDB AUTO_INCREMENT=42 DEFAULT CHARSET=utf8mb4 COLLATE=utf8mb4_unicode_ci;
CREATE TABLE `sale_taxes` (
  `id` int(10) unsigned NOT NULL AUTO_INCREMENT,
  `sale_order_detail_id` bigint(20) unsigned NOT NULL,
  `tax_type_id` int(10) unsigned NOT NULL,
  `tax_amount` decimal(16,8) NOT NULL,
  PRIMARY KEY (`id`),
  KEY `sale_taxes_sale_order_detail_id_foreign_idx` (`sale_order_detail_id`),
  KEY `sale_taxes_tax_type_id_foreign_idx` (`tax_type_id`),
  CONSTRAINT `sale_taxes_sale_order_detail_id_foreign` FOREIGN KEY (`sale_order_detail_id`) REFERENCES `sale_order_details` (`id`) ON DELETE CASCADE ON UPDATE CASCADE,
  CONSTRAINT `sale_taxes_tax_type_id_foreign` FOREIGN KEY (`tax_type_id`) REFERENCES `tax_types` (`id`) ON DELETE CASCADE ON UPDATE CASCADE
) ENGINE=InnoDB AUTO_INCREMENT=190 DEFAULT CHARSET=utf8mb4 COLLATE=utf8mb4_unicode_ci;
CREATE TABLE `sale_types` (
  `id` int(10) unsigned NOT NULL AUTO_INCREMENT,
  `sale_type` varchar(25) COLLATE utf8mb4_unicode_ci NOT NULL,
  `is_tax_included` tinyint(1) NOT NULL,
  `is_default` tinyint(1) NOT NULL DEFAULT 0,
  PRIMARY KEY (`id`),
  KEY `sale_types_sale_type_index` (`sale_type`),
  KEY `sale_types_is_default_index` (`is_default`)
) ENGINE=InnoDB AUTO_INCREMENT=3 DEFAULT CHARSET=utf8mb4 COLLATE=utf8mb4_unicode_ci;
CREATE TABLE `security_roles` (
  `id` int(10) unsigned NOT NULL AUTO_INCREMENT,
  `role` varchar(30) COLLATE utf8mb4_unicode_ci NOT NULL,
  `description` varchar(50) COLLATE utf8mb4_unicode_ci DEFAULT NULL,
  `sections` text COLLATE utf8mb4_unicode_ci DEFAULT NULL,
  `areas` text COLLATE utf8mb4_unicode_ci DEFAULT NULL,
  `is_active` tinyint(1) NOT NULL DEFAULT 1 COMMENT '1  for active, 0 for inactive',
  `created_at` timestamp NULL DEFAULT NULL,
  `updated_at` timestamp NULL DEFAULT NULL,
  PRIMARY KEY (`id`)
) ENGINE=InnoDB AUTO_INCREMENT=2 DEFAULT CHARSET=utf8mb4 COLLATE=utf8mb4_unicode_ci;
CREATE TABLE `shipment_details` (
  `id` int(10) unsigned NOT NULL AUTO_INCREMENT,
  `shipment_id` int(10) unsigned NOT NULL,
  `item_id` bigint(20) unsigned NOT NULL,
  `tax_type_id` int(10) unsigned NOT NULL,
  `unit_price` decimal(16,8) NOT NULL,
  `quantity` decimal(16,8) NOT NULL,
  `discount_percent` decimal(11,8) NOT NULL,
  `created_at` timestamp NULL DEFAULT NULL,
  `updated_at` timestamp NULL DEFAULT NULL,
  PRIMARY KEY (`id`),
  KEY `shipment_details_shipment_id_foreign_idx` (`shipment_id`),
  KEY `shipment_details_item_id_foreign_idx` (`item_id`),
  KEY `shipment_details_tax_type_id_foreign_idx` (`tax_type_id`),
  KEY `shipments_unit_price_index` (`unit_price`),
  KEY `shipments_quantity_index` (`quantity`),
  CONSTRAINT `shipment_details_item_id_foreign` FOREIGN KEY (`item_id`) REFERENCES `items` (`id`) ON DELETE CASCADE ON UPDATE CASCADE,
  CONSTRAINT `shipment_details_shipment_id_foreign` FOREIGN KEY (`shipment_id`) REFERENCES `shipments` (`id`) ON DELETE CASCADE ON UPDATE CASCADE,
  CONSTRAINT `shipment_details_tax_type_id_foreign` FOREIGN KEY (`tax_type_id`) REFERENCES `tax_types` (`id`) ON DELETE CASCADE ON UPDATE CASCADE
) ENGINE=InnoDB DEFAULT CHARSET=utf8mb4 COLLATE=utf8mb4_unicode_ci;
CREATE TABLE `shipments` (
  `id` int(10) unsigned NOT NULL AUTO_INCREMENT,
  `sale_order_id` bigint(20) unsigned NOT NULL,
  `comment` text COLLATE utf8mb4_unicode_ci NOT NULL,
  `status` varchar(10) COLLATE utf8mb4_unicode_ci NOT NULL DEFAULT '0',
  `packed_date` date NOT NULL,
  `delivery_date` date NOT NULL,
  `created_at` timestamp NULL DEFAULT NULL,
  `updated_at` timestamp NULL DEFAULT NULL,
  PRIMARY KEY (`id`),
  KEY `shipments_sale_order_id_foreign_idx` (`sale_order_id`),
  KEY `shipments_status_index` (`status`),
  CONSTRAINT `shipments_sale_order_id_foreign` FOREIGN KEY (`sale_order_id`) REFERENCES `sale_orders` (`id`) ON DELETE CASCADE ON UPDATE CASCADE
) ENGINE=InnoDB DEFAULT CHARSET=utf8mb4 COLLATE=utf8mb4_unicode_ci;
CREATE TABLE `sms_config` (
  `id` int(10) unsigned NOT NULL AUTO_INCREMENT,
  `type` varchar(50) COLLATE utf8mb4_unicode_ci NOT NULL,
  `status` varchar(50) COLLATE utf8mb4_unicode_ci NOT NULL,
  `key` varchar(191) COLLATE utf8mb4_unicode_ci NOT NULL,
  `secretkey` varchar(191) COLLATE utf8mb4_unicode_ci NOT NULL,
  `default` varchar(50) COLLATE utf8mb4_unicode_ci NOT NULL,
  `default_number` varchar(50) COLLATE utf8mb4_unicode_ci NOT NULL,
  PRIMARY KEY (`id`)
) ENGINE=InnoDB DEFAULT CHARSET=utf8mb4 COLLATE=utf8mb4_unicode_ci;
CREATE TABLE `stock_adjustment_details` (
  `id` int(10) unsigned NOT NULL AUTO_INCREMENT,
  `stock_adjustment_id` int(10) unsigned NOT NULL COMMENT 'stock_adjustment_id refers to stock_adjustments table id',
  `item_id` bigint(20) unsigned NOT NULL COMMENT 'item_id refers to items table id',
  `description` text COLLATE utf8mb4_unicode_ci NOT NULL,
  `quantity` decimal(16,8) NOT NULL,
  `created_at` timestamp NULL DEFAULT current_timestamp(),
  PRIMARY KEY (`id`),
  KEY `stock_adjustment_details_stock_adjustment_id_foreign_idx` (`stock_adjustment_id`),
  KEY `stock_adjustment_details_item_id_foreign_idx` (`item_id`),
  CONSTRAINT `stock_adjustment_details_item_id_foreign` FOREIGN KEY (`item_id`) REFERENCES `items` (`id`) ON DELETE CASCADE ON UPDATE CASCADE,
  CONSTRAINT `stock_adjustment_details_stock_adjustment_id_foreign` FOREIGN KEY (`stock_adjustment_id`) REFERENCES `stock_adjustments` (`id`) ON DELETE CASCADE ON UPDATE CASCADE
) ENGINE=InnoDB AUTO_INCREMENT=16 DEFAULT CHARSET=utf8mb4 COLLATE=utf8mb4_unicode_ci;
CREATE TABLE `stock_adjustments` (
  `id` int(10) unsigned NOT NULL AUTO_INCREMENT,
  `user_id` int(10) unsigned DEFAULT NULL,
  `location_id` int(10) unsigned NOT NULL,
  `transaction_type` varchar(20) COLLATE utf8mb4_unicode_ci NOT NULL,
  `total_quantity` decimal(16,8) NOT NULL,
  `note` text COLLATE utf8mb4_unicode_ci DEFAULT NULL,
  `transaction_date` date DEFAULT NULL,
  PRIMARY KEY (`id`),
  KEY `stock_adjustments_user_id_foreign_idx` (`user_id`),
  KEY `stock_adjustments_location_id_foreign_idx` (`location_id`),
  CONSTRAINT `stock_adjustments_location_id_foreign` FOREIGN KEY (`location_id`) REFERENCES `locations` (`id`) ON DELETE CASCADE ON UPDATE CASCADE,
  CONSTRAINT `stock_adjustments_user_id_foreign` FOREIGN KEY (`user_id`) REFERENCES `users` (`id`) ON DELETE CASCADE ON UPDATE CASCADE
) ENGINE=InnoDB AUTO_INCREMENT=6 DEFAULT CHARSET=utf8mb4 COLLATE=utf8mb4_unicode_ci;
CREATE TABLE `stock_categories` (
  `id` int(10) unsigned NOT NULL AUTO_INCREMENT,
  `name` varchar(50) COLLATE utf8mb4_unicode_ci NOT NULL,
  `item_unit_id` int(10) unsigned NOT NULL,
  `is_active` tinyint(1) NOT NULL DEFAULT 1 COMMENT '1 for active;\\n 0 for otherwise',
  `created_at` timestamp NULL DEFAULT NULL,
  `updated_at` timestamp NULL DEFAULT NULL,
  PRIMARY KEY (`id`),
  KEY `stock_categories_name_index` (`name`),
  KEY `stock_categories_item_unit_id_foreign_idx` (`item_unit_id`),
  KEY `stock_categories_is_active_index` (`is_active`),
  CONSTRAINT `stock_categories_item_unit_id_foreign` FOREIGN KEY (`item_unit_id`) REFERENCES `item_units` (`id`) ON DELETE CASCADE ON UPDATE CASCADE
) ENGINE=InnoDB AUTO_INCREMENT=6 DEFAULT CHARSET=utf8mb4 COLLATE=utf8mb4_unicode_ci;
CREATE TABLE `stock_moves` (
  `id` int(10) unsigned NOT NULL AUTO_INCREMENT,
  `item_id` bigint(20) unsigned NOT NULL COMMENT 'item_id refers items table id',
  `transaction_type_id` int(10) unsigned DEFAULT NULL COMMENT 'Id of sale_orders, purchase_orders, stock_adjustments, stock_transfers, items (initial stock)',
  `transaction_type` varchar(25) COLLATE utf8mb4_unicode_ci NOT NULL,
  `location_id` int(10) unsigned NOT NULL COMMENT 'location_id refers locations table id',
  `transaction_date` date NOT NULL,
  `user_id` int(10) unsigned DEFAULT NULL COMMENT 'user_id refers users table id',
  `transaction_type_detail_id` int(10) unsigned DEFAULT NULL COMMENT 'Id of sale_order_details, purchase_order_details, stock_adjustment_details, stock_transfers, items (initial stock)',
  `reference` varchar(30) COLLATE utf8mb4_unicode_ci NOT NULL,
  `note` varchar(191) COLLATE utf8mb4_unicode_ci DEFAULT NULL,
  `quantity` decimal(16,8) NOT NULL DEFAULT 0.00000000,
  `price` decimal(16,8) NOT NULL DEFAULT 0.00000000,
  PRIMARY KEY (`id`),
  KEY `stock_moves_item_id_foreign_idx` (`item_id`),
  KEY `stock_moves_transaction_type_id_index` (`transaction_type_id`),
  KEY `stock_moves_transaction_type_index` (`transaction_type`),
  KEY `stock_moves_location_id_foreign_idx` (`location_id`),
  KEY `stock_moves_transaction_date_index` (`transaction_date`),
  KEY `stock_moves_user_id_foreign_idx` (`user_id`),
  KEY `stock_moves_transaction_type_detail_id_index` (`transaction_type_detail_id`),
  KEY `stock_moves_price_index` (`price`),
  CONSTRAINT `stock_moves_item_id_foreign` FOREIGN KEY (`item_id`) REFERENCES `items` (`id`) ON DELETE CASCADE ON UPDATE CASCADE,
  CONSTRAINT `stock_moves_location_id_foreign` FOREIGN KEY (`location_id`) REFERENCES `locations` (`id`) ON DELETE CASCADE ON UPDATE CASCADE,
  CONSTRAINT `stock_moves_user_id_foreign` FOREIGN KEY (`user_id`) REFERENCES `users` (`id`) ON DELETE CASCADE ON UPDATE CASCADE
) ENGINE=InnoDB AUTO_INCREMENT=135 DEFAULT CHARSET=utf8mb4 COLLATE=utf8mb4_unicode_ci;
CREATE TABLE `stock_transfers` (
  `id` int(10) unsigned NOT NULL AUTO_INCREMENT,
  `user_id` int(10) unsigned DEFAULT NULL,
  `source_location_id` int(10) unsigned NOT NULL,
  `destination_location_id` int(10) unsigned NOT NULL,
  `note` text COLLATE utf8mb4_unicode_ci DEFAULT NULL,
  `quantity` decimal(16,8) NOT NULL,
  `transfer_date` date NOT NULL,
  PRIMARY KEY (`id`),
  KEY `stock_transfers_user_id_foreign_idx` (`user_id`),
  KEY `stock_transfers_source_location_id_foreign_idx` (`source_location_id`),
  KEY `stock_transfers_destination_location_id_foreign_idx` (`destination_location_id`),
  KEY `stock_transfers_transfer_date_index` (`transfer_date`),
  CONSTRAINT `stock_transfers_destination_location_id_foreign` FOREIGN KEY (`destination_location_id`) REFERENCES `locations` (`id`) ON DELETE CASCADE ON UPDATE CASCADE,
  CONSTRAINT `stock_transfers_source_location_id_foreign` FOREIGN KEY (`source_location_id`) REFERENCES `locations` (`id`) ON DELETE CASCADE ON UPDATE CASCADE,
  CONSTRAINT `stock_transfers_user_id_foreign` FOREIGN KEY (`user_id`) REFERENCES `users` (`id`) ON DELETE CASCADE ON UPDATE CASCADE
) ENGINE=InnoDB AUTO_INCREMENT=6 DEFAULT CHARSET=utf8mb4 COLLATE=utf8mb4_unicode_ci;
CREATE TABLE `supplier_transactions` (
  `id` int(10) unsigned NOT NULL AUTO_INCREMENT,
  `user_id` int(10) unsigned DEFAULT NULL,
  `transaction_reference_id` int(10) unsigned NOT NULL,
  `currency_id` int(10) unsigned NOT NULL,
  `supplier_id` int(10) unsigned NOT NULL,
  `purchase_order_id` bigint(20) unsigned NOT NULL,
  `payment_method_id` int(10) unsigned DEFAULT NULL,
  `transaction_date` date DEFAULT NULL,
  `amount` decimal(16,8) DEFAULT NULL,
  `exchange_rate` decimal(16,8) unsigned NOT NULL,
  `created_at` timestamp NULL DEFAULT current_timestamp(),
  PRIMARY KEY (`id`),
  KEY `supplier_transactions_user_id_foreign)idx` (`user_id`),
  KEY `supplier_transactions_currency_id_foreign_idx` (`currency_id`),
  KEY `supplier_transactions_supplier_id_foreign_idx` (`supplier_id`),
  KEY `supplier_transactions_purchase_order_id_foreign_idx` (`purchase_order_id`),
  KEY `supplier_transactions_payment_method_id_foreign_idx` (`payment_method_id`),
  KEY `supplier_transactions_transaction_date_index` (`transaction_date`),
  KEY `supplier_transactions_amount_index` (`amount`),
  KEY `supplier_transactions_exchange_rate_index` (`exchange_rate`),
  CONSTRAINT `supplier_transactions_currency_id_foreign` FOREIGN KEY (`currency_id`) REFERENCES `currencies` (`id`) ON DELETE CASCADE ON UPDATE CASCADE,
  CONSTRAINT `supplier_transactions_payment_method_id_foreign` FOREIGN KEY (`payment_method_id`) REFERENCES `payment_methods` (`id`) ON DELETE CASCADE ON UPDATE CASCADE,
  CONSTRAINT `supplier_transactions_purchase_order_id_foreign` FOREIGN KEY (`purchase_order_id`) REFERENCES `purchase_orders` (`id`) ON DELETE CASCADE ON UPDATE CASCADE,
  CONSTRAINT `supplier_transactions_supplier_id_foreign` FOREIGN KEY (`supplier_id`) REFERENCES `suppliers` (`id`) ON DELETE CASCADE ON UPDATE CASCADE,
  CONSTRAINT `supplier_transactions_user_id_foreign` FOREIGN KEY (`user_id`) REFERENCES `users` (`id`) ON DELETE CASCADE ON UPDATE CASCADE
) ENGINE=InnoDB AUTO_INCREMENT=26 DEFAULT CHARSET=utf8mb4 COLLATE=utf8mb4_unicode_ci;
CREATE TABLE `suppliers` (
  `id` int(10) unsigned NOT NULL AUTO_INCREMENT,
  `name` varchar(150) COLLATE utf8mb4_unicode_ci NOT NULL,
  `email` varchar(100) COLLATE utf8mb4_unicode_ci DEFAULT NULL,
  `street` varchar(50) COLLATE utf8mb4_unicode_ci DEFAULT NULL,
  `contact` varchar(30) COLLATE utf8mb4_unicode_ci DEFAULT NULL,
  `tax_id` varchar(50) COLLATE utf8mb4_unicode_ci DEFAULT NULL,
  `currency_id` int(10) unsigned NOT NULL COMMENT 'currency_id refers currencies table id',
  `city` varchar(50) COLLATE utf8mb4_unicode_ci DEFAULT NULL,
  `state` varchar(50) COLLATE utf8mb4_unicode_ci DEFAULT NULL,
  `zipcode` varchar(20) COLLATE utf8mb4_unicode_ci DEFAULT NULL,
  `country_id` int(10) unsigned DEFAULT NULL,
  `is_active` tinyint(1) NOT NULL DEFAULT 1 COMMENT '1 for active; \\n 0 for inactive.',
  `created_at` timestamp NULL DEFAULT current_timestamp(),
  `updated_at` timestamp NULL DEFAULT NULL,
  PRIMARY KEY (`id`),
  KEY `suppliers_name_index` (`name`),
  KEY `suppliers_email_index` (`email`),
  KEY `suppliers_contact_index` (`contact`),
  KEY `suppliers_currency_id_foreign_idx` (`currency_id`),
  KEY `suppliers_state_index` (`state`),
  KEY `suppliers_country_id_foreign_idx` (`country_id`),
  KEY `suppliers_is_active_index` (`is_active`),
  CONSTRAINT `suppliers_country_id_foreign` FOREIGN KEY (`country_id`) REFERENCES `countries` (`id`) ON DELETE CASCADE ON UPDATE CASCADE,
  CONSTRAINT `suppliers_currency_id_foreign` FOREIGN KEY (`currency_id`) REFERENCES `currencies` (`id`) ON DELETE CASCADE ON UPDATE CASCADE
) ENGINE=InnoDB AUTO_INCREMENT=6 DEFAULT CHARSET=utf8mb4 COLLATE=utf8mb4_unicode_ci;
CREATE TABLE `tag_assigns` (
  `id` int(10) unsigned NOT NULL AUTO_INCREMENT,
  `tag_type` varchar(20) COLLATE utf8mb4_unicode_ci NOT NULL,
  `tag_id` int(10) unsigned NOT NULL,
  `reference_id` int(10) unsigned NOT NULL,
  PRIMARY KEY (`id`),
  KEY `tags_assigns_tag_type_idx` (`tag_type`),
  KEY `tags_in_tag_id_foreign_idx` (`tag_id`),
  CONSTRAINT `tags_in_tag_id_foreign` FOREIGN KEY (`tag_id`) REFERENCES `tags` (`id`) ON DELETE CASCADE ON UPDATE CASCADE
) ENGINE=InnoDB AUTO_INCREMENT=23 DEFAULT CHARSET=utf8mb4 COLLATE=utf8mb4_unicode_ci;
CREATE TABLE `tags` (
  `id` int(10) unsigned NOT NULL AUTO_INCREMENT,
  `name` varchar(100) COLLATE utf8mb4_unicode_ci NOT NULL,
  PRIMARY KEY (`id`),
  KEY `tags_name_index` (`name`)
) ENGINE=InnoDB AUTO_INCREMENT=18 DEFAULT CHARSET=utf8mb4 COLLATE=utf8mb4_unicode_ci;
CREATE TABLE `task_assigns` (
  `id` int(10) unsigned NOT NULL AUTO_INCREMENT,
  `user_id` int(10) unsigned DEFAULT NULL,
  `task_id` int(10) unsigned NOT NULL,
  `assigned_by` int(10) unsigned NOT NULL,
  `is_assigned_by_customer` tinyint(1) NOT NULL DEFAULT 0 COMMENT '0 for not;\r\n1 for yes;',
  PRIMARY KEY (`id`),
  KEY `task_assigns_user_id_foreign_idx` (`user_id`),
  KEY `task_assigns_task_id_foreign_idx` (`task_id`),
  KEY `task_assigns_assigned_by_foreign_idx` (`assigned_by`),
  CONSTRAINT `task_assigns_assigned_by_foreign` FOREIGN KEY (`assigned_by`) REFERENCES `users` (`id`) ON DELETE CASCADE ON UPDATE CASCADE,
  CONSTRAINT `task_assigns_task_id_foreign` FOREIGN KEY (`task_id`) REFERENCES `tasks` (`id`) ON DELETE CASCADE ON UPDATE CASCADE,
  CONSTRAINT `task_assigns_user_id_foreign` FOREIGN KEY (`user_id`) REFERENCES `users` (`id`) ON DELETE CASCADE ON UPDATE CASCADE
) ENGINE=InnoDB AUTO_INCREMENT=18 DEFAULT CHARSET=utf8mb4 COLLATE=utf8mb4_unicode_ci;
CREATE TABLE `task_comments` (
  `id` int(10) unsigned NOT NULL AUTO_INCREMENT,
  `content` text COLLATE utf8mb4_unicode_ci DEFAULT NULL,
  `task_id` int(10) unsigned NOT NULL,
  `user_id` int(10) unsigned DEFAULT NULL,
  `customer_id` int(10) unsigned DEFAULT NULL,
  `created_at` datetime DEFAULT NULL,
  PRIMARY KEY (`id`),
  KEY `task_comments_task_id_foreign_idx` (`task_id`),
  KEY `task_comments_user_id_foreign_idx` (`user_id`),
  KEY `task_comments_customer_id_foreign_idx` (`customer_id`),
  CONSTRAINT `task_comments_customer_id_foreign` FOREIGN KEY (`customer_id`) REFERENCES `customers` (`id`) ON DELETE CASCADE ON UPDATE CASCADE,
  CONSTRAINT `task_comments_task_id_foreign` FOREIGN KEY (`task_id`) REFERENCES `tasks` (`id`) ON DELETE CASCADE ON UPDATE CASCADE,
  CONSTRAINT `task_comments_user_id_foreign` FOREIGN KEY (`user_id`) REFERENCES `users` (`id`) ON DELETE CASCADE ON UPDATE CASCADE
) ENGINE=InnoDB DEFAULT CHARSET=utf8mb4 COLLATE=utf8mb4_unicode_ci;
CREATE TABLE `task_statuses` (
  `id` int(10) unsigned NOT NULL,
  `name` varchar(50) COLLATE utf8mb4_unicode_ci NOT NULL,
  `status_order` tinyint(1) NOT NULL,
  `color` varchar(20) COLLATE utf8mb4_unicode_ci NOT NULL,
  PRIMARY KEY (`id`)
) ENGINE=InnoDB DEFAULT CHARSET=utf8mb4 COLLATE=utf8mb4_unicode_ci;
CREATE TABLE `task_timers` (
  `id` int(10) unsigned NOT NULL AUTO_INCREMENT,
  `user_id` int(10) unsigned DEFAULT NULL,
  `task_id` int(10) unsigned NOT NULL,
  `start_time` varchar(64) COLLATE utf8mb4_unicode_ci NOT NULL,
  `end_time` varchar(64) COLLATE utf8mb4_unicode_ci DEFAULT NULL,
  `hourly_rate` decimal(12,8) NOT NULL DEFAULT 0.00000000,
  `note` text COLLATE utf8mb4_unicode_ci DEFAULT NULL,
  PRIMARY KEY (`id`),
  KEY `task_timers_user_id_foreign_idx` (`user_id`),
  KEY `task_timers_task_id_foreign_idx` (`task_id`),
  CONSTRAINT `task_timers_task_id_foreign` FOREIGN KEY (`task_id`) REFERENCES `tasks` (`id`) ON DELETE CASCADE ON UPDATE CASCADE,
  CONSTRAINT `task_timers_user_id_foreign` FOREIGN KEY (`user_id`) REFERENCES `users` (`id`) ON DELETE CASCADE ON UPDATE CASCADE
) ENGINE=InnoDB AUTO_INCREMENT=30 DEFAULT CHARSET=utf8mb4 COLLATE=utf8mb4_unicode_ci;
CREATE TABLE `tasks` (
  `id` int(10) unsigned NOT NULL AUTO_INCREMENT,
  `name` varchar(100) COLLATE utf8mb4_unicode_ci DEFAULT NULL,
  `description` text COLLATE utf8mb4_unicode_ci DEFAULT NULL,
  `priority_id` int(10) unsigned NOT NULL,
  `created_at` timestamp NULL DEFAULT current_timestamp(),
  `start_date` date DEFAULT NULL,
  `due_date` date DEFAULT NULL,
  `finished_date` date DEFAULT NULL,
  `user_id` int(10) unsigned DEFAULT NULL,
  `task_status_id` int(10) unsigned NOT NULL,
  `recurring_type` varchar(20) COLLATE utf8mb4_unicode_ci DEFAULT NULL,
  `repeat_every` int(10) unsigned DEFAULT NULL,
  `recurring` int(10) unsigned NOT NULL,
  `recurring_ends_on` date DEFAULT NULL,
  `related_to_id` int(10) unsigned DEFAULT NULL,
  `related_to_type` int(11) DEFAULT NULL COMMENT '1=Project, 2= Customer, 3=Ticket',
  `custom_recurring` int(10) unsigned NOT NULL DEFAULT 0,
  `last_recurring_date` date DEFAULT NULL,
  `is_public` tinyint(1) DEFAULT 0,
  `is_billable` tinyint(1) DEFAULT 0,
  `is_billed` tinyint(1) NOT NULL,
  `invoice_id` int(10) unsigned NOT NULL,
  `hourly_rate` decimal(12,8) DEFAULT NULL,
  `milestone_id` int(10) unsigned DEFAULT NULL,
  `is_visible_to_customer` tinyint(1) DEFAULT 0,
  `deadline_notified` int(10) unsigned NOT NULL,
  PRIMARY KEY (`id`),
  KEY `tasks_name_index` (`name`),
  KEY `tasks_priority_id_foreign_idx` (`priority_id`),
  KEY `tasks_user_id_foreign_idx` (`user_id`),
  KEY `tasks_task_status_id_foreign_idx` (`task_status_id`),
  KEY `tasks_is_billable_index` (`is_billable`),
  KEY `tasks_is_billed_foreign` (`is_billed`),
  KEY `tasks_milestone_id_foreign_idx` (`milestone_id`),
  CONSTRAINT `tasks_milestone_id_foreign` FOREIGN KEY (`milestone_id`) REFERENCES `milestones` (`id`) ON DELETE CASCADE ON UPDATE CASCADE,
  CONSTRAINT `tasks_priority_id_foreign` FOREIGN KEY (`priority_id`) REFERENCES `priorities` (`id`) ON DELETE CASCADE ON UPDATE CASCADE,
  CONSTRAINT `tasks_task_status_id_foreign` FOREIGN KEY (`task_status_id`) REFERENCES `task_statuses` (`id`) ON DELETE CASCADE ON UPDATE CASCADE,
  CONSTRAINT `tasks_user_id_foreign` FOREIGN KEY (`user_id`) REFERENCES `users` (`id`) ON DELETE CASCADE ON UPDATE CASCADE
) ENGINE=InnoDB AUTO_INCREMENT=138 DEFAULT CHARSET=utf8mb4 COLLATE=utf8mb4_unicode_ci;
CREATE TABLE `tax_types` (
  `id` int(10) unsigned NOT NULL AUTO_INCREMENT,
  `name` varchar(50) COLLATE utf8mb4_unicode_ci NOT NULL,
  `tax_rate` decimal(12,8) NOT NULL,
  `is_default` tinyint(1) NOT NULL DEFAULT 0 COMMENT '1 for defaults;\\n0 for otherwise',
  PRIMARY KEY (`id`),
  KEY `tax_types_name_index` (`name`)
) ENGINE=InnoDB AUTO_INCREMENT=3 DEFAULT CHARSET=utf8mb4 COLLATE=utf8mb4_unicode_ci;
CREATE TABLE `ticket_replies` (
  `id` int(10) unsigned NOT NULL AUTO_INCREMENT,
  `ticket_id` int(10) unsigned NOT NULL COMMENT 'ticket_id refers tickets table id',
  `user_id` int(10) unsigned DEFAULT NULL COMMENT 'user_id refers users table id in other word (admin id who replied the current one)',
  `customer_id` int(10) unsigned DEFAULT NULL COMMENT 'customer_id refers customers table id',
  `date` datetime DEFAULT NULL,
  `message` text COLLATE utf8mb4_unicode_ci DEFAULT NULL,
  `has_attachment` tinyint(1) NOT NULL DEFAULT 0 COMMENT '0 for no attachment;\r\n1 means this reply has attachment',
  PRIMARY KEY (`id`),
  KEY `ticket_replies_ticket_id_foreign_idx` (`ticket_id`),
  KEY `ticket_replies_user_id_foreign_idx` (`user_id`),
  KEY `ticket_replies_customer_id_foreign_idx` (`customer_id`),
  KEY `ticket_replies_date_index` (`date`),
  KEY `ticket_replies_has_attachment_index` (`has_attachment`),
  CONSTRAINT `ticket_replies_customer_id_foreign` FOREIGN KEY (`customer_id`) REFERENCES `customers` (`id`) ON DELETE CASCADE ON UPDATE CASCADE,
  CONSTRAINT `ticket_replies_ticket_id_foreign` FOREIGN KEY (`ticket_id`) REFERENCES `tickets` (`id`) ON DELETE CASCADE ON UPDATE CASCADE,
  CONSTRAINT `ticket_replies_user_id_foreign` FOREIGN KEY (`user_id`) REFERENCES `users` (`id`) ON DELETE CASCADE ON UPDATE CASCADE
) ENGINE=InnoDB AUTO_INCREMENT=7 DEFAULT CHARSET=utf8mb4 COLLATE=utf8mb4_unicode_ci;
CREATE TABLE `ticket_statuses` (
  `id` int(10) unsigned NOT NULL AUTO_INCREMENT,
  `name` varchar(45) COLLATE utf8mb4_unicode_ci DEFAULT NULL,
  `is_default` tinyint(1) NOT NULL DEFAULT 0 COMMENT '1 for default; 0 otherwise',
  `color` varchar(8) COLLATE utf8mb4_unicode_ci NOT NULL,
  PRIMARY KEY (`id`),
  KEY `ticket_statuses_name_index` (`name`),
  KEY `ticket_statuses_is_default_index` (`is_default`)
) ENGINE=InnoDB AUTO_INCREMENT=6 DEFAULT CHARSET=utf8mb4 COLLATE=utf8mb4_unicode_ci;
CREATE TABLE `tickets` (
  `id` int(10) unsigned NOT NULL AUTO_INCREMENT,
  `customer_id` int(10) unsigned DEFAULT NULL COMMENT 'customer_id refers customers table id',
  `email` varchar(191) COLLATE utf8mb4_unicode_ci DEFAULT NULL,
  `name` varchar(191) COLLATE utf8mb4_unicode_ci DEFAULT NULL,
  `department_id` int(10) unsigned NOT NULL COMMENT 'department_id refers departments table id',
  `priority_id` int(10) unsigned NOT NULL COMMENT 'priority_id refers priorities table id',
  `ticket_status_id` int(10) unsigned DEFAULT NULL COMMENT 'status_id refers ticket_statuses  table id',
  `ticket_key` varchar(45) COLLATE utf8mb4_unicode_ci NOT NULL,
  `subject` varchar(191) COLLATE utf8mb4_unicode_ci NOT NULL,
  `user_id` int(10) unsigned DEFAULT NULL COMMENT 'user_id refers users table id',
  `date` datetime DEFAULT NULL,
  `project_id` int(10) unsigned DEFAULT NULL COMMENT 'project_id refers projects table id',
  `last_reply` datetime DEFAULT NULL,
  `assigned_member_id` int(10) unsigned DEFAULT NULL COMMENT 'assigned_member_id refers users table id',
  PRIMARY KEY (`id`),
  KEY `tickets_customer_id_foreign)idx` (`customer_id`),
  KEY `tickets_email_index` (`email`),
  KEY `tickets_name_index` (`name`),
  KEY `tickets_department_id_foreign_idx` (`department_id`),
  KEY `tickets_priority_id_foreign_idx` (`priority_id`),
  KEY `tickets_ticket_status_id_foreign_idx` (`ticket_status_id`),
  KEY `tickets_subject_index` (`subject`),
  KEY `tickets_user_id_foreign_idx` (`user_id`),
  KEY `tickets_date_index` (`date`),
  KEY `tickets_project_id_foreign_idx` (`project_id`),
  KEY `tickets_last_reply_index` (`last_reply`),
  KEY `tickets_assigned_member_id_foreign_idx` (`assigned_member_id`),
  CONSTRAINT `tickets_assigned_member_id_foreign` FOREIGN KEY (`assigned_member_id`) REFERENCES `users` (`id`) ON DELETE CASCADE ON UPDATE CASCADE,
  CONSTRAINT `tickets_customer_id_foreign` FOREIGN KEY (`customer_id`) REFERENCES `customers` (`id`) ON DELETE CASCADE ON UPDATE CASCADE,
  CONSTRAINT `tickets_department_id_foreign` FOREIGN KEY (`department_id`) REFERENCES `departments` (`id`) ON DELETE CASCADE ON UPDATE CASCADE,
  CONSTRAINT `tickets_priority_id_foreign` FOREIGN KEY (`priority_id`) REFERENCES `priorities` (`id`) ON DELETE CASCADE ON UPDATE CASCADE,
  CONSTRAINT `tickets_project_id_foreign` FOREIGN KEY (`project_id`) REFERENCES `projects` (`id`) ON DELETE NO ACTION ON UPDATE CASCADE,
  CONSTRAINT `tickets_ticket_status_id_foreign` FOREIGN KEY (`ticket_status_id`) REFERENCES `ticket_statuses` (`id`) ON DELETE CASCADE ON UPDATE CASCADE,
  CONSTRAINT `tickets_user_id_foreign` FOREIGN KEY (`user_id`) REFERENCES `users` (`id`) ON DELETE CASCADE ON UPDATE CASCADE
) ENGINE=InnoDB AUTO_INCREMENT=116 DEFAULT CHARSET=utf8mb4 COLLATE=utf8mb4_unicode_ci;
CREATE TABLE `transaction_references` (
  `id` int(10) unsigned NOT NULL AUTO_INCREMENT,
  `object_id` int(10) unsigned DEFAULT NULL,
  `reference_type` varchar(50) COLLATE utf8mb4_unicode_ci NOT NULL,
  `code` varchar(100) COLLATE utf8mb4_unicode_ci NOT NULL,
  PRIMARY KEY (`id`),
  KEY `transaction_references_reference_type_index` (`reference_type`)
) ENGINE=InnoDB AUTO_INCREMENT=55 DEFAULT CHARSET=utf8mb4 COLLATE=utf8mb4_unicode_ci;
CREATE TABLE `transactions` (
  `id` bigint(20) unsigned NOT NULL AUTO_INCREMENT,
  `currency_id` int(10) unsigned NOT NULL,
  `amount` decimal(16,8) NOT NULL,
  `transaction_type` varchar(100) COLLATE utf8mb4_unicode_ci NOT NULL,
  `account_id` int(10) unsigned DEFAULT NULL COMMENT 'account_id refers accounts table id',
  `transaction_date` date NOT NULL,
  `user_id` int(10) unsigned DEFAULT NULL COMMENT 'user_id refers users table id',
  `transaction_reference_id` int(10) unsigned NOT NULL COMMENT 'transaction_reference_id refers transaction_references table id',
  `transaction_method` varchar(50) COLLATE utf8mb4_unicode_ci NOT NULL,
  `description` text COLLATE utf8mb4_unicode_ci DEFAULT NULL,
  `payment_method_id` int(10) unsigned DEFAULT NULL COMMENT 'payment_method_id references payment_methods table id',
  `params` text COLLATE utf8mb4_unicode_ci DEFAULT NULL,
  `created_at` timestamp NOT NULL DEFAULT current_timestamp(),
  PRIMARY KEY (`id`),
  KEY `transactions_currency_id_foreign_idx` (`currency_id`),
  KEY `transactions_amount_index` (`amount`),
  KEY `transactions_transaction_type_index` (`transaction_type`),
  KEY `transactions_account_id_foreign_idx` (`account_id`),
  KEY `transactions_transaction_date_index` (`transaction_date`),
  KEY `transactions_user_id_foreign_idx` (`user_id`),
  KEY `transactions_transaction_reference_id_foreign_idx` (`transaction_reference_id`),
  KEY `transactions_transaction_method_index` (`transaction_method`),
  KEY `transactions_payment_method_id_foreign_idx` (`payment_method_id`),
  CONSTRAINT `transactions_ account_id_foreign` FOREIGN KEY (`account_id`) REFERENCES `accounts` (`id`) ON DELETE CASCADE ON UPDATE CASCADE,
  CONSTRAINT `transactions_currency_id_foreign` FOREIGN KEY (`currency_id`) REFERENCES `currencies` (`id`) ON DELETE CASCADE ON UPDATE CASCADE,
  CONSTRAINT `transactions_payment_method_id_foreign` FOREIGN KEY (`payment_method_id`) REFERENCES `payment_methods` (`id`) ON DELETE CASCADE ON UPDATE CASCADE,
  CONSTRAINT `transactions_transaction_reference_id_foreign` FOREIGN KEY (`transaction_reference_id`) REFERENCES `transaction_references` (`id`) ON DELETE CASCADE ON UPDATE CASCADE,
  CONSTRAINT `transactions_user_id_foreign` FOREIGN KEY (`user_id`) REFERENCES `users` (`id`) ON DELETE CASCADE ON UPDATE CASCADE
) ENGINE=InnoDB AUTO_INCREMENT=43 DEFAULT CHARSET=utf8mb4 COLLATE=utf8mb4_unicode_ci;
CREATE TABLE `transfers` (
  `id` int(10) unsigned NOT NULL AUTO_INCREMENT,
  `from_account_id` int(10) unsigned NOT NULL,
  `to_account_id` int(10) unsigned NOT NULL,
  `user_id` int(10) unsigned DEFAULT NULL,
  `from_currency_id` int(10) unsigned NOT NULL,
  `to_currency_id` int(10) unsigned NOT NULL,
  `transaction_date` date NOT NULL,
  `transaction_reference_id` int(10) unsigned NOT NULL,
  `description` varchar(200) COLLATE utf8mb4_unicode_ci DEFAULT NULL,
  `amount` decimal(16,8) NOT NULL,
  `fee` decimal(16,8) NOT NULL,
  `exchange_rate` decimal(16,8) DEFAULT NULL,
  `incoming_amount` decimal(16,8) NOT NULL,
  PRIMARY KEY (`id`),
  KEY `transfers_from_account_id_foreign_idx` (`from_account_id`),
  KEY `transfers_to_account_id_foreign_idx` (`to_account_id`),
  KEY `transfers_user_id_foreign_idx` (`user_id`),
  KEY `transfers_from_currency_id_foreign_idx` (`from_currency_id`),
  KEY `transfers_to_currency_id_foreign_idx` (`to_currency_id`),
  KEY `transfers_transaction_date_index` (`transaction_date`),
  KEY `transfers_transaction_reference_id_foreign_idx` (`transaction_reference_id`),
  KEY `transfers_amount_index` (`amount`),
  KEY `transfers_incoming_amount_index` (`incoming_amount`),
  CONSTRAINT `transfers_from_account_id_foreign` FOREIGN KEY (`from_account_id`) REFERENCES `accounts` (`id`) ON DELETE CASCADE ON UPDATE CASCADE,
  CONSTRAINT `transfers_from_currency_id_foreign` FOREIGN KEY (`from_currency_id`) REFERENCES `currencies` (`id`) ON DELETE CASCADE ON UPDATE CASCADE,
  CONSTRAINT `transfers_to_account_id_foreign` FOREIGN KEY (`to_account_id`) REFERENCES `accounts` (`id`) ON DELETE CASCADE ON UPDATE CASCADE,
  CONSTRAINT `transfers_to_currency_id_foreign` FOREIGN KEY (`to_currency_id`) REFERENCES `currencies` (`id`) ON DELETE CASCADE ON UPDATE CASCADE,
  CONSTRAINT `transfers_transaction_reference_id` FOREIGN KEY (`transaction_reference_id`) REFERENCES `transaction_references` (`id`) ON DELETE CASCADE ON UPDATE CASCADE,
  CONSTRAINT `transfers_user_id_foreign` FOREIGN KEY (`user_id`) REFERENCES `users` (`id`) ON DELETE CASCADE ON UPDATE CASCADE
) ENGINE=InnoDB AUTO_INCREMENT=69 DEFAULT CHARSET=utf8mb4 COLLATE=utf8mb4_unicode_ci;
CREATE TABLE `url_shortner_config` (
  `id` int(10) unsigned NOT NULL AUTO_INCREMENT,
  `type` varchar(50) COLLATE utf8mb4_unicode_ci DEFAULT NULL,
  `status` varchar(50) COLLATE utf8mb4_unicode_ci DEFAULT NULL,
  `key` varchar(191) COLLATE utf8mb4_unicode_ci DEFAULT NULL,
  `secretkey` varchar(191) COLLATE utf8mb4_unicode_ci NOT NULL,
  `default` varchar(50) COLLATE utf8mb4_unicode_ci DEFAULT NULL,
  PRIMARY KEY (`id`)
) ENGINE=InnoDB DEFAULT CHARSET=utf8mb4 COLLATE=utf8mb4_unicode_ci;
CREATE TABLE `user_departments` (
  `id` int(10) unsigned NOT NULL AUTO_INCREMENT,
  `user_id` int(10) unsigned DEFAULT NULL COMMENT 'user_id refers users table id',
  `department_id` int(10) unsigned NOT NULL COMMENT 'department_id refers departments table id',
  PRIMARY KEY (`id`),
  KEY `user_departments_user_id_foreign_idx` (`user_id`),
  KEY `user_departments_department_id_foreign_idx` (`department_id`),
  CONSTRAINT `user_departments_department_id_foreign` FOREIGN KEY (`department_id`) REFERENCES `departments` (`id`) ON DELETE CASCADE ON UPDATE CASCADE,
  CONSTRAINT `user_departments_user_id_foreign` FOREIGN KEY (`user_id`) REFERENCES `users` (`id`) ON DELETE CASCADE ON UPDATE CASCADE
) ENGINE=InnoDB AUTO_INCREMENT=8 DEFAULT CHARSET=utf8mb4 COLLATE=utf8mb4_unicode_ci;
CREATE TABLE `users` (
  `id` int(10) unsigned NOT NULL AUTO_INCREMENT,
  `full_name` varchar(64) COLLATE utf8mb4_unicode_ci NOT NULL,
  `first_name` varchar(32) COLLATE utf8mb4_unicode_ci NOT NULL,
  `last_name` varchar(32) COLLATE utf8mb4_unicode_ci NOT NULL,
  `added_by` int(10) unsigned DEFAULT NULL,
  `password` varchar(100) COLLATE utf8mb4_unicode_ci NOT NULL,
  `role_id` int(10) unsigned DEFAULT NULL,
  `phone` varchar(30) COLLATE utf8mb4_unicode_ci DEFAULT NULL,
  `email` varchar(100) COLLATE utf8mb4_unicode_ci DEFAULT NULL,
  `remember_token` varchar(100) COLLATE utf8mb4_unicode_ci NOT NULL,
  `is_active` tinyint(1) NOT NULL DEFAULT 1 COMMENT '1 for active;\r\n0 otherwise',
  `created_at` timestamp NULL DEFAULT current_timestamp(),
  `updated_at` timestamp NULL DEFAULT NULL ON UPDATE current_timestamp(),
  `deleted_at` timestamp NULL DEFAULT NULL,
  PRIMARY KEY (`id`),
  KEY `users_full_name_index` (`full_name`),
  KEY `users_first_name_index` (`first_name`),
  KEY `users_last_name_index` (`last_name`),
  KEY `users_added_by_foreign_idx` (`added_by`),
  KEY `users_role_id_foreign_idx` (`role_id`),
  KEY `users_email_index` (`email`),
  KEY `users_is_active_index` (`is_active`),
  CONSTRAINT `users_role_id_foreign` FOREIGN KEY (`role_id`) REFERENCES `roles` (`id`) ON DELETE CASCADE ON UPDATE CASCADE
) ENGINE=InnoDB AUTO_INCREMENT=6 DEFAULT CHARSET=utf8mb4 COLLATE=utf8mb4_unicode_ci;
BEGIN;
LOCK TABLES `cka_crm`.`account_types` WRITE;
DELETE FROM `cka_crm`.`account_types`;
INSERT INTO `cka_crm`.`account_types` (`id`,`name`) VALUES (2, 'Checking Accounts'),(3, 'Money Market Accounts'),(4, 'Retirement Accounts'),(1, 'Savings Accounts');
UNLOCK TABLES;
COMMIT;
BEGIN;
LOCK TABLES `cka_crm`.`accounts` WRITE;
DELETE FROM `cka_crm`.`accounts`;
INSERT INTO `cka_crm`.`accounts` (`id`,`account_type_id`,`name`,`account_number`,`income_expense_category_id`,`currency_id`,`bank_name`,`branch_name`,`branch_city`,`swift_code`,`bank_address`,`is_default`,`is_deleted`) VALUES (1, 1, 'GoBilling-Savings', '323076012', NULL, 3, 'Bank of America', 'Lexington Ave - Bank of America', 'Lexington Ave, New York', '10028', '1275 Lexington Ave, New York, NY 10028', 1, 0),(2, 2, 'GoBilling-Expenses', '323076013', NULL, 4, 'HSBC', 'HSBC_Upper-Richmond', 'London', '172', '172 Upper Richmond Rd, Putney, London SW15 2SH, United Kingdom', 0, 0),(3, 4, 'GoBilling-Retire', '0532013000', NULL, 2, 'Deutsche Bank', 'DB_Berlin', 'Berlin', '10029', 'Otto-Suhr-Allee 6-16, 10585 Berlin, Germany', 0, 0),(4, 3, 'GoBilling-Misc', '100000148', NULL, 1, 'Sonali Bank', 'SB_Motijheel', 'Dhaka', '10032', '206 Nawabpur Rd, Dhaka', 0, 0);
UNLOCK TABLES;
COMMIT;
BEGIN;
LOCK TABLES `cka_crm`.`activities` WRITE;
DELETE FROM `cka_crm`.`activities`;
INSERT INTO `cka_crm`.`activities` (`id`,`object_id`,`object_type`,`user_id`,`customer_id`,`params`,`description`,`created_at`) VALUES (1, 1, NULL, 1, 1, NULL, 'A new project has been created.', '2020-04-13 20:23:24'),(2, 1, NULL, 1, 1, NULL, 'New team member v<strong>Admin TechVill</strong> has been added.', '2020-04-13 20:23:24'),(3, 1, NULL, 1, 1, NULL, 'New team member v<strong>Willa Cooper</strong> has been added.', '2020-04-13 20:23:24'),(4, 1, NULL, 1, 1, NULL, 'New team member v<strong>Frank M Bushnell</strong> has been added.', '2020-04-13 20:23:24'),(5, 1, NULL, 1, 1, NULL, 'New team member v<strong>Luke Wise</strong> has been added.', '2020-04-13 20:23:24'),(6, 2, NULL, 1, 1, NULL, 'A new project has been created.', '2020-04-13 20:26:53'),(7, 2, NULL, 1, 2, NULL, 'New team member v<strong>Willa Cooper</strong> has been added.', '2020-04-13 20:26:53'),(8, 2, NULL, 1, 2, NULL, 'New team member v<strong>Ronald Longwell</strong> has been added.', '2020-04-13 20:26:53'),(9, 2, NULL, 1, 2, NULL, 'New team member v<strong>Luke Wise</strong> has been added.', '2020-04-13 20:26:53'),(10, 3, NULL, 1, 2, NULL, 'A new project has been created.', '2020-04-13 20:30:10'),(11, 3, NULL, 1, 2, NULL, 'New team member v<strong>Willa Cooper</strong> has been added.', '2020-04-13 20:30:10'),(12, 3, NULL, 1, 2, NULL, 'New team member v<strong>Luke Wise</strong> has been added.', '2020-04-13 20:30:10'),(13, 4, NULL, 1, 2, NULL, 'A new project has been created.', '2020-04-13 20:31:41'),(14, 4, NULL, 1, 2, NULL, 'New team member v<strong>Willa Cooper</strong> has been added.', '2020-04-13 20:31:41'),(15, 4, NULL, 1, 2, NULL, 'New team member v<strong>Ronald Longwell</strong> has been added.', '2020-04-13 20:31:41'),(16, 5, NULL, 1, 2, NULL, 'A new project has been created.', '2020-04-13 20:34:20'),(17, 5, NULL, 1, 2, NULL, 'New team member v<strong>Frank M Bushnell</strong> has been added.', '2020-04-13 20:34:20'),(18, 5, NULL, 1, 2, NULL, 'New team member v<strong>Ronald Longwell</strong> has been added.', '2020-04-13 20:34:20'),(19, 3, NULL, 1, 2, NULL, 'New team member v<strong>Admin TechVill</strong> has been added.', '2020-04-13 20:58:28'),(20, 3, NULL, 1, 2, NULL, NULL, '2020-04-13 20:58:51');
UNLOCK TABLES;
COMMIT;
BEGIN;
LOCK TABLES `cka_crm`.`backups` WRITE;
DELETE FROM `cka_crm`.`backups`;
UNLOCK TABLES;
COMMIT;
BEGIN;
LOCK TABLES `cka_crm`.`calendar_events` WRITE;
DELETE FROM `cka_crm`.`calendar_events`;
UNLOCK TABLES;
COMMIT;
BEGIN;
LOCK TABLES `cka_crm`.`canned_links` WRITE;
DELETE FROM `cka_crm`.`canned_links`;
UNLOCK TABLES;
COMMIT;
BEGIN;
LOCK TABLES `cka_crm`.`canned_messages` WRITE;
DELETE FROM `cka_crm`.`canned_messages`;
UNLOCK TABLES;
COMMIT;
BEGIN;
LOCK TABLES `cka_crm`.`captcha_configurations` WRITE;
DELETE FROM `cka_crm`.`captcha_configurations`;
INSERT INTO `cka_crm`.`captcha_configurations` (`id`,`site_key`,`secret_key`,`site_verify_url`,`plugin_url`) VALUES (1, 'fill with your site key', 'fill with your secret key', 'https://www.google.com/recaptcha/api/siteverify', 'https://www.google.com/recaptcha/api.js');
UNLOCK TABLES;
COMMIT;
BEGIN;
LOCK TABLES `cka_crm`.`checklist_items` WRITE;
DELETE FROM `cka_crm`.`checklist_items`;
INSERT INTO `cka_crm`.`checklist_items` (`id`,`title`,`task_id`,`is_checked`,`created_at`,`checked_at`) VALUES (4, 'calculation', 131, 0, '2020-04-13 20:39:43', NULL),(5, 'design', 131, 0, '2020-04-13 20:39:43', NULL),(6, 'responsive', 131, 0, '2020-04-13 20:39:43', NULL),(7, 'Design', 132, 0, '2020-04-13 20:42:38', NULL),(8, 'Responsive', 132, 0, '2020-04-13 20:42:38', NULL),(9, 'Object-Pattern', 132, 0, '2020-04-13 20:42:38', NULL),(10, 'Feature', 135, 0, '2020-04-13 20:54:48', NULL),(11, 'Currency', 135, 0, '2020-04-13 20:54:48', NULL),(12, 'Registration', 135, 0, '2020-04-13 20:54:48', NULL),(13, 'booking', 136, 0, '2020-04-13 20:58:11', NULL),(14, 'property formation', 136, 0, '2020-04-13 20:58:11', NULL),(15, 'user error', 136, 0, '2020-04-13 20:58:11', NULL),(16, 'message bug', 137, 0, '2020-04-13 21:01:11', NULL),(17, 'admin panel', 137, 0, '2020-04-13 21:01:11', NULL),(18, 'push update', 137, 0, '2020-04-13 21:01:11', NULL);
UNLOCK TABLES;
COMMIT;
BEGIN;
LOCK TABLES `cka_crm`.`countries` WRITE;
DELETE FROM `cka_crm`.`countries`;
INSERT INTO `cka_crm`.`countries` (`id`,`name`,`code`) VALUES (1, 'United States', 'US'),(2, 'Canada', 'CA'),(3, 'Afghanistan', 'AF'),(4, 'Albania', 'AL'),(5, 'Algeria', 'DZ'),(6, 'American Samoa', 'AS'),(7, 'Andorra', 'AD'),(8, 'Angola', 'AO'),(9, 'Anguilla', 'AI'),(10, 'Antarctica', 'AQ'),(11, 'Antigua and/or Barbuda', 'AG'),(12, 'Argentina', 'AR'),(13, 'Armenia', 'AM'),(14, 'Aruba', 'AW'),(15, 'Australia', 'AU'),(16, 'Austria', 'AT'),(17, 'Azerbaijan', 'AZ'),(18, 'Bahamas', 'BS'),(19, 'Bahrain', 'BH'),(20, 'Bangladesh', 'BD'),(21, 'Barbados', 'BB'),(22, 'Belarus', 'BY'),(23, 'Belgium', 'BE'),(24, 'Belize', 'BZ'),(25, 'Benin', 'BJ'),(26, 'Bermuda', 'BM'),(27, 'Bhutan', 'BT'),(28, 'Bolivia', 'BO'),(29, 'Bosnia and Herzegovina', 'BA'),(30, 'Botswana', 'BW'),(31, 'Bouvet Island', 'BV'),(32, 'Brazil', 'BR'),(33, 'British lndian Ocean Territory', 'IO'),(34, 'Brunei Darussalam', 'BN'),(35, 'Bulgaria', 'BG'),(36, 'Burkina Faso', 'BF'),(37, 'Burundi', 'BI'),(38, 'Cambodia', 'KH'),(39, 'Cameroon', 'CM'),(40, 'Cape Verde', 'CV'),(41, 'Cayman Islands', 'KY'),(42, 'Central African Republic', 'CF'),(43, 'Chad', 'TD'),(44, 'Chile', 'CL'),(45, 'China', 'CN'),(46, 'Christmas Island', 'CX'),(47, 'Cocos (Keeling) Islands', 'CC'),(48, 'Colombia', 'CO'),(49, 'Comoros', 'KM'),(50, 'Congo', 'CG'),(51, 'Cook Islands', 'CK'),(52, 'Costa Rica', 'CR'),(53, 'Croatia (Hrvatska)', 'HR'),(54, 'Cuba', 'CU'),(55, 'Cyprus', 'CY'),(56, 'Czech Republic', 'CZ'),(57, 'Democratic Republic of Congo', 'CD'),(58, 'Denmark', 'DK'),(59, 'Djibouti', 'DJ'),(60, 'Dominica', 'DM'),(61, 'Dominican Republic', 'DO'),(62, 'East Timor', 'TP'),(63, 'Ecudaor', 'EC'),(64, 'Egypt', 'EG'),(65, 'El Salvador', 'SV'),(66, 'Equatorial Guinea', 'GQ'),(67, 'Eritrea', 'ER'),(68, 'Estonia', 'EE'),(69, 'Ethiopia', 'ET'),(70, 'Falkland Islands (Malvinas)', 'FK'),(71, 'Faroe Islands', 'FO'),(72, 'Fiji', 'FJ'),(73, 'Finland', 'FI'),(74, 'France', 'FR'),(75, 'France, Metropolitan', 'FX'),(76, 'French Guiana', 'GF'),(77, 'French Polynesia', 'PF'),(78, 'French Southern Territories', 'TF'),(79, 'Gabon', 'GA'),(80, 'Gambia', 'GM'),(81, 'Georgia', 'GE'),(82, 'Germany', 'DE'),(83, 'Ghana', 'GH'),(84, 'Gibraltar', 'GI'),(85, 'Greece', 'GR'),(86, 'Greenland', 'GL'),(87, 'Grenada', 'GD'),(88, 'Guadeloupe', 'GP'),(89, 'Guam', 'GU'),(90, 'Guatemala', 'GT'),(91, 'Guinea', 'GN'),(92, 'Guinea-Bissau', 'GW'),(93, 'Guyana', 'GY'),(94, 'Haiti', 'HT'),(95, 'Heard and Mc Donald Islands', 'HM'),(96, 'Honduras', 'HN'),(97, 'Hong Kong', 'HK'),(98, 'Hungary', 'HU'),(99, 'Iceland', 'IS'),(100, 'India', 'IN'),(101, 'Indonesia', 'ID'),(102, 'Iran (Islamic Republic of)', 'IR'),(103, 'Iraq', 'IQ'),(104, 'Ireland', 'IE'),(105, 'Israel', 'IL'),(106, 'Italy', 'IT'),(107, 'Ivory Coast', 'CI'),(108, 'Jamaica', 'JM'),(109, 'Japan', 'JP'),(110, 'Jordan', 'JO'),(111, 'Kazakhstan', 'KZ'),(112, 'Kenya', 'KE'),(113, 'Kiribati', 'KI'),(114, 'Korea, Democratic People\'s Republic of', 'KP'),(115, 'Korea, Republic of', 'KR'),(116, 'Kuwait', 'KW'),(117, 'Kyrgyzstan', 'KG'),(118, 'Lao People\'s Democratic Republic', 'LA'),(119, 'Latvia', 'LV'),(120, 'Lebanon', 'LB'),(121, 'Lesotho', 'LS'),(122, 'Liberia', 'LR'),(123, 'Libyan Arab Jamahiriya', 'LY'),(124, 'Liechtenstein', 'LI'),(125, 'Lithuania', 'LT'),(126, 'Luxembourg', 'LU'),(127, 'Macau', 'MO'),(128, 'Macedonia', 'MK'),(129, 'Madagascar', 'MG'),(130, 'Malawi', 'MW'),(131, 'Malaysia', 'MY'),(132, 'Maldives', 'MV'),(133, 'Mali', 'ML'),(134, 'Malta', 'MT'),(135, 'Marshall Islands', 'MH'),(136, 'Martinique', 'MQ'),(137, 'Mauritania', 'MR'),(138, 'Mauritius', 'MU'),(139, 'Mayotte', 'TY'),(140, 'Mexico', 'MX'),(141, 'Micronesia, Federated States of', 'FM'),(142, 'Moldova, Republic of', 'MD'),(143, 'Monaco', 'MC'),(144, 'Mongolia', 'MN'),(145, 'Montserrat', 'MS'),(146, 'Morocco', 'MA'),(147, 'Mozambique', 'MZ'),(148, 'Myanmar', 'MM'),(149, 'Namibia', 'NA'),(150, 'Nauru', 'NR'),(151, 'Nepal', 'NP'),(152, 'Netherlands', 'NL'),(153, 'Netherlands Antilles', 'AN'),(154, 'New Caledonia', 'NC'),(155, 'New Zealand', 'NZ'),(156, 'Nicaragua', 'NI'),(157, 'Niger', 'NE'),(158, 'Nigeria', 'NG'),(159, 'Niue', 'NU'),(160, 'Norfork Island', 'NF'),(161, 'Northern Mariana Islands', 'MP'),(162, 'Norway', 'NO'),(163, 'Oman', 'OM'),(164, 'Pakistan', 'PK'),(165, 'Palau', 'PW'),(166, 'Panama', 'PA'),(167, 'Papua New Guinea', 'PG'),(168, 'Paraguay', 'PY'),(169, 'Peru', 'PE'),(170, 'Philippines', 'PH'),(171, 'Pitcairn', 'PN'),(172, 'Poland', 'PL'),(173, 'Portugal', 'PT'),(174, 'Puerto Rico', 'PR'),(175, 'Qatar', 'QA'),(176, 'Republic of South Sudan', 'SS'),(177, 'Reunion', 'RE'),(178, 'Romania', 'RO'),(179, 'Russian Federation', 'RU'),(180, 'Rwanda', 'RW'),(181, 'Saint Kitts and Nevis', 'KN'),(182, 'Saint Lucia', 'LC'),(183, 'Saint Vincent and the Grenadines', 'VC'),(184, 'Samoa', 'WS'),(185, 'San Marino', 'SM'),(186, 'Sao Tome and Principe', 'ST'),(187, 'Saudi Arabia', 'SA'),(188, 'Senegal', 'SN'),(189, 'Serbia', 'RS'),(190, 'Seychelles', 'SC'),(191, 'Sierra Leone', 'SL'),(192, 'Singapore', 'SG'),(193, 'Slovakia', 'SK'),(194, 'Slovenia', 'SI'),(195, 'Solomon Islands', 'SB'),(196, 'Somalia', 'SO'),(197, 'South Africa', 'ZA'),(198, 'South Georgia South Sandwich Islands', 'GS'),(199, 'Spain', 'ES'),(200, 'Sri Lanka', 'LK'),(201, 'St. Helena', 'SH'),(202, 'St. Pierre and Miquelon', 'PM'),(203, 'Sudan', 'SD'),(204, 'Suriname', 'SR'),(205, 'Svalbarn and Jan Mayen Islands', 'SJ'),(206, 'Swaziland', 'SZ'),(207, 'Sweden', 'SE'),(208, 'Switzerland', 'CH'),(209, 'Syrian Arab Republic', 'SY'),(210, 'Taiwan', 'TW'),(211, 'Tajikistan', 'TJ'),(212, 'Tanzania, United Republic of', 'TZ'),(213, 'Thailand', 'TH'),(214, 'Togo', 'TG'),(215, 'Tokelau', 'TK'),(216, 'Tonga', 'TO'),(217, 'Trinidad and Tobago', 'TT'),(218, 'Tunisia', 'TN'),(219, 'Turkey', 'TR'),(220, 'Turkmenistan', 'TM'),(221, 'Turks and Caicos Islands', 'TC'),(222, 'Tuvalu', 'TV'),(223, 'Uganda', 'UG'),(224, 'Ukraine', 'UA'),(225, 'United Arab Emirates', 'AE'),(226, 'United Kingdom', 'GB'),(227, 'United States minor outlying islands', 'UM'),(228, 'Uruguay', 'UY'),(229, 'Uzbekistan', 'UZ'),(230, 'Vanuatu', 'VU'),(231, 'Vatican City State', 'VA'),(232, 'Venezuela', 'VE'),(233, 'Vietnam', 'VN'),(234, 'Virgin Islands (British)', 'VG'),(235, 'Virgin Islands (U.S.)', 'VI'),(236, 'Wallis and Futuna Islands', 'WF'),(237, 'Western Sahara', 'EH'),(238, 'Yemen', 'YE'),(239, 'Yugoslavia', 'YU'),(240, 'Zaire', 'ZR'),(241, 'Zambia', 'ZM'),(242, 'Zimbabwe', 'ZW');
UNLOCK TABLES;
COMMIT;
BEGIN;
LOCK TABLES `cka_crm`.`currencies` WRITE;
DELETE FROM `cka_crm`.`currencies`;
INSERT INTO `cka_crm`.`currencies` (`id`,`name`,`symbol`,`exchange_rate`,`exchange_from`) VALUES (1, 'BDT', '', 1.00000000, 'local'),(2, 'EUR', '', 0.00000000, 'local'),(3, 'USD', '$', 85.00000000, 'local'),(4, 'GBP', '', 55.00000000, 'local');
UNLOCK TABLES;
COMMIT;
BEGIN;
LOCK TABLES `cka_crm`.`currency_converter_configurations` WRITE;
DELETE FROM `cka_crm`.`currency_converter_configurations`;
UNLOCK TABLES;
COMMIT;
BEGIN;
LOCK TABLES `cka_crm`.`custom_item_orders` WRITE;
DELETE FROM `cka_crm`.`custom_item_orders`;
UNLOCK TABLES;
COMMIT;
BEGIN;
LOCK TABLES `cka_crm`.`customer_activations` WRITE;
DELETE FROM `cka_crm`.`customer_activations`;
UNLOCK TABLES;
COMMIT;
BEGIN;
LOCK TABLES `cka_crm`.`customer_branches` WRITE;
DELETE FROM `cka_crm`.`customer_branches`;
INSERT INTO `cka_crm`.`customer_branches` (`id`,`customer_id`,`name`,`contact`,`billing_street`,`billing_city`,`billing_state`,`billing_zip_code`,`billing_country_id`,`shipping_street`,`shipping_city`,`shipping_state`,`shipping_zip_code`,`shipping_country_id`) VALUES (1, 1, 'William Jones', NULL, '864  Sussex Court', 'Waco', 'Texas', '76706', 1, '864  Sussex Court', 'Waco', 'Texas', '76706', 1),(2, 2, 'Agatha Williams', NULL, '2316  Mahlon Street', 'BRADLEY', 'West Virginia', '25818', 1, '2316  Mahlon Street', 'BRADLEY', 'West Virginia', '25818', 1),(3, 3, 'Ben Wilkinson', NULL, '852  Chandler Drive', 'Springfield', 'Missouri', '65806', 1, '852  Chandler Drive', 'Springfield', 'Missouri', '65806', 1),(4, 4, 'Harvey Morrison', NULL, '79 Stroud Rd', 'OKEHAMPTON', NULL, 'EX20 6TP', 226, '79 Stroud Rd', 'OKEHAMPTON', NULL, 'EX20 6TP', 226),(5, 5, 'Anke Kaiser', NULL, 'Feldstrasse 47', 'Hausneindorf', 'Sachsen Anhal', '06458', 82, 'Feldstrasse 47', 'Hausneindorf', 'Sachsen Anhal', '06458', 82),(6, 6, 'Anke Kaiser', NULL, 'Feldstrasse 47', 'Hausneindorf', 'Sachsen Anhal', '06458', 82, 'Feldstrasse 47', 'Hausneindorf', 'Sachsen Anhal', '06458', 82);
UNLOCK TABLES;
COMMIT;
BEGIN;
LOCK TABLES `cka_crm`.`customer_transactions` WRITE;
DELETE FROM `cka_crm`.`customer_transactions`;
INSERT INTO `cka_crm`.`customer_transactions` (`id`,`user_id`,`account_id`,`payment_method_id`,`customer_id`,`sale_order_id`,`transaction_reference_id`,`currency_id`,`transaction_date`,`amount`,`exchange_rate`,`status`,`created_at`) VALUES (65, 1, NULL, NULL, 1, 9, 26, 3, '2021-09-10', 10.00000000, 1.00000000, 'Approved', '2020-04-15 18:21:08'),(66, 1, NULL, 1, 1, 9, 28, 3, '2021-09-10', 50.00000000, 1.00000000, 'Approved', '2020-04-15 19:05:33'),(68, 1, NULL, 2, 2, 38, 30, 4, '2021-09-10', 1430.46000000, 1.55000000, 'Approved', '2020-04-15 19:10:21'),(69, 1, NULL, 3, 4, 34, 31, 4, '2021-09-10', 1669.61000000, 1.00000000, 'Approved', '2020-04-15 19:10:58'),(70, 1, NULL, NULL, 5, 18, 32, 4, '2021-09-10', 3735.32000000, 1.00000000, 'Approved', '2020-04-15 19:11:43'),(71, 1, NULL, 2, 3, 36, 33, 4, '2021-09-10', 775.00000000, 1.55000000, 'Approved', '2020-04-15 19:12:59'),(72, NULL, 1, 2, 3, 36, 42, 3, '2021-09-10', 964.70000000, 1.00000000, 'Pending', '2020-04-15 20:10:51'),(73, NULL, 1, 2, 3, 36, 43, 3, '2021-09-10', 964.70000000, 1.00000000, 'Declined', '2020-04-15 20:41:38'),(74, 1, NULL, NULL, 1, 43, 54, 3, '2021-09-20', 2046.34000000, 1.00000000, 'Approved', '2021-09-20 15:46:36');
UNLOCK TABLES;
COMMIT;
BEGIN;
LOCK TABLES `cka_crm`.`customers` WRITE;
DELETE FROM `cka_crm`.`customers`;
INSERT INTO `cka_crm`.`customers` (`id`,`name`,`first_name`,`last_name`,`email`,`password`,`phone`,`tax_id`,`currency_id`,`customer_type`,`timezone`,`remember_token`,`is_active`,`is_verified`,`created_at`,`updated_at`) VALUES (1, 'Walking customer', 'Walking', 'customer', '', '$2y$10$VJwK3pDqNJFXvtA8VJpaeeWAtKXV6/EzhIc61QZ6C.CyN1tojQaqa', '', NULL, 3, NULL, 'Asia/Dhaka', '', 1, 0, '2021-09-10 08:10:39', '2021-09-11 08:10:39'),(2, 'William Jones', 'William', 'Jones', 'jones@techvill.net', '$2y$10$VJwK3pDqNJFXvtA8VJpaeeWAtKXV6/EzhIc61QZ6C.CyN1tojQaqa', '254-424-8310', NULL, 3, NULL, 'Asia/Dhaka', 'IbpxS2sBHaUClyJnVEO44P0StMe1sHK66ncU3kQhn0Nt8NFV522QX65rNKMu', 1, 0, '2021-09-10 08:10:39', '2021-09-11 08:10:39'),(3, 'Agatha Williams', 'Agatha', 'Williams', 'customer@techvill.net', '$2y$10$N3lhifCa7onmuU7TqvWnXOyDalVK08Ne5XPYGI180Iemn7qgfA/Ce', '734-223-8992', NULL, 3, NULL, 'Asia/Dhaka', '', 1, 1, '2021-09-10 08:10:39', '2021-09-11 08:10:39'),(4, 'Ben Wilkinson', 'Ben', 'Wilkinson', 'wilkinson@techvill.net', '', '417-594-7640', NULL, 3, NULL, 'Asia/Dhaka', 'ePKVE5gy1TdPveZfeIJxaNxmOxDONvWR78pBzRWFaBCPYG8KYSq5oqxsXn9W', 1, 0, '2021-09-10 08:10:39', '2021-09-11 08:10:39'),(5, 'Harvey Morrison', 'Harvey', 'Morrison', 'morrison@techvill.net', '$2y$10$fjaYMAVg2waBoaPm0MLHAu1WrKn4QCOX4bV6A0UcM0DxMnSQv7GeG', '070 8416 6783', NULL, 4, NULL, 'Asia/Dhaka', '', 1, 0, '2021-09-10 08:10:39', '2021-09-10 08:10:39'),(6, 'Anke Kaiser', 'Anke', 'Kaiser', 'kaiser@techvill.net', '', '039481700', NULL, 4, NULL, 'Asia/Dhaka', 'HS4LZVYvB7Imnz9OYOjroVLr45bro6sHskDuhOKRCe35L932jh193juF16qB', 1, 0, '2021-09-10 08:10:39', '2021-09-11 08:10:39');
UNLOCK TABLES;
COMMIT;
BEGIN;
LOCK TABLES `cka_crm`.`departments` WRITE;
DELETE FROM `cka_crm`.`departments`;
INSERT INTO `cka_crm`.`departments` (`id`,`name`) VALUES (2, 'Marketing'),(3, 'Sales'),(1, 'Technical');
UNLOCK TABLES;
COMMIT;
BEGIN;
LOCK TABLES `cka_crm`.`deposits` WRITE;
DELETE FROM `cka_crm`.`deposits`;
INSERT INTO `cka_crm`.`deposits` (`id`,`account_id`,`user_id`,`income_expense_category_id`,`transaction_reference_id`,`payment_method_id`,`transaction_date`,`description`,`amount`) VALUES (45, 1, 1, 8, 5, 2, '2021-09-10', 'Lorem Ipsum is simply dummy text of the printing and typesetting industry. Lorem Ipsum has been the industry\'s standard dummy text ever since the 1500s, when an unknown printer took a galley of type and scrambled it to make a type specimen book.', 2000.00000000),(46, 1, 1, 6, 6, 2, '2020-03-21', 'Lorem Ipsum is simply dummy text of the printing and typesetting industry. Lorem Ipsum has been the industry\'s standard dummy text ever since the 1500s, when an unknown printer took a galley of type and scrambled it to make a type specimen book.', 3000.00000000),(47, 2, 1, 7, 7, 3, '2021-09-10', 'Lorem Ipsum is simply dummy text of the printing and typesetting industry. Lorem Ipsum has been the industry\'s standard dummy text ever since the 1500s, when an unknown printer took a galley of type and scrambled it to make a type specimen book.', 3000.00000000),(48, 2, 1, 7, 8, 2, '2021-09-10', 'Lorem Ipsum is simply dummy text of the printing and typesetting industry. Lorem Ipsum has been the industry\'s standard dummy text ever since the 1500s, when an unknown printer took a galley of type and scrambled it to make a type specimen book.', 6000.00000000),(49, 3, 1, 8, 9, 1, '2021-09-10', 'Lorem Ipsum is simply dummy text of the printing and typesetting industry. Lorem Ipsum has been the industry\'s standard dummy text ever since the 1500s, when an unknown printer took a galley of type and scrambled it to make a type specimen book.', 5000.00000000),(50, 3, 1, 7, 10, 2, '2021-09-10', 'Lorem Ipsum is simply dummy text of the printing and typesetting industry. Lorem Ipsum has been the industry\'s standard dummy text ever since the 1500s, when an unknown printer took a galley of type and scrambled it to make a type specimen book.', 2000.00000000),(51, 4, 1, 7, 11, 2, '2021-09-10', 'Lorem Ipsum is simply dummy text of the printing and typesetting industry. Lorem Ipsum has been the industry\'s standard dummy text ever since the 1500s, when an unknown printer took a galley of type and scrambled it to make a type specimen book.', 7000.00000000),(52, 4, 1, 7, 12, 3, '2021-09-10', 'Lorem Ipsum is simply dummy text of the printing and typesetting industry. Lorem Ipsum has been the industry\'s standard dummy text ever since the 1500s, when an unknown printer took a galley of type and scrambled it to make a type specimen book.', 8000.00000000);
UNLOCK TABLES;
COMMIT;
BEGIN;
LOCK TABLES `cka_crm`.`email_configurations` WRITE;
DELETE FROM `cka_crm`.`email_configurations`;
INSERT INTO `cka_crm`.`email_configurations` (`id`,`protocol`,`encryption`,`smtp_host`,`smtp_port`,`smtp_email`,`smtp_username`,`smtp_password`,`from_address`,`from_name`,`status`) VALUES (1, 'smtp', 'tls', 'smtp.gmail.com', '587', 'example@gmail.com', 'example@gmail.com', 'screte', 'example@gmail.com', 'example@gmail.com', 1);
UNLOCK TABLES;
COMMIT;
BEGIN;
LOCK TABLES `cka_crm`.`email_templates` WRITE;
DELETE FROM `cka_crm`.`email_templates`;
INSERT INTO `cka_crm`.`email_templates` (`id`,`template_id`,`subject`,`body`,`language_short_name`,`template_type`,`language_id`) VALUES (1, 1, 'Payment information for Invoice#{invoice_reference_no}.', '<html>\r\n                    <head>\r\n                    <body style=\"background-color:#e0e0e2; font-size:100%;font-weight:400;line-height:1.4;color:#000;\">\r\n                        <table style=\"max-width:700px;margin:50px auto 10px;border: 1px solid black;background-color:#fff;padding:50px;-webkit-border-radius:3px;-moz-border-radius:3px;border-radius:3px;-webkit-box-shadow:0 1px 3px rgba(0,0,0,.12),0 1px 2px rgba(0,0,0,.24);-moz-box-shadow:0 1px 3px rgba(0,0,0,.12),0 1px 2px rgba(0,0,0,.24);box-shadow:0 1px 3px rgba(0,0,0,.12),0 1px 2px rgba(0,0,0,.24); border-top: solid 10px #1028d4;\">\r\n                            <thead>\r\n                                <tr>\r\n                                    <td colspan=\"2\" style=\"text-align: justify;\">\r\n                                        <p style=\"text-align:center\"></p>\r\n                                        <p style=\"font-size: 16px;\"><strong>Hi {customer_name},</strong></p>\r\n                                        <p style=\"font-size: 16px;\" style=\"line-height: 2rem; text-align: justify;\">Thanks for purchasing our products and making your payments. We just want to confirm a few details about payment information. Please, check if it is okay or not.</p>\r\n                                    </td>\r\n                                </tr>\r\n                                <tr>\r\n                                    <td style=\"height:35px;\"></td>\r\n                                </tr>\r\n                            </thead>\r\n                            <tbody>\r\n                                <tr>\r\n                                    <td>\r\n                                        <p><u><b>Customer Information:</b></u></p>\r\n                                        <p>{billing_street}, {billing_city}, {billing_state}, {billing_zip_code}, {billing_country}</p><br />\r\n                                    </td>\r\n                                </tr>\r\n                                <tr>\r\n                                    <td>\r\n                                        <p><u><b>Payment Summary:</b></u></p>\r\n                                        <p>Payment No : <span>{payment_id}</span></p>\r\n                                        <p>Payment Date : <span>{payment_date}</span></p>\r\n                                        <p>Total Amount : <span>{total_amount}</span></p>\r\n                                        <p>Quotation No  : <span>{order_reference_no}</span></p>\r\n                                        <p>Invoice No  : <span>{invoice_reference_no}</span></p>\r\n                                    </td>\r\n                                </tr>\r\n                                <tr style=\"margin: 0; padding: 0;\">\r\n                                    <td colspan=\"2\">\r\n                                        <p style=\"font-size:16px;margin-top:50px;\"><strong>Regards,</strong></p>\r\n                                        <p style=\"font-size:16px;\">{company_name}</p>\r\n                                        <br />\r\n                                        <hr>\r\n                                        <p style=\"text-align: center;\">{company_name}, all rights reserved</p>\r\n                                    </td>\r\n                                </tr>\r\n                            </tbody>\r\n                        </table>\r\n                    </body>\r\n                </html>', 'en', 'email', 1),(2, 4, 'Your Invoice # {invoice_reference_no} from {company_name} has been created.', '<html>\r\n                    <body style=\"background-color:#e2e1e0;color:#000;\">\r\n                      <table style=\"max-width:700px;margin:50px auto 10px;border: 1px solid black;background-color:#fff;padding:50px;-webkit-border-radius:3px;-moz-border-radius:3px;border-radius:3px;-webkit-box-shadow:0 1px 3px rgba(0,0,0,.12),0 1px 2px rgba(0,0,0,.24);-moz-box-shadow:0 1px 3px rgba(0,0,0,.12),0 1px 2px rgba(0,0,0,.24);box-shadow:0 1px 3px rgba(0,0,0,.12),0 1px 2px rgba(0,0,0,.24); border-top: solid 10px green;\">\r\n                        <thead>\r\n                          <tr>\r\n                            <td colspan=\"2\" style=\"text-align: justify;\">\r\n                              <p style=\"font-size: 16px\"><strong>Hi {customer_name},</strong></p>\r\n                              <p style=\"font-size: 16px\" style=\"line-height: 2rem; text-align: justify;\">Thank you for your order. Heres a brief overview of your\r\n                                invoice.<br />\r\n                                Please, take a careful look-</p>\r\n                            </td>\r\n                          </tr>\r\n                          <tr>\r\n                            <td style=\"height:35px;\"></td>\r\n                          </tr>\r\n                          <tr>\r\n                            <th style=\"text-align:left; font-size: 16px\">{company_name}</th>\r\n                          </tr>\r\n                        </thead>\r\n                        <tbody>\r\n                          <tr>\r\n                            <td style=\"height:35px;\"></td>\r\n                          </tr>\r\n                          <tr>\r\n                            <td colspan=\"2\" style=\"border: solid 1px #ddd; padding:10px 20px;\">\r\n                              <p style=\"font-size:16px;margin:0 0 10px 0;\"><span style=\"font-weight:bold;display:inline-block;min-width:150px\">Order status:</span><b style=\"color:green;font-weight:normal;margin:0\">Success</b></p>\r\n                              <p style=\"font-size:16px;margin:0 0 10px 0;\"><span style=\"font-weight:bold;display:inline-block;min-width:146px\">Invoice No:</span>\r\n                                {invoice_reference_no}</p>\r\n                              <p style=\"font-size:16px;margin:0 0 10px 0;\"><span style=\"font-weight:bold;display:inline-block;min-width:146px\">Name:</span> {customer_name}\r\n                              </p>\r\n                              <p style=\"font-size:16px;margin:0 0 10px 0;\"><span style=\"font-weight:bold;display:inline-block;min-width:146px\">Grand Total:</span>\r\n                                {currency}{total_amount}</p>\r\n                              <p style=\"font-size:16px;margin:0 0 10px 0;\"><span style=\"font-weight:bold;display:inline-block;min-width:146px\">Due Date:</span>\r\n                                {due_date}</p>\r\n                            </td>\r\n                          </tr>\r\n                          <tr style=\"margin: 0; padding: 0;\">\r\n                            <td colspan=\"2\">\r\n                              <p style=\"margin-top: 20px; font-size: 16px; line-height: 1.5rem;  text-align: justify;\">Please go to the admin panel, open\r\n                                your\r\n                                customer entity to view the details and pay the due amount by <strong style=\"color: red\">{due_date}</strong>. If you have any confusion, feel free to contact by just replying\r\n                                this email.</p>\r\n\r\n                              <p style=\"font-size:16px;margin:0 0 10px 0;\"><span style=\"font-weight:bold;font-size:16px;display:inline-block;min-width:146px;\"><u>Address:</u> \r\n                                </span></p>\r\n                                <p style=\"font-size: 16px\">\r\n                                {billing_street}, {billing_city}, {billing_state}, {billing_zip_code},\r\n                                {billing_country}</p>\r\n                              <p style=\"font-size: 16px\">To view the invioces, click on the below button:</p>\r\n                              <p style=\"font-size:16px;margin-top:50px;\"><strong>Regards,</strong></p>\r\n                              <p style=\"font-size:16px;\">{company_name}</p>\r\n                              <br />\r\n                            </td>\r\n                          </tr>\r\n                          <tr>\r\n                            <td colspan=\"2\">\r\n                              <p style=\"font-size:16px; line-height: 1.5rem; text-align:justify\"><strong>Disclaimer:</strong> This\r\n                                confidential email with attached files are intended to use for the selected individual merely. If you got\r\n                                this message wrongly or you are not the addressee of this concern, kindly erase this information from your\r\n                                folder and inform us through a kind reply. Please, do not proclaim or copy this email to any other entity.\r\n                              </p>\r\n                              <br />\r\n                              <hr>\r\n                              <p style=\"text-align: center;\">{company_name}, all rights reserved</p>\r\n                            </td>\r\n                          </tr>\r\n                        </tbody>\r\n                      </table>\r\n                    </body>\r\n                </html>', 'en', 'email', 1),(3, 5, 'Your Quotation # {order_reference_no} from {company_name} has been created.', '<html>\r\n                    <head>\r\n                        <link href=\"https://fonts.googleapis.com/css2?family=Open+Sans+Condensed:wght@300&display=swap\" rel=\"stylesheet\">\r\n                    </head>\r\n\r\n                    <body\r\n                        style=\"background-color:#e2e1e0;font-family: Open Sans, sans-serif;font-size:100%;font-weight:400;line-height:1.4;color:#000;\">\r\n                        <table style=\"max-width:670px;margin:50px auto 10px;border: 1px solid black;background-color:#fff;padding:50px;-webkit-border-radius:3px;-moz-border-radius:3px;border-radius:3px;-webkit-box-shadow:0 1px 3px rgba(0,0,0,.12),0 1px 2px rgba(0,0,0,.24);-moz-box-shadow:0 1px 3px rgba(0,0,0,.12),0 1px 2px rgba(0,0,0,.24);box-shadow:0 1px 3px rgba(0,0,0,.12),0 1px 2px rgba(0,0,0,.24); border-top: solid 10px green;\">\r\n                            <thead>\r\n                                <tr>\r\n                                    <td colspan=\"2\">\r\n                                        <p><strong>Hi {customer_name},</strong></p>\r\n                                        <p style=\"line-height: 2rem; text-align: justify;\">Thank you for your order. Heres a brief overview of your Quotation\r\n                                            #{order_reference_no} that was created on {order_date}.</p>\r\n                                    </td>\r\n                                </tr>\r\n                                <tr>\r\n                                    <td style=\"height:35px;\" colspan=\"2\"></td>\r\n                                </tr>\r\n                                <tr>\r\n                                    <th style=\"text-align:left;\">{company_name}</th>\r\n                                    <th style=\"text-align:right;font-weight:400;\">{order_date}</th>\r\n                                </tr>\r\n                            </thead>\r\n                            <tbody>\r\n                                <tr>\r\n                                    <td style=\"height:35px;\"></td>\r\n                                </tr>\r\n                                <tr>\r\n                                    <td colspan=\"2\" style=\"border: solid 1px #ddd; padding:10px 20px;\">\r\n                                        <p style=\"font-size:14px;margin:0 0 10px 0;\">\r\n                                            <span style=\"font-weight:bold;display:inline-block;min-width:150px\">Order status:</span>\r\n                                            <b style=\"color:green;font-weight:normal;margin:0\">Success</b>\r\n                                        </p>\r\n                                        <p style=\"font-size:14px;margin:0 0 10px 0;\">\r\n                                            <span style=\"font-weight:bold;display:inline-block;min-width:146px\">Reference No:</span>\r\n                                            {order_reference_no}\r\n                                        </p>\r\n                                        <p style=\"font-size:14px;margin:0 0 10px 0;\">\r\n                                            <span style=\"font-weight:bold;display:inline-block;min-width:146px\">Name:</span>\r\n                                            {customer_name}\r\n                                        </p>\r\n                                        <p style=\"font-size:14px;margin:0 0 10px 0;\">\r\n                                            <span style=\"font-weight:bold;display:inline-block;min-width:146px\">Total amount:</span>\r\n                                            {currency}{total_amount}\r\n                                        </p>\r\n                                        <p style=\"font-size:14px;margin:0 0 10px 0;\">\r\n                                            <span style=\"font-weight:bold;display:inline-block;min-width:146px\">Billing Address:</span>\r\n                                            {billing_street}, {billing_city}, {billing_state},\r\n                                        </p>\r\n                                        <p style=\"font-size:14px;margin:0 0 10px 0;\">\r\n                                            <span style=\"font-weight:bold;display:inline-block;min-width:146px\"></span> {billing_zip_code},\r\n                                            {billing_country}\r\n                                        </p>\r\n                                    </td>\r\n                                </tr>\r\n                                <tr>\r\n                                    <td colspan=\"2\">\r\n                                        <p style=\"margin-top: 20px;\">If you have any questions, please feel free to reply to this email.</p>\r\n                                        <p><strong>Regards,</strong></p>\r\n                                        <p>{company_name}</p>\r\n                                        <br />\r\n                                        <hr>\r\n                                        <p style=\"text-align: center;\">{company_name}, all rights reserved</p>\r\n                                    </td>\r\n                                </tr>\r\n                            </tbody>\r\n                        </table>\r\n                    </body>\r\n                </html>', 'en', 'email', 1),(4, 6, 'A new purchase # {invoice_reference_no} has been created from {company_name}.', '<html>\r\n                    <body style=\"background-color:#e2e1e0; font-size:100%;font-weight:400;line-height:1.4;color:#000;\">\r\n                    <table style=\"max-width:700px;margin:50px auto 10px;border: 1px solid black;background-color:#fff;padding:50px;-webkit-border-radius:3px;-moz-border-radius:3px;border-radius:3px;-webkit-box-shadow:0 1px 3px rgba(0,0,0,.12),0 1px 2px rgba(0,0,0,.24);-moz-box-shadow:0 1px 3px rgba(0,0,0,.12),0 1px 2px rgba(0,0,0,.24);box-shadow:0 1px 3px rgba(0,0,0,.12),0 1px 2px rgba(0,0,0,.24); border-top: solid 10px #1028d4;\">\r\n                        <thead>\r\n                        <tr>\r\n                            <td colspan=\"2\" style=\"text-align: justify;\">\r\n                                <p style=\"text-align: center;\"></p>\r\n                                <p style=\"font-size: 16px\"><strong>Hi {supplier_name},</strong></p>\r\n                                <p style=\"font-size: 16px\" style=\"line-height: 2rem; text-align: justify;\">A purchase has been made. A brief overview of the purchase is given below,</p>\r\n                                <p><strong>Purchase no:</strong> <span>#{invoice_reference_no}</span></p>\r\n                                <p><strong>Total amount:</strong> <span>{currency}{total_amount}</span></p>\r\n                                <p><strong>Due date:</strong> <span>{due_date}</span></p>\r\n                                <br />\r\n                            </td>\r\n                        </tr>\r\n                        <tr>\r\n                            <td>\r\n                                <p><strong><u>Billing address:</u></strong></p>\r\n                                <p>{billing_street}, {billing_city}, {billing_state}, {billing_zip_code}, {billing_country}</p>\r\n                            </td>\r\n                        </tr>\r\n                        </thead>\r\n                        <tbody>\r\n                        <tr style=\"margin: 0; padding: 0;\">\r\n                            <td>\r\n                            <p style=\"font-size:16px;margin-top:50px;\"><strong>Regards,</strong></p>\r\n                            <p style=\"font-size:16px;\">{company_name}</p>\r\n                            <br />\r\n                            <hr>\r\n                            <p style=\"text-align: center;\">{company_name}, all rights reserved</p>\r\n                            </td>\r\n                        </tr>\r\n                        </tbody>\r\n                    </table>\r\n                    </body>\r\n                </html>', 'en', 'email', 1),(5, 7, '{ticket_subject} #Ticket ID: {ticket_no}', '<!DOCTYPE html PUBLIC \"-//W3C//DTD XHTML 1.0 Transitional //EN\" \"http://www.w3.org/TR/xhtml1/DTD/xhtml1-transitional.dtd\">\r\n                    <html xmlns=\"http://www.w3.org/1999/xhtml\" xmlns:o=\"urn:schemas-microsoft-com:office:office\" xmlns:v=\"urn:schemas-microsoft-com:vml\">\r\n                        <head>\r\n                            <meta content=\"text/html; charset=utf-8\" http-equiv=\"Content-Type\"/>\r\n                            <meta content=\"width=device-width\" name=\"viewport\"/>\r\n                            <meta content=\"IE=edge\" http-equiv=\"X-UA-Compatible\"/>\r\n                            <title>Ticket</title>\r\n                            <style type=\"text/css\">\r\n                                    body {\r\n                                        margin: 0;\r\n                                        padding: 0;\r\n                                    }\r\n                                    table,\r\n                                    td,\r\n                                    tr {\r\n                                        vertical-align: top;\r\n                                        border-collapse: collapse;\r\n                                    }\r\n                                    * {\r\n                                        line-height: inherit;\r\n                                    }\r\n                                    a[x-apple-data-detectors=true] {\r\n                                        color: inherit !important;\r\n                                        text-decoration: none !important;\r\n                                    }\r\n                                    .myButton {\r\n                                        background-color:#1aa19c;\r\n                                        border-radius:5px;\r\n                                        display:inline-block;\r\n                                        cursor:pointer;\r\n                                        color:#ffffff;\r\n                                        font-family:Trebuchet MS;\r\n                                        font-size:17px;\r\n                                        font-weight:bold;\r\n                                        padding:9px 28px;\r\n                                        text-decoration:none;\r\n                                        text-shadow:0px 1px 2px #3d768a;\r\n                                    }\r\n                                    .myButton:hover {\r\n                                        background-color:#408c99;\r\n                                    }\r\n                                    .myButton:active {\r\n                                        position:relative;\r\n                                        top:1px;\r\n                                    }\r\n                            </style>\r\n                            <style id=\"media-query\" type=\"text/css\">\r\n                                    @media (max-width: 660px) {\r\n                                        .block-grid,\r\n                                        .col {\r\n                                            min-width: 320px !important;\r\n                                            max-width: 100% !important;\r\n                                            display: block !important;\r\n                                        }\r\n                                        .block-grid {\r\n                                            width: 100% !important;\r\n                                        }\r\n                                        .col {\r\n                                            width: 100% !important;\r\n                                        }\r\n                                        .col>div {\r\n                                            margin: 0 auto;\r\n                                        }\r\n                                        img.fullwidth,\r\n                                        img.fullwidthOnMobile {\r\n                                            max-width: 100% !important;\r\n                                        }\r\n                                        .no-stack .col {\r\n                                            min-width: 0 !important;\r\n                                            display: table-cell !important;\r\n                                        }\r\n                                        .no-stack.two-up .col {\r\n                                            width: 50% !important;\r\n                                        }\r\n                                        .no-stack .col.num4 {\r\n                                            width: 33% !important;\r\n                                        }\r\n                                        .no-stack .col.num8 {\r\n                                            width: 66% !important;\r\n                                        }\r\n                                        .no-stack .col.num4 {\r\n                                            width: 33% !important;\r\n                                        }\r\n                                        .no-stack .col.num3 {\r\n                                            width: 25% !important;\r\n                                        }\r\n                                        .no-stack .col.num6 {\r\n                                            width: 50% !important;\r\n                                        }\r\n                                        .no-stack .col.num9 {\r\n                                            width: 75% !important;\r\n                                        }\r\n                                        .video-block {\r\n                                            max-width: none !important;\r\n                                        }\r\n                                        .mobile_hide {\r\n                                            min-height: 0px;\r\n                                            max-height: 0px;\r\n                                            max-width: 0px;\r\n                                            display: none;\r\n                                            overflow: hidden;\r\n                                            font-size: 0px;\r\n                                        }\r\n                                        .desktop_hide {\r\n                                            display: block !important;\r\n                                            max-height: none !important;\r\n                                        }\r\n                                    }\r\n\r\n                            </style>\r\n                        </head>\r\n                        <body class=\"clean-body\" style=\"margin: 0; padding: 0; -webkit-text-size-adjust: 100%; background-color: #f8f8f9;\">\r\n                            <table bgcolor=\"#f8f8f9\" cellpadding=\"0\" cellspacing=\"0\" class=\"nl-container\" role=\"presentation\" style=\"table-layout: fixed; vertical-align: top; min-width: 320px; Margin: 0 auto; border-spacing: 0; border-collapse: collapse; mso-table-lspace: 0pt; mso-table-rspace: 0pt; background-color: #f8f8f9; width: 100%;\" valign=\"top\" width=\"100%\">\r\n                                <tbody>\r\n                                    <tr style=\"vertical-align: top;\" valign=\"top\">\r\n                                        <td style=\"word-break: break-word; vertical-align: top;\" valign=\"top\">\r\n                                            <div style=\"background-color:transparent;\">\r\n                                                <div class=\"block-grid\" style=\"Margin: 0 auto; min-width: 320px; max-width: 640px; overflow-wrap: break-word; word-wrap: break-word; word-break: break-word; background-color: #fff;\">\r\n                                                    <div style=\"border-collapse: collapse;display: table;width: 100%;background-color:#fff;\">\r\n                                                        <div class=\"col num12\" style=\"min-width: 320px; max-width: 640px; display: table-cell; vertical-align: top; width: 640px;\">\r\n                                                            <div style=\"width:100% !important;\">\r\n                                                                <div style=\"color:#555555;font-family: Pacifico , cursive;line-height:1.2;padding-top:35px;padding-right:0px;padding-bottom:20px;padding-left:30px;\">\r\n                                                                    <div style=\"line-height: 1.2; font-size: 18px; color: #555555; font-family: Pacifico, cursive; mso-line-height-alt: 14px;\">\r\n                                                                        <p style=\"font-size: 18px; line-height: 1.2; word-break: break-word; text-align: center; mso-line-height-alt: 22px; margin: 0;\"><span style=\"color: #008080; font-size: 30px;\">{company_name}</span></p>\r\n                                                                    </div>\r\n                                                                </div>\r\n                                                            </div>\r\n                                                        </div>\r\n                                                    </div>\r\n                                                </div>\r\n                                            </div>\r\n                                            <div style=\"background-color:transparent;\">\r\n                                                <div class=\"block-grid\" style=\"Margin: 0 auto; min-width: 320px; max-width: 640px; overflow-wrap: break-word; word-wrap: break-word; word-break: break-word; background-color: #f3fafa;\">\r\n                                                    <div style=\"border-collapse: collapse;display: table;width: 100%;background-color:#f3fafa;\">\r\n                                                        <div class=\"col num12\" style=\"min-width: 320px; max-width: 640px; display: table-cell; vertical-align: top; width: 580px;\">\r\n                                                            <div style=\"width:100% !important;\">\r\n                                                                <!--[if (!mso)&(!IE)]><!-->\r\n                                                                <div style=\"border-top:0px solid transparent; border-left:30px solid #FFFFFF; border-bottom:0px solid transparent; border-right:30px solid #FFFFFF; padding-top:0px; padding-bottom:0px; padding-right: 0px; padding-left: 0px;\">\r\n                                                                    <!--<![endif]-->\r\n                                                                    <table border=\"0\" cellpadding=\"0\" cellspacing=\"0\" class=\"divider\" role=\"presentation\" style=\"table-layout: fixed; vertical-align: top; border-spacing: 0; border-collapse: collapse; mso-table-lspace: 0pt; mso-table-rspace: 0pt; min-width: 100%; -ms-text-size-adjust: 100%; -webkit-text-size-adjust: 100%;\" valign=\"top\" width=\"100%\">\r\n                                                                        <tbody>\r\n                                                                            <tr style=\"vertical-align: top;\" valign=\"top\">\r\n                                                                                <td class=\"divider_inner\" style=\"word-break: break-word; vertical-align: top; min-width: 100%; -ms-text-size-adjust: 100%; -webkit-text-size-adjust: 100%; padding-top: 0px; padding-right: 0px; padding-bottom: 0px; padding-left: 0px;\" valign=\"top\">\r\n                                                                                    <table align=\"center\" border=\"0\" cellpadding=\"0\" cellspacing=\"0\" class=\"divider_content\" role=\"presentation\" style=\"table-layout: fixed; vertical-align: top; border-spacing: 0; border-collapse: collapse; mso-table-lspace: 0pt; mso-table-rspace: 0pt; border-top: 4px solid #1AA19C; width: 100%;\" valign=\"top\" width=\"100%\">\r\n                                                                                        <tbody>\r\n                                                                                            <tr style=\"vertical-align: top;\" valign=\"top\">\r\n                                                                                                <td style=\"word-break: break-word; vertical-align: top; -ms-text-size-adjust: 100%; -webkit-text-size-adjust: 100%;\" valign=\"top\"><span></span></td>\r\n                                                                                            </tr>\r\n                                                                                        </tbody>\r\n                                                                                    </table>\r\n                                                                                </td>\r\n                                                                            </tr>\r\n                                                                        </tbody>\r\n                                                                    </table>\r\n                                                                    <table border=\"0\" cellpadding=\"0\" cellspacing=\"0\" class=\"divider\" role=\"presentation\" style=\"table-layout: fixed; vertical-align: top; border-spacing: 0; border-collapse: collapse; mso-table-lspace: 0pt; mso-table-rspace: 0pt; min-width: 100%; -ms-text-size-adjust: 100%; -webkit-text-size-adjust: 100%;\" valign=\"top\" width=\"100%\">\r\n                                                                        <tbody>\r\n                                                                            <tr style=\"vertical-align: top;\" valign=\"top\">\r\n                                                                                <td class=\"divider_inner\" style=\"word-break: break-word; vertical-align: top; min-width: 100%; -ms-text-size-adjust: 100%; -webkit-text-size-adjust: 100%; padding-top: 35px; padding-right: 0px; padding-bottom: 0px; padding-left: 0px;\" valign=\"top\">\r\n                                                                                    <table align=\"center\" border=\"0\" cellpadding=\"0\" cellspacing=\"0\" class=\"divider_content\" role=\"presentation\" style=\"table-layout: fixed; vertical-align: top; border-spacing: 0; border-collapse: collapse; mso-table-lspace: 0pt; mso-table-rspace: 0pt; border-top: 0px solid #BBBBBB; width: 100%;\" valign=\"top\" width=\"100%\">\r\n                                                                                        <tbody>\r\n                                                                                            <tr style=\"vertical-align: top;\" valign=\"top\">\r\n                                                                                                <td style=\"word-break: break-word; vertical-align: top; -ms-text-size-adjust: 100%; -webkit-text-size-adjust: 100%;\" valign=\"top\"><span></span></td>\r\n                                                                                            </tr>\r\n                                                                                        </tbody>\r\n                                                                                    </table>\r\n                                                                                </td>\r\n                                                                            </tr>\r\n                                                                        </tbody>\r\n                                                                    </table>\r\n                                                                    <div style=\"color:#555555;font-family:Montserrat, Trebuchet MS, Lucida Grande, Lucida Sans Unicode, Lucida Sans, Tahoma, sans-serif;line-height:1.2;padding-top:15px;padding-right:0px;padding-bottom:10px;padding-left:30px;\">\r\n                                                                        <div style=\"line-height: 1.2; font-size: 12px; color: #555555; font-family: Montserrat, Trebuchet MS, Lucida Grande, Lucida Sans Unicode, Lucida Sans, Tahoma, sans-serif; mso-line-height-alt: 14px;\">\r\n                                                                            <p style=\"font-size: 18px; line-height: 1.2; word-break: break-word; text-align: left; mso-line-height-alt: 22px; margin: 0;\"><span style=\"color: #2b303a; font-size: 18px;\"><strong>Hello {assignee_name},</strong></span></p>\r\n                                                                        </div>\r\n                                                                    </div>\r\n                                                                    <div style=\"color:#555555;font-family:Montserrat, Trebuchet MS, Lucida Grande, Lucida Sans Unicode, Lucida Sans, Tahoma, sans-serif;line-height:1.2;padding-top:0px;padding-right:0px;padding-bottom:10px;padding-left:30px;\">\r\n                                                                        <div style=\"line-height: 1.2; font-size: 12px; color: #555555; font-family: Montserrat, Trebuchet MS, Lucida Grande, Lucida Sans Unicode, Lucida Sans, Tahoma, sans-serif; mso-line-height-alt: 14px;\">\r\n                                                                            <p style=\"font-size: 18px; line-height: 1.2; word-break: break-word; text-align: left; mso-line-height-alt: 22px; margin: 0;\"><span style=\"color: #008080; font-size: 18px;\">A new support ticket has been assigned to you.</span></p>\r\n                                                                        </div>\r\n                                                                    </div>\r\n                                                                    <div style=\"color:#555555;font-family:Montserrat, Trebuchet MS, Lucida Grande, Lucida Sans Unicode, Lucida Sans, Tahoma, sans-serif;line-height:1.5;padding-top:0px;padding-right:30px;padding-bottom:20px;padding-left:30px;\">\r\n                                                                        <div style=\"line-height: 1.5; font-size: 16px; font-family: Montserrat, Trebuchet MS, Lucida Grande, Lucida Sans Unicode, Lucida Sans, Tahoma, sans-serif; color: #555555; mso-line-height-alt: 18px;\">\r\n                                                                            <p style=\"font-size: 16px; line-height: 1.2; word-break: break-word; text-align: left; mso-line-height-alt: 22px; margin: 0;\"><span style=\"color: #2b303a; font-size: 18px;\"> {ticket_message} </span></p>\r\n                                                                        </div>\r\n                                                                    </div>\r\n                                                                    <!--[if mso]></td></tr></table><![endif]-->\r\n                                                                    <table border=\"0\" cellpadding=\"0\" cellspacing=\"0\" class=\"divider\" role=\"presentation\" style=\"table-layout: fixed; vertical-align: top; border-spacing: 0; border-collapse: collapse; mso-table-lspace: 0pt; mso-table-rspace: 0pt; min-width: 100%; -ms-text-size-adjust: 100%; -webkit-text-size-adjust: 100%;\" valign=\"top\" width=\"100%\">\r\n                                                                        <tbody>\r\n                                                                            <tr style=\"vertical-align: top;\" valign=\"top\">\r\n                                                                                <td class=\"divider_inner\" style=\"word-break: break-word; vertical-align: top; min-width: 100%; -ms-text-size-adjust: 100%; -webkit-text-size-adjust: 100%; padding-top: 0px; padding-right: 25px; padding-bottom: 10px; padding-left: 25px;\" valign=\"top\">\r\n                                                                                    <table align=\"center\" border=\"0\" cellpadding=\"0\" cellspacing=\"0\" class=\"divider_content\" role=\"presentation\" style=\"table-layout: fixed; vertical-align: top; border-spacing: 0; border-collapse: collapse; mso-table-lspace: 0pt; mso-table-rspace: 0pt; border-top: 1px solid #BBBBBB; width: 100%;\" valign=\"top\" width=\"100%\">\r\n                                                                                        <tbody>\r\n                                                                                            <tr style=\"vertical-align: top;\" valign=\"top\">\r\n                                                                                                <td style=\"word-break: break-word; vertical-align: top; -ms-text-size-adjust: 100%; -webkit-text-size-adjust: 100%;\" valign=\"top\"><span></span></td>\r\n                                                                                            </tr>\r\n                                                                                        </tbody>\r\n                                                                                    </table>\r\n                                                                                </td>\r\n                                                                            </tr>\r\n                                                                        </tbody>\r\n                                                                    </table>\r\n                                                                    <div style=\"color:#555555;font-family:Montserrat, Trebuchet MS, Lucida Grande, Lucida Sans Unicode, Lucida Sans, Tahoma, sans-serif;line-height:1.5;padding-top:10px;padding-right:10px;padding-bottom:20px;padding-left:25px;\">\r\n                                                                        <div style=\"line-height: 1.5; font-size: 12px; font-family: Montserrat, Trebuchet MS, Lucida Grande, Lucida Sans Unicode, Lucida Sans, Tahoma, sans-serif; color: #555555; mso-line-height-alt: 18px;\">\r\n                                                                            <p style=\"font-size: 15px; line-height: 1.5; font-family: inherit; word-break: break-word; mso-line-height-alt: 23px; margin: 0;\"><span style=\"font-size: 15px;\">Ticket ID : <span style=\"color: #008080;\"><strong>{ticket_no}</strong></span></span></p>\r\n                                                                            <p style=\"font-size: 15px; line-height: 1.5; font-family: inherit; word-break: break-word; mso-line-height-alt: 23px; margin: 0;\"><span style=\"font-size: 15px;\">Customer ID : <span style=\"color: #008080;\"><strong> {customer_id}</strong></span></span></p>\r\n                                                                            <p style=\"font-size: 15px; line-height: 1.5; font-family: inherit; word-break: break-word; mso-line-height-alt: 23px; margin: 0;\"><span style=\"font-size: 15px;\">Project Name : <span style=\"color: #008080;\"><strong>{project_name}</strong></span></span></p>\r\n                                                                            <p style=\"font-size: 15px; line-height: 1.5; font-family: inherit; word-break: break-word; mso-line-height-alt: 23px; margin: 0;\"><span style=\"font-size: 15px;\">Subject : <span style=\"color: #008080;\"><strong> {ticket_subject}</strong></span></span></p>\r\n                                                                            <p style=\"font-size: 15px; line-height: 1.5; font-family: inherit; word-break: break-word; mso-line-height-alt: 23px; margin: 0;\"><span style=\"font-size: 15px;\">Status : <span style=\"color: #008080;\"><strong> {ticket_status}</strong></span></span></p>\r\n                                                                        </div>\r\n                                                                    </div>\r\n                                                                    <div style=\"text-align: center; width: 100%;\">\r\n                                                                        <a href=\"{details}\" class=\"myButton\" style=\"color: #ffffff\">View Tickets</a>\r\n                                                                    </div>\r\n                                                                <div style=\"color:#555555;font-family:Montserrat, Trebuchet MS, Lucida Grande, Lucida Sans Unicode, Lucida Sans, Tahoma, sans-serif;line-height:1.5;padding-top:20px;padding-right:30px;padding-bottom:40px;padding-left:30px;\">\r\n                                                                    <div style=\"line-height: 1.5; font-size: 12px; font-family: Montserrat, Trebuchet MS, Lucida Grande, Lucida Sans Unicode, Lucida Sans, Tahoma, sans-serif; color: #555555; mso-line-height-alt: 18px;\">\r\n                                                                        <p style=\"font-size: 15px; line-height: 1.5; word-break: break-word; text-align: left; font-family: inherit; mso-line-height-alt: 23px; margin: 0;\"><span style=\"color: #2b303a; font-size: 15px;\">Thank you,</span></p>\r\n                                                                        <p style=\"font-size: 15px; line-height: 1.5; word-break: break-word; text-align: left; font-family: inherit; mso-line-height-alt: 23px; margin: 0;\"><span style=\"color: #2b303a; font-size: 15px;\">{assigned_by_whom}</span></p>\r\n                                                                        <p style=\"font-size: 15px; line-height: 1.5; word-break: break-word; text-align: left; font-family: inherit; mso-line-height-alt: 23px; margin: 0;\"><span style=\"color: #2b303a; font-size: 15px;\">{company_name}</span></p>\r\n                                                                    </div>\r\n                                                                </div>\r\n                                                            </div>\r\n                                                            <!--<![endif]-->\r\n                                                        </div>\r\n                                                    </div>\r\n                                                </div>\r\n                                            </div>\r\n                                        </div>\r\n                                        <div style=\"background-color:transparent;\">\r\n                                            <div class=\"block-grid\" style=\"Margin: 0 auto; min-width: 320px; max-width: 640px; overflow-wrap: break-word; word-wrap: break-word; word-break: break-word; background-color: #fff;\">\r\n                                                <div style=\"border-collapse: collapse;display: table;width: 100%;background-color:#fff;\">\r\n                                                    <div class=\"col num12\" style=\"min-width: 320px; max-width: 640px; display: table-cell; vertical-align: top; width: 640px;\">\r\n                                                        <div style=\"width:100% !important;\">\r\n                                                            <!--[if (!mso)&(!IE)]><!-->\r\n                                                            <div style=\"border-top:0px solid transparent; border-left:0px solid transparent; border-bottom:0px solid transparent; border-right:0px solid transparent; padding-top:0px; padding-bottom:0px; padding-right: 0px; padding-left: 0px;\">\r\n                                                                <!--<![endif]-->\r\n                                                                <table border=\"0\" cellpadding=\"0\" cellspacing=\"0\" class=\"divider\" role=\"presentation\" style=\"table-layout: fixed; vertical-align: top; border-spacing: 0; border-collapse: collapse; mso-table-lspace: 0pt; mso-table-rspace: 0pt; min-width: 100%; -ms-text-size-adjust: 100%; -webkit-text-size-adjust: 100%;\" valign=\"top\" width=\"100%\">\r\n                                                                    <tbody>\r\n                                                                        <tr style=\"vertical-align: top;\" valign=\"top\">\r\n                                                                            <td class=\"divider_inner\" style=\"word-break: break-word; vertical-align: top; min-width: 100%; -ms-text-size-adjust: 100%; -webkit-text-size-adjust: 100%; padding-top: 60px; padding-right: 0px; padding-bottom: 12px; padding-left: 0px;\" valign=\"top\">\r\n                                                                                <table align=\"center\" border=\"0\" cellpadding=\"0\" cellspacing=\"0\" class=\"divider_content\" role=\"presentation\" style=\"table-layout: fixed; vertical-align: top; border-spacing: 0; border-collapse: collapse; mso-table-lspace: 0pt; mso-table-rspace: 0pt; border-top: 0px solid #BBBBBB; width: 100%;\" valign=\"top\" width=\"100%\">\r\n                                                                                    <tbody>\r\n                                                                                        <tr style=\"vertical-align: top;\" valign=\"top\">\r\n                                                                                            <td style=\"word-break: break-word; vertical-align: top; -ms-text-size-adjust: 100%; -webkit-text-size-adjust: 100%;\" valign=\"top\"><span></span></td>\r\n                                                                                        </tr>\r\n                                                                                    </tbody>\r\n                                                                                </table>\r\n                                                                            </td>\r\n                                                                        </tr>\r\n                                                                    </tbody>\r\n                                                                </table>\r\n                                                                <!--[if (!mso)&(!IE)]><!-->\r\n                                                            </div>\r\n                                                            <!--<![endif]-->\r\n                                                        </div>\r\n                                                    </div>\r\n                                                </div>\r\n                                            </div>\r\n                                        </div>\r\n                                        <div style=\"background-color:transparent;\">\r\n                                            <div class=\"block-grid\" style=\"Margin: 0 auto; min-width: 320px; max-width: 640px; overflow-wrap: break-word; word-wrap: break-word; word-break: break-word; background-color: #f8f8f9;\">\r\n                                                <div style=\"border-collapse: collapse;display: table;width: 100%;background-color:#f8f8f9;\">\r\n                                                    <div class=\"col num12\" style=\"min-width: 320px; max-width: 640px; display: table-cell; vertical-align: top; width: 640px;\">\r\n                                                        <div style=\"width:100% !important;\">\r\n                                                            <!--[if (!mso)&(!IE)]><!-->\r\n                                                            <div style=\"border-top:0px solid transparent; border-left:0px solid transparent; border-bottom:0px solid transparent; border-right:0px solid transparent; padding-top:5px; padding-bottom:5px; padding-right: 0px; padding-left: 0px;\">\r\n                                                                <!--<![endif]-->\r\n                                                                <table border=\"0\" cellpadding=\"0\" cellspacing=\"0\" class=\"divider\" role=\"presentation\" style=\"table-layout: fixed; vertical-align: top; border-spacing: 0; border-collapse: collapse; mso-table-lspace: 0pt; mso-table-rspace: 0pt; min-width: 100%; -ms-text-size-adjust: 100%; -webkit-text-size-adjust: 100%;\" valign=\"top\" width=\"100%\">\r\n                                                                    <tbody>\r\n                                                                        <tr style=\"vertical-align: top;\" valign=\"top\">\r\n                                                                            <td class=\"divider_inner\" style=\"word-break: break-word; vertical-align: top; min-width: 100%; -ms-text-size-adjust: 100%; -webkit-text-size-adjust: 100%; padding-top: 20px; padding-right: 20px; padding-bottom: 20px; padding-left: 20px;\" valign=\"top\">\r\n                                                                                <table align=\"center\" border=\"0\" cellpadding=\"0\" cellspacing=\"0\" class=\"divider_content\" role=\"presentation\" style=\"table-layout: fixed; vertical-align: top; border-spacing: 0; border-collapse: collapse; mso-table-lspace: 0pt; mso-table-rspace: 0pt; border-top: 0px solid #BBBBBB; width: 100%;\" valign=\"top\" width=\"100%\">\r\n                                                                                    <tbody>\r\n                                                                                        <tr style=\"vertical-align: top;\" valign=\"top\">\r\n                                                                                            <td style=\"word-break: break-word; vertical-align: top; -ms-text-size-adjust: 100%; -webkit-text-size-adjust: 100%;\" valign=\"top\"><span></span></td>\r\n                                                                                        </tr>\r\n                                                                                    </tbody>\r\n                                                                                </table>\r\n                                                                            </td>\r\n                                                                        </tr>\r\n                                                                    </tbody>\r\n                                                                </table>\r\n                                                            </div>\r\n                                                        </div>\r\n                                                    </div>\r\n                                                </div>\r\n                                            </div>\r\n                                        </div>\r\n                                    </td>\r\n                                </tr>\r\n                            </tbody>\r\n                        </table>\r\n                    </body>\r\n                </html>', 'en', 'email', 1),(6, 8, '{ticket_subject} #Ticket ID: {ticket_no}', '                  <!DOCTYPE html PUBLIC \"-//W3C//DTD XHTML 1.0 Transitional //EN\" \"http://www.w3.org/TR/xhtml1/DTD/xhtml1-transitional.dtd\">\r\n                    <html xmlns=\"http://www.w3.org/1999/xhtml\" xmlns:o=\"urn:schemas-microsoft-com:office:office\" xmlns:v=\"urn:schemas-microsoft-com:vml\">\r\n                        <head>\r\n                            <meta content=\"text/html; charset=utf-8\" http-equiv=\"Content-Type\"/>\r\n                            <meta content=\"width=device-width\" name=\"viewport\"/>\r\n                            <meta content=\"IE=edge\" http-equiv=\"X-UA-Compatible\"/>\r\n                            <title>Ticket</title>\r\n                            <style type=\"text/css\">\r\n                                    body {\r\n                                        margin: 0;\r\n                                        padding: 0;\r\n                                    }\r\n                                    table,\r\n                                    td,\r\n                                    tr {\r\n                                        vertical-align: top;\r\n                                        border-collapse: collapse;\r\n                                    }\r\n                                    * {\r\n                                        line-height: inherit;\r\n                                    }\r\n                                    a[x-apple-data-detectors=true] {\r\n                                        color: inherit !important;\r\n                                        text-decoration: none !important;\r\n                                    }\r\n                                    .myButton {\r\n                                        background-color:#1aa19c;\r\n                                        border-radius:5px;\r\n                                        display:inline-block;\r\n                                        cursor:pointer;\r\n                                        color:#ffffff;\r\n                                        font-family:Trebuchet MS;\r\n                                        font-size:17px;\r\n                                        font-weight:bold;\r\n                                        padding:9px 28px;\r\n                                        text-decoration:none;\r\n                                        text-shadow:0px 1px 2px #3d768a;\r\n                                    }\r\n                                    .myButton:hover {\r\n                                        background-color:#408c99;\r\n                                    }\r\n                                    .myButton:active {\r\n                                        position:relative;\r\n                                        top:1px;\r\n                                    }\r\n                            </style>\r\n                            <style id=\"media-query\" type=\"text/css\">\r\n                                    @media (max-width: 660px) {\r\n                                        .block-grid,\r\n                                        .col {\r\n                                            min-width: 320px !important;\r\n                                            max-width: 100% !important;\r\n                                            display: block !important;\r\n                                        }\r\n                                        .block-grid {\r\n                                            width: 100% !important;\r\n                                        }\r\n                                        .col {\r\n                                            width: 100% !important;\r\n                                        }\r\n                                        .col>div {\r\n                                            margin: 0 auto;\r\n                                        }\r\n                                        img.fullwidth,\r\n                                        img.fullwidthOnMobile {\r\n                                            max-width: 100% !important;\r\n                                        }\r\n                                        .no-stack .col {\r\n                                            min-width: 0 !important;\r\n                                            display: table-cell !important;\r\n                                        }\r\n                                        .no-stack.two-up .col {\r\n                                            width: 50% !important;\r\n                                        }\r\n                                        .no-stack .col.num4 {\r\n                                            width: 33% !important;\r\n                                        }\r\n                                        .no-stack .col.num8 {\r\n                                            width: 66% !important;\r\n                                        }\r\n                                        .no-stack .col.num4 {\r\n                                            width: 33% !important;\r\n                                        }\r\n                                        .no-stack .col.num3 {\r\n                                            width: 25% !important;\r\n                                        }\r\n                                        .no-stack .col.num6 {\r\n                                            width: 50% !important;\r\n                                        }\r\n                                        .no-stack .col.num9 {\r\n                                            width: 75% !important;\r\n                                        }\r\n                                        .video-block {\r\n                                            max-width: none !important;\r\n                                        }\r\n                                        .mobile_hide {\r\n                                            min-height: 0px;\r\n                                            max-height: 0px;\r\n                                            max-width: 0px;\r\n                                            display: none;\r\n                                            overflow: hidden;\r\n                                            font-size: 0px;\r\n                                        }\r\n                                        .desktop_hide {\r\n                                            display: block !important;\r\n                                            max-height: none !important;\r\n                                        }\r\n                                    }\r\n\r\n                            </style>\r\n                        </head>\r\n                        <body class=\"clean-body\" style=\"margin: 0; padding: 0; -webkit-text-size-adjust: 100%; background-color: #f8f8f9;\">\r\n                            <table bgcolor=\"#f8f8f9\" cellpadding=\"0\" cellspacing=\"0\" class=\"nl-container\" role=\"presentation\" style=\"table-layout: fixed; vertical-align: top; min-width: 320px; Margin: 0 auto; border-spacing: 0; border-collapse: collapse; mso-table-lspace: 0pt; mso-table-rspace: 0pt; background-color: #f8f8f9; width: 100%;\" valign=\"top\" width=\"100%\">\r\n                                <tbody>\r\n                                    <tr style=\"vertical-align: top;\" valign=\"top\">\r\n                                        <td style=\"word-break: break-word; vertical-align: top;\" valign=\"top\">\r\n                                            <div style=\"background-color:transparent;\">\r\n                                                <div class=\"block-grid\" style=\"Margin: 0 auto; min-width: 320px; max-width: 640px; overflow-wrap: break-word; word-wrap: break-word; word-break: break-word; background-color: #fff;\">\r\n                                                    <div style=\"border-collapse: collapse;display: table;width: 100%;background-color:#fff;\">\r\n                                                        <div class=\"col num12\" style=\"min-width: 320px; max-width: 640px; display: table-cell; vertical-align: top; width: 640px;\">\r\n                                                            <div style=\"width:100% !important;\">\r\n                                                                <div style=\"color:#555555;font-family: Pacifico, cursive;line-height:1.2;padding-top:35px;padding-right:0px;padding-bottom:20px;padding-left:30px;\">\r\n                                                                    <div style=\"line-height: 1.2; font-size: 18px; color: #555555; font-family: Pacifico, cursive; mso-line-height-alt: 14px;\">\r\n                                                                        <p style=\"font-size: 18px; line-height: 1.2; word-break: break-word; text-align: center; mso-line-height-alt: 22px; margin: 0;\"><span style=\"color: #008080; font-size: 30px;\">{company_name}</span></p>\r\n                                                                    </div>\r\n                                                                </div>\r\n                                                            </div>\r\n                                                        </div>\r\n                                                    </div>\r\n                                                </div>\r\n                                            </div>\r\n                                            <div style=\"background-color:transparent;\">\r\n                                                <div class=\"block-grid\" style=\"Margin: 0 auto; min-width: 320px; max-width: 640px; overflow-wrap: break-word; word-wrap: break-word; word-break: break-word; background-color: #f3fafa;\">\r\n                                                    <div style=\"border-collapse: collapse;display: table;width: 100%;background-color:#f3fafa;\">\r\n                                                        <div class=\"col num12\" style=\"min-width: 320px; max-width: 640px; display: table-cell; vertical-align: top; width: 580px;\">\r\n                                                            <div style=\"width:100% !important;\">\r\n                                                                <!--[if (!mso)&(!IE)]><!-->\r\n                                                                <div style=\"border-top:0px solid transparent; border-left:30px solid #FFFFFF; border-bottom:0px solid transparent; border-right:30px solid #FFFFFF; padding-top:0px; padding-bottom:0px; padding-right: 0px; padding-left: 0px;\">\r\n                                                                    <!--<![endif]-->\r\n                                                                    <table border=\"0\" cellpadding=\"0\" cellspacing=\"0\" class=\"divider\" role=\"presentation\" style=\"table-layout: fixed; vertical-align: top; border-spacing: 0; border-collapse: collapse; mso-table-lspace: 0pt; mso-table-rspace: 0pt; min-width: 100%; -ms-text-size-adjust: 100%; -webkit-text-size-adjust: 100%;\" valign=\"top\" width=\"100%\">\r\n                                                                        <tbody>\r\n                                                                            <tr style=\"vertical-align: top;\" valign=\"top\">\r\n                                                                                <td class=\"divider_inner\" style=\"word-break: break-word; vertical-align: top; min-width: 100%; -ms-text-size-adjust: 100%; -webkit-text-size-adjust: 100%; padding-top: 0px; padding-right: 0px; padding-bottom: 0px; padding-left: 0px;\" valign=\"top\">\r\n                                                                                    <table align=\"center\" border=\"0\" cellpadding=\"0\" cellspacing=\"0\" class=\"divider_content\" role=\"presentation\" style=\"table-layout: fixed; vertical-align: top; border-spacing: 0; border-collapse: collapse; mso-table-lspace: 0pt; mso-table-rspace: 0pt; border-top: 4px solid #1AA19C; width: 100%;\" valign=\"top\" width=\"100%\">\r\n                                                                                        <tbody>\r\n                                                                                            <tr style=\"vertical-align: top;\" valign=\"top\">\r\n                                                                                                <td style=\"word-break: break-word; vertical-align: top; -ms-text-size-adjust: 100%; -webkit-text-size-adjust: 100%;\" valign=\"top\"><span></span></td>\r\n                                                                                            </tr>\r\n                                                                                        </tbody>\r\n                                                                                    </table>\r\n                                                                                </td>\r\n                                                                            </tr>\r\n                                                                        </tbody>\r\n                                                                    </table>\r\n                                                                    <table border=\"0\" cellpadding=\"0\" cellspacing=\"0\" class=\"divider\" role=\"presentation\" style=\"table-layout: fixed; vertical-align: top; border-spacing: 0; border-collapse: collapse; mso-table-lspace: 0pt; mso-table-rspace: 0pt; min-width: 100%; -ms-text-size-adjust: 100%; -webkit-text-size-adjust: 100%;\" valign=\"top\" width=\"100%\">\r\n                                                                        <tbody>\r\n                                                                            <tr style=\"vertical-align: top;\" valign=\"top\">\r\n                                                                                <td class=\"divider_inner\" style=\"word-break: break-word; vertical-align: top; min-width: 100%; -ms-text-size-adjust: 100%; -webkit-text-size-adjust: 100%; padding-top: 35px; padding-right: 0px; padding-bottom: 0px; padding-left: 0px;\" valign=\"top\">\r\n                                                                                    <table align=\"center\" border=\"0\" cellpadding=\"0\" cellspacing=\"0\" class=\"divider_content\" role=\"presentation\" style=\"table-layout: fixed; vertical-align: top; border-spacing: 0; border-collapse: collapse; mso-table-lspace: 0pt; mso-table-rspace: 0pt; border-top: 0px solid #BBBBBB; width: 100%;\" valign=\"top\" width=\"100%\">\r\n                                                                                        <tbody>\r\n                                                                                            <tr style=\"vertical-align: top;\" valign=\"top\">\r\n                                                                                                <td style=\"word-break: break-word; vertical-align: top; -ms-text-size-adjust: 100%; -webkit-text-size-adjust: 100%;\" valign=\"top\"><span></span></td>\r\n                                                                                            </tr>\r\n                                                                                        </tbody>\r\n                                                                                    </table>\r\n                                                                                </td>\r\n                                                                            </tr>\r\n                                                                        </tbody>\r\n                                                                    </table>\r\n                                                                    <div style=\"color:#555555;font-family:Montserrat, Trebuchet MS, Lucida Grande, Lucida Sans Unicode, Lucida Sans, Tahoma, sans-serif;line-height:1.2;padding-top:15px;padding-right:0px;padding-bottom:10px;padding-left:30px;\">\r\n                                                                        <div style=\"line-height: 1.2; font-size: 12px; color: #555555; font-family: Montserrat, Trebuchet MS, Lucida Grande, Lucida Sans Unicode, Lucida Sans, Tahoma, sans-serif; mso-line-height-alt: 14px;\">\r\n                                                                            <p style=\"font-size: 18px; line-height: 1.2; word-break: break-word; text-align: left; mso-line-height-alt: 22px; margin: 0;\"><span style=\"color: #2b303a; font-size: 18px;\"><strong>Hello, {customer_name}</strong></span></p>\r\n                                                                        </div>\r\n                                                                    </div>\r\n                                                                    <div style=\"color:#555555;font-family:Montserrat, Trebuchet MS, Lucida Grande, Lucida Sans Unicode, Lucida Sans, Tahoma, sans-serif;line-height:1.5;padding-top:0px;padding-right:30px;padding-bottom:40px;padding-left:30px;\">\r\n                                                                        <div style=\"line-height: 1.5; font-size: 16px; font-family: Montserrat, Trebuchet MS, Lucida Grande, Lucida Sans Unicode, Lucida Sans, Tahoma, sans-serif; color: #555555; mso-line-height-alt: 18px;\">\r\n                                                                            <p style=\"font-size: 16px; line-height: 1.2; word-break: break-word; text-align: left; mso-line-height-alt: 22px; margin: 0;\"><span style=\"color: #2b303a; font-size: 18px;\"> {ticket_message} </span></p>\r\n                                                                        </div>\r\n                                                                    </div>\r\n                                                                    <!--[if mso]></td></tr></table><![endif]-->\r\n                                                                    <table border=\"0\" cellpadding=\"0\" cellspacing=\"0\" class=\"divider\" role=\"presentation\" style=\"table-layout: fixed; vertical-align: top; border-spacing: 0; border-collapse: collapse; mso-table-lspace: 0pt; mso-table-rspace: 0pt; min-width: 100%; -ms-text-size-adjust: 100%; -webkit-text-size-adjust: 100%;\" valign=\"top\" width=\"100%\">\r\n                                                                        <tbody>\r\n                                                                            <tr style=\"vertical-align: top;\" valign=\"top\">\r\n                                                                                <td class=\"divider_inner\" style=\"word-break: break-word; vertical-align: top; min-width: 100%; -ms-text-size-adjust: 100%; -webkit-text-size-adjust: 100%; padding-top: 0px; padding-right: 25px; padding-bottom: 10px; padding-left: 25px;\" valign=\"top\">\r\n                                                                                    <table align=\"center\" border=\"0\" cellpadding=\"0\" cellspacing=\"0\" class=\"divider_content\" role=\"presentation\" style=\"table-layout: fixed; vertical-align: top; border-spacing: 0; border-collapse: collapse; mso-table-lspace: 0pt; mso-table-rspace: 0pt; border-top: 1px solid #BBBBBB; width: 100%;\" valign=\"top\" width=\"100%\">\r\n                                                                                        <tbody>\r\n                                                                                            <tr style=\"vertical-align: top;\" valign=\"top\">\r\n                                                                                                <td style=\"word-break: break-word; vertical-align: top; -ms-text-size-adjust: 100%; -webkit-text-size-adjust: 100%;\" valign=\"top\"><span></span></td>\r\n                                                                                            </tr>\r\n                                                                                        </tbody>\r\n                                                                                    </table>\r\n                                                                                </td>\r\n                                                                            </tr>\r\n                                                                        </tbody>\r\n                                                                    </table>\r\n                                                                    <div style=\"color:#555555;font-family:Montserrat, Trebuchet MS, Lucida Grande, Lucida Sans Unicode, Lucida Sans, Tahoma, sans-serif;line-height:1.5;padding-top:10px;padding-right:10px;padding-bottom:20px;padding-left:25px;\">\r\n                                                                        <div style=\"line-height: 1.5; font-size: 12px; font-family: Montserrat, Trebuchet MS, Lucida Grande, Lucida Sans Unicode, Lucida Sans, Tahoma, sans-serif; color: #555555; mso-line-height-alt: 18px;\">\r\n                                                                            <p style=\"font-size: 15px; line-height: 1.5; font-family: inherit; word-break: break-word; mso-line-height-alt: 23px; margin: 0;\"><span style=\"font-size: 15px;\">Ticket ID : <span style=\"color: #008080;\"><strong>{ticket_no}</strong></span></span></p>\r\n                                                                            <p style=\"font-size: 15px; line-height: 1.5; font-family: inherit; word-break: break-word; mso-line-height-alt: 23px; margin: 0;\"><span style=\"font-size: 15px;\">Project Name : <span style=\"color: #008080;\"><strong>{project_name}</strong></span></span></p>\r\n                                                                            <p style=\"font-size: 15px; line-height: 1.5; font-family: inherit; word-break: break-word; mso-line-height-alt: 23px; margin: 0;\"><span style=\"font-size: 15px;\">Subject : <span style=\"color: #008080;\"><strong> {ticket_subject}</strong></span></span></p>\r\n                                                                            <p style=\"font-size: 15px; line-height: 1.5; font-family: inherit; word-break: break-word; mso-line-height-alt: 23px; margin: 0;\"><span style=\"font-size: 15px;\">Status : <span style=\"color: #008080;\"><strong> {ticket_status}</strong></span></span></p>\r\n                                                                        </div>\r\n                                                                    </div>\r\n                                                                    <div style=\"text-align: center; width: 100%;\">\r\n                                                                        <a href=\"{details}\" class=\"myButton\" style=\"color: #ffffff\">View Tickets</a>\r\n                                                                    </div>\r\n                                                                <div style=\"color:#555555;font-family:Montserrat, Trebuchet MS, Lucida Grande, Lucida Sans Unicode, Lucida Sans, Tahoma, sans-serif;line-height:1.5;padding-top:20px;padding-right:30px;padding-bottom:40px;padding-left:30px;\">\r\n                                                                    <div style=\"line-height: 1.5; font-size: 12px; font-family: Montserrat, Trebuchet MS, Lucida Grande, Lucida Sans Unicode, Lucida Sans, Tahoma, sans-serif; color: #555555; mso-line-height-alt: 18px;\">\r\n                                                                        <p style=\"font-size: 15px; line-height: 1.5; word-break: break-word; text-align: left; font-family: inherit; mso-line-height-alt: 23px; margin: 0;\"><span style=\"color: #2b303a; font-size: 15px;\">Thank you,</span></p>\r\n                                                                        <p style=\"font-size: 15px; line-height: 1.5; word-break: break-word; text-align: left; font-family: inherit; mso-line-height-alt: 23px; margin: 0;\"><span style=\"color: #2b303a; font-size: 15px;\">{team_member}</span></p>\r\n                                                                        <p style=\"font-size: 15px; line-height: 1.5; word-break: break-word; text-align: left; font-family: inherit; mso-line-height-alt: 23px; margin: 0;\"><span style=\"color: #2b303a; font-size: 15px;\">{company_name}</span></p>\r\n                                                                    </div>\r\n                                                                </div>\r\n                                                            </div>\r\n                                                            <!--<![endif]-->\r\n                                                        </div>\r\n                                                    </div>\r\n                                                </div>\r\n                                            </div>\r\n                                        </div>\r\n                                        <div style=\"background-color:transparent;\">\r\n                                            <div class=\"block-grid\" style=\"Margin: 0 auto; min-width: 320px; max-width: 640px; overflow-wrap: break-word; word-wrap: break-word; word-break: break-word; background-color: #fff;\">\r\n                                                <div style=\"border-collapse: collapse;display: table;width: 100%;background-color:#fff;\">\r\n                                                    <div class=\"col num12\" style=\"min-width: 320px; max-width: 640px; display: table-cell; vertical-align: top; width: 640px;\">\r\n                                                        <div style=\"width:100% !important;\">\r\n                                                            <!--[if (!mso)&(!IE)]><!-->\r\n                                                            <div style=\"border-top:0px solid transparent; border-left:0px solid transparent; border-bottom:0px solid transparent; border-right:0px solid transparent; padding-top:0px; padding-bottom:0px; padding-right: 0px; padding-left: 0px;\">\r\n                                                                <!--<![endif]-->\r\n                                                                <table border=\"0\" cellpadding=\"0\" cellspacing=\"0\" class=\"divider\" role=\"presentation\" style=\"table-layout: fixed; vertical-align: top; border-spacing: 0; border-collapse: collapse; mso-table-lspace: 0pt; mso-table-rspace: 0pt; min-width: 100%; -ms-text-size-adjust: 100%; -webkit-text-size-adjust: 100%;\" valign=\"top\" width=\"100%\">\r\n                                                                    <tbody>\r\n                                                                        <tr style=\"vertical-align: top;\" valign=\"top\">\r\n                                                                            <td class=\"divider_inner\" style=\"word-break: break-word; vertical-align: top; min-width: 100%; -ms-text-size-adjust: 100%; -webkit-text-size-adjust: 100%; padding-top: 60px; padding-right: 0px; padding-bottom: 12px; padding-left: 0px;\" valign=\"top\">\r\n                                                                                <table align=\"center\" border=\"0\" cellpadding=\"0\" cellspacing=\"0\" class=\"divider_content\" role=\"presentation\" style=\"table-layout: fixed; vertical-align: top; border-spacing: 0; border-collapse: collapse; mso-table-lspace: 0pt; mso-table-rspace: 0pt; border-top: 0px solid #BBBBBB; width: 100%;\" valign=\"top\" width=\"100%\">\r\n                                                                                    <tbody>\r\n                                                                                        <tr style=\"vertical-align: top;\" valign=\"top\">\r\n                                                                                            <td style=\"word-break: break-word; vertical-align: top; -ms-text-size-adjust: 100%; -webkit-text-size-adjust: 100%;\" valign=\"top\"><span></span></td>\r\n                                                                                        </tr>\r\n                                                                                    </tbody>\r\n                                                                                </table>\r\n                                                                            </td>\r\n                                                                        </tr>\r\n                                                                    </tbody>\r\n                                                                </table>\r\n                                                                <!--[if (!mso)&(!IE)]><!-->\r\n                                                            </div>\r\n                                                            <!--<![endif]-->\r\n                                                        </div>\r\n                                                    </div>\r\n                                                </div>\r\n                                            </div>\r\n                                        </div>\r\n                                        <div style=\"background-color:transparent;\">\r\n                                            <div class=\"block-grid\" style=\"Margin: 0 auto; min-width: 320px; max-width: 640px; overflow-wrap: break-word; word-wrap: break-word; word-break: break-word; background-color: #f8f8f9;\">\r\n                                                <div style=\"border-collapse: collapse;display: table;width: 100%;background-color:#f8f8f9;\">\r\n                                                    <div class=\"col num12\" style=\"min-width: 320px; max-width: 640px; display: table-cell; vertical-align: top; width: 640px;\">\r\n                                                        <div style=\"width:100% !important;\">\r\n                                                            <!--[if (!mso)&(!IE)]><!-->\r\n                                                            <div style=\"border-top:0px solid transparent; border-left:0px solid transparent; border-bottom:0px solid transparent; border-right:0px solid transparent; padding-top:5px; padding-bottom:5px; padding-right: 0px; padding-left: 0px;\">\r\n                                                                <!--<![endif]-->\r\n                                                                <table border=\"0\" cellpadding=\"0\" cellspacing=\"0\" class=\"divider\" role=\"presentation\" style=\"table-layout: fixed; vertical-align: top; border-spacing: 0; border-collapse: collapse; mso-table-lspace: 0pt; mso-table-rspace: 0pt; min-width: 100%; -ms-text-size-adjust: 100%; -webkit-text-size-adjust: 100%;\" valign=\"top\" width=\"100%\">\r\n                                                                    <tbody>\r\n                                                                        <tr style=\"vertical-align: top;\" valign=\"top\">\r\n                                                                            <td class=\"divider_inner\" style=\"word-break: break-word; vertical-align: top; min-width: 100%; -ms-text-size-adjust: 100%; -webkit-text-size-adjust: 100%; padding-top: 20px; padding-right: 20px; padding-bottom: 20px; padding-left: 20px;\" valign=\"top\">\r\n                                                                                <table align=\"center\" border=\"0\" cellpadding=\"0\" cellspacing=\"0\" class=\"divider_content\" role=\"presentation\" style=\"table-layout: fixed; vertical-align: top; border-spacing: 0; border-collapse: collapse; mso-table-lspace: 0pt; mso-table-rspace: 0pt; border-top: 0px solid #BBBBBB; width: 100%;\" valign=\"top\" width=\"100%\">\r\n                                                                                    <tbody>\r\n                                                                                        <tr style=\"vertical-align: top;\" valign=\"top\">\r\n                                                                                            <td style=\"word-break: break-word; vertical-align: top; -ms-text-size-adjust: 100%; -webkit-text-size-adjust: 100%;\" valign=\"top\"><span></span></td>\r\n                                                                                        </tr>\r\n                                                                                    </tbody>\r\n                                                                                </table>\r\n                                                                            </td>\r\n                                                                        </tr>\r\n                                                                    </tbody>\r\n                                                                </table>\r\n                                                            </div>\r\n                                                        </div>\r\n                                                    </div>\r\n                                                </div>\r\n                                            </div>\r\n                                        </div>\r\n                                    </td>\r\n                                </tr>\r\n                            </tbody>\r\n                        </table>\r\n                    </body>\r\n                    </html>', 'en', 'email', 1),(7, 9, '{ticket_subject} #Ticket ID: {ticket_no}', '<!DOCTYPE html PUBLIC \"-//W3C//DTD XHTML 1.0 Transitional //EN\" \"http://www.w3.org/TR/xhtml1/DTD/xhtml1-transitional.dtd\">\r\n                    <html xmlns=\"http://www.w3.org/1999/xhtml\" xmlns:o=\"urn:schemas-microsoft-com:office:office\" xmlns:v=\"urn:schemas-microsoft-com:vml\">\r\n                        <head>\r\n                            <meta content=\"text/html; charset=utf-8\" http-equiv=\"Content-Type\"/>\r\n                            <meta content=\"width=device-width\" name=\"viewport\"/>\r\n                            <meta content=\"IE=edge\" http-equiv=\"X-UA-Compatible\"/>\r\n                            <title>Ticket</title>\r\n                            <style type=\"text/css\">\r\n                                    body {\r\n                                        margin: 0;\r\n                                        padding: 0;\r\n                                    }\r\n                                    table,\r\n                                    td,\r\n                                    tr {\r\n                                        vertical-align: top;\r\n                                        border-collapse: collapse;\r\n                                    }\r\n                                    * {\r\n                                        line-height: inherit;\r\n                                    }\r\n                                    a[x-apple-data-detectors=true] {\r\n                                        color: inherit !important;\r\n                                        text-decoration: none !important;\r\n                                    }\r\n                                    .myButton {\r\n                                        background-color:#1aa19c;\r\n                                        border-radius:5px;\r\n                                        display:inline-block;\r\n                                        cursor:pointer;\r\n                                        color:#ffffff;\r\n                                        font-family:Trebuchet MS;\r\n                                        font-size:17px;\r\n                                        font-weight:bold;\r\n                                        padding:9px 28px;\r\n                                        text-decoration:none;\r\n                                        text-shadow:0px 1px 2px #3d768a;\r\n                                    }\r\n                                    .myButton:hover {\r\n                                        background-color:#408c99;\r\n                                    }\r\n                                    .myButton:active {\r\n                                        position:relative;\r\n                                        top:1px;\r\n                                    }\r\n                            </style>\r\n                            <style id=\"media-query\" type=\"text/css\">\r\n                                    @media (max-width: 660px) {\r\n                                        .block-grid,\r\n                                        .col {\r\n                                            min-width: 320px !important;\r\n                                            max-width: 100% !important;\r\n                                            display: block !important;\r\n                                        }\r\n                                        .block-grid {\r\n                                            width: 100% !important;\r\n                                        }\r\n                                        .col {\r\n                                            width: 100% !important;\r\n                                        }\r\n                                        .col>div {\r\n                                            margin: 0 auto;\r\n                                        }\r\n                                        img.fullwidth,\r\n                                        img.fullwidthOnMobile {\r\n                                            max-width: 100% !important;\r\n                                        }\r\n                                        .no-stack .col {\r\n                                            min-width: 0 !important;\r\n                                            display: table-cell !important;\r\n                                        }\r\n                                        .no-stack.two-up .col {\r\n                                            width: 50% !important;\r\n                                        }\r\n                                        .no-stack .col.num4 {\r\n                                            width: 33% !important;\r\n                                        }\r\n                                        .no-stack .col.num8 {\r\n                                            width: 66% !important;\r\n                                        }\r\n                                        .no-stack .col.num4 {\r\n                                            width: 33% !important;\r\n                                        }\r\n                                        .no-stack .col.num3 {\r\n                                            width: 25% !important;\r\n                                        }\r\n                                        .no-stack .col.num6 {\r\n                                            width: 50% !important;\r\n                                        }\r\n                                        .no-stack .col.num9 {\r\n                                            width: 75% !important;\r\n                                        }\r\n                                        .video-block {\r\n                                            max-width: none !important;\r\n                                        }\r\n                                        .mobile_hide {\r\n                                            min-height: 0px;\r\n                                            max-height: 0px;\r\n                                            max-width: 0px;\r\n                                            display: none;\r\n                                            overflow: hidden;\r\n                                            font-size: 0px;\r\n                                        }\r\n                                        .desktop_hide {\r\n                                            display: block !important;\r\n                                            max-height: none !important;\r\n                                        }\r\n                                    }\r\n\r\n                            </style>\r\n                        </head>\r\n                        <body class=\"clean-body\" style=\"margin: 0; padding: 0; -webkit-text-size-adjust: 100%; background-color: #f8f8f9;\">\r\n                            <table bgcolor=\"#f8f8f9\" cellpadding=\"0\" cellspacing=\"0\" class=\"nl-container\" role=\"presentation\" style=\"table-layout: fixed; vertical-align: top; min-width: 320px; Margin: 0 auto; border-spacing: 0; border-collapse: collapse; mso-table-lspace: 0pt; mso-table-rspace: 0pt; background-color: #f8f8f9; width: 100%;\" valign=\"top\" width=\"100%\">\r\n                                <tbody>\r\n                                    <tr style=\"vertical-align: top;\" valign=\"top\">\r\n                                        <td style=\"word-break: break-word; vertical-align: top;\" valign=\"top\">\r\n                                            <div style=\"background-color:transparent;\">\r\n                                                <div class=\"block-grid\" style=\"Margin: 0 auto; min-width: 320px; max-width: 640px; overflow-wrap: break-word; word-wrap: break-word; word-break: break-word; background-color: #fff;\">\r\n                                                    <div style=\"border-collapse: collapse;display: table;width: 100%;background-color:#fff;\">\r\n                                                        <div class=\"col num12\" style=\"min-width: 320px; max-width: 640px; display: table-cell; vertical-align: top; width: 640px;\">\r\n                                                            <div style=\"width:100% !important;\">\r\n                                                                <div style=\"color:#555555;font-family: Pacifico, cursive;line-height:1.2;padding-top:35px;padding-right:0px;padding-bottom:20px;padding-left:30px;\">\r\n                                                                    <div style=\"line-height: 1.2; font-size: 18px; color: #555555; font-family: Pacifico, cursive; mso-line-height-alt: 14px;\">\r\n                                                                        <p style=\"font-size: 18px; line-height: 1.2; word-break: break-word; text-align: center; mso-line-height-alt: 22px; margin: 0;\"><span style=\"color: #008080; font-size: 30px;\">{company_name}</span></p>\r\n                                                                    </div>\r\n                                                                </div>\r\n                                                            </div>\r\n                                                        </div>\r\n                                                    </div>\r\n                                                </div>\r\n                                            </div>\r\n                                            <div style=\"background-color:transparent;\">\r\n                                                <div class=\"block-grid\" style=\"Margin: 0 auto; min-width: 320px; max-width: 640px; overflow-wrap: break-word; word-wrap: break-word; word-break: break-word; background-color: #f3fafa;\">\r\n                                                    <div style=\"border-collapse: collapse;display: table;width: 100%;background-color:#f3fafa;\">\r\n                                                        <div class=\"col num12\" style=\"min-width: 320px; max-width: 640px; display: table-cell; vertical-align: top; width: 580px;\">\r\n                                                            <div style=\"width:100% !important;\">\r\n                                                                <!--[if (!mso)&(!IE)]><!-->\r\n                                                                <div style=\"border-top:0px solid transparent; border-left:30px solid #FFFFFF; border-bottom:0px solid transparent; border-right:30px solid #FFFFFF; padding-top:0px; padding-bottom:0px; padding-right: 0px; padding-left: 0px;\">\r\n                                                                    <!--<![endif]-->\r\n                                                                    <table border=\"0\" cellpadding=\"0\" cellspacing=\"0\" class=\"divider\" role=\"presentation\" style=\"table-layout: fixed; vertical-align: top; border-spacing: 0; border-collapse: collapse; mso-table-lspace: 0pt; mso-table-rspace: 0pt; min-width: 100%; -ms-text-size-adjust: 100%; -webkit-text-size-adjust: 100%;\" valign=\"top\" width=\"100%\">\r\n                                                                        <tbody>\r\n                                                                            <tr style=\"vertical-align: top;\" valign=\"top\">\r\n                                                                                <td class=\"divider_inner\" style=\"word-break: break-word; vertical-align: top; min-width: 100%; -ms-text-size-adjust: 100%; -webkit-text-size-adjust: 100%; padding-top: 0px; padding-right: 0px; padding-bottom: 0px; padding-left: 0px;\" valign=\"top\">\r\n                                                                                    <table align=\"center\" border=\"0\" cellpadding=\"0\" cellspacing=\"0\" class=\"divider_content\" role=\"presentation\" style=\"table-layout: fixed; vertical-align: top; border-spacing: 0; border-collapse: collapse; mso-table-lspace: 0pt; mso-table-rspace: 0pt; border-top: 4px solid #1AA19C; width: 100%;\" valign=\"top\" width=\"100%\">\r\n                                                                                        <tbody>\r\n                                                                                            <tr style=\"vertical-align: top;\" valign=\"top\">\r\n                                                                                                <td style=\"word-break: break-word; vertical-align: top; -ms-text-size-adjust: 100%; -webkit-text-size-adjust: 100%;\" valign=\"top\"><span></span></td>\r\n                                                                                            </tr>\r\n                                                                                        </tbody>\r\n                                                                                    </table>\r\n                                                                                </td>\r\n                                                                            </tr>\r\n                                                                        </tbody>\r\n                                                                    </table>\r\n                                                                    <table border=\"0\" cellpadding=\"0\" cellspacing=\"0\" class=\"divider\" role=\"presentation\" style=\"table-layout: fixed; vertical-align: top; border-spacing: 0; border-collapse: collapse; mso-table-lspace: 0pt; mso-table-rspace: 0pt; min-width: 100%; -ms-text-size-adjust: 100%; -webkit-text-size-adjust: 100%;\" valign=\"top\" width=\"100%\">\r\n                                                                        <tbody>\r\n                                                                            <tr style=\"vertical-align: top;\" valign=\"top\">\r\n                                                                                <td class=\"divider_inner\" style=\"word-break: break-word; vertical-align: top; min-width: 100%; -ms-text-size-adjust: 100%; -webkit-text-size-adjust: 100%; padding-top: 35px; padding-right: 0px; padding-bottom: 0px; padding-left: 0px;\" valign=\"top\">\r\n                                                                                    <table align=\"center\" border=\"0\" cellpadding=\"0\" cellspacing=\"0\" class=\"divider_content\" role=\"presentation\" style=\"table-layout: fixed; vertical-align: top; border-spacing: 0; border-collapse: collapse; mso-table-lspace: 0pt; mso-table-rspace: 0pt; border-top: 0px solid #BBBBBB; width: 100%;\" valign=\"top\" width=\"100%\">\r\n                                                                                        <tbody>\r\n                                                                                            <tr style=\"vertical-align: top;\" valign=\"top\">\r\n                                                                                                <td style=\"word-break: break-word; vertical-align: top; -ms-text-size-adjust: 100%; -webkit-text-size-adjust: 100%;\" valign=\"top\"><span></span></td>\r\n                                                                                            </tr>\r\n                                                                                        </tbody>\r\n                                                                                    </table>\r\n                                                                                </td>\r\n                                                                            </tr>\r\n                                                                        </tbody>\r\n                                                                    </table>\r\n                                                                    <div style=\"color:#555555;font-family:Montserrat, Trebuchet MS, Lucida Grande, Lucida Sans Unicode, Lucida Sans, Tahoma, sans-serif;line-height:1.2;padding-top:15px;padding-right:0px;padding-bottom:10px;padding-left:30px;\">\r\n                                                                        <div style=\"line-height: 1.2; font-size: 12px; color: #555555; font-family: Montserrat, Trebuchet MS, Lucida Grande, Lucida Sans Unicode, Lucida Sans, Tahoma, sans-serif; mso-line-height-alt: 14px;\">\r\n                                                                            <p style=\"font-size: 18px; line-height: 1.2; word-break: break-word; text-align: left; mso-line-height-alt: 22px; margin: 0;\"><span style=\"color: #2b303a; font-size: 18px;\"><strong>Hello {member_name},</strong></span></p>\r\n                                                                        </div>\r\n                                                                    </div>\r\n                                                                    <div style=\"color:#555555;font-family:Montserrat, Trebuchet MS, Lucida Grande, Lucida Sans Unicode, Lucida Sans, Tahoma, sans-serif;line-height:1.5;padding-top:0px;padding-right:30px;padding-bottom:20px;padding-left:30px;\">\r\n                                                                        <div style=\"line-height: 1.5; font-size: 16px; font-family: Montserrat, Trebuchet MS, Lucida Grande, Lucida Sans Unicode, Lucida Sans, Tahoma, sans-serif; color: #555555; mso-line-height-alt: 18px;\">\r\n                                                                            <p style=\"font-size: 16px; line-height: 1.2; word-break: break-word; text-align: left; mso-line-height-alt: 22px; margin: 0;\"><span style=\"color: #2b303a; font-size: 18px;\"> {ticket_message} </span></p>\r\n                                                                        </div>\r\n                                                                    </div>\r\n                                                                    <!--[if mso]></td></tr></table><![endif]-->\r\n                                                                    <table border=\"0\" cellpadding=\"0\" cellspacing=\"0\" class=\"divider\" role=\"presentation\" style=\"table-layout: fixed; vertical-align: top; border-spacing: 0; border-collapse: collapse; mso-table-lspace: 0pt; mso-table-rspace: 0pt; min-width: 100%; -ms-text-size-adjust: 100%; -webkit-text-size-adjust: 100%;\" valign=\"top\" width=\"100%\">\r\n                                                                        <tbody>\r\n                                                                            <tr style=\"vertical-align: top;\" valign=\"top\">\r\n                                                                                <td class=\"divider_inner\" style=\"word-break: break-word; vertical-align: top; min-width: 100%; -ms-text-size-adjust: 100%; -webkit-text-size-adjust: 100%; padding-top: 0px; padding-right: 25px; padding-bottom: 10px; padding-left: 25px;\" valign=\"top\">\r\n                                                                                    <table align=\"center\" border=\"0\" cellpadding=\"0\" cellspacing=\"0\" class=\"divider_content\" role=\"presentation\" style=\"table-layout: fixed; vertical-align: top; border-spacing: 0; border-collapse: collapse; mso-table-lspace: 0pt; mso-table-rspace: 0pt; border-top: 1px solid #BBBBBB; width: 100%;\" valign=\"top\" width=\"100%\">\r\n                                                                                        <tbody>\r\n                                                                                            <tr style=\"vertical-align: top;\" valign=\"top\">\r\n                                                                                                <td style=\"word-break: break-word; vertical-align: top; -ms-text-size-adjust: 100%; -webkit-text-size-adjust: 100%;\" valign=\"top\"><span></span></td>\r\n                                                                                            </tr>\r\n                                                                                        </tbody>\r\n                                                                                    </table>\r\n                                                                                </td>\r\n                                                                            </tr>\r\n                                                                        </tbody>\r\n                                                                    </table>\r\n                                                                    <div style=\"color:#555555;font-family:Montserrat, Trebuchet MS, Lucida Grande, Lucida Sans Unicode, Lucida Sans, Tahoma, sans-serif;line-height:1.5;padding-top:10px;padding-right:10px;padding-bottom:20px;padding-left:25px;\">\r\n                                                                        <div style=\"line-height: 1.5; font-size: 12px; font-family: Montserrat, Trebuchet MS, Lucida Grande, Lucida Sans Unicode, Lucida Sans, Tahoma, sans-serif; color: #555555; mso-line-height-alt: 18px;\">\r\n                                                                            <p style=\"font-size: 15px; line-height: 1.5; font-family: inherit; word-break: break-word; mso-line-height-alt: 23px; margin: 0;\"><span style=\"font-size: 15px;\">Ticket ID : <span style=\"color: #008080;\"><strong>{ticket_no}</strong></span></span></p>\r\n                                                                            <p style=\"font-size: 15px; line-height: 1.5; font-family: inherit; word-break: break-word; mso-line-height-alt: 23px; margin: 0;\"><span style=\"font-size: 15px;\">Project Name : <span style=\"color: #008080;\"><strong>{project_name}</strong></span></span></p>\r\n                                                                            <p style=\"font-size: 15px; line-height: 1.5; font-family: inherit; word-break: break-word; mso-line-height-alt: 23px; margin: 0;\"><span style=\"font-size: 15px;\">Subject : <span style=\"color: #008080;\"><strong> {ticket_subject}</strong></span></span></p>\r\n                                                                            <p style=\"font-size: 15px; line-height: 1.5; font-family: inherit; word-break: break-word; mso-line-height-alt: 23px; margin: 0;\"><span style=\"font-size: 15px;\">Status : <span style=\"color: #008080;\"><strong> {ticket_status}</strong></span></span></p>\r\n                                                                        </div>\r\n                                                                    </div>\r\n                                                                    <div style=\"text-align: center; width: 100%;\">\r\n                                                                        <a href=\"{details}\" class=\"myButton\" style=\"color: #ffffff\">View Tickets</a>\r\n                                                                    </div>\r\n                                                                <div style=\"color:#555555;font-family:Montserrat, Trebuchet MS, Lucida Grande, Lucida Sans Unicode, Lucida Sans, Tahoma, sans-serif;line-height:1.5;padding-top:20px;padding-right:30px;padding-bottom:40px;padding-left:30px;\">\r\n                                                                    <div style=\"line-height: 1.5; font-size: 12px; font-family: Montserrat, Trebuchet MS, Lucida Grande, Lucida Sans Unicode, Lucida Sans, Tahoma, sans-serif; color: #555555; mso-line-height-alt: 18px;\">\r\n                                                                        <p style=\"font-size: 15px; line-height: 1.5; word-break: break-word; text-align: left; font-family: inherit; mso-line-height-alt: 23px; margin: 0;\"><span style=\"color: #2b303a; font-size: 15px;\">Thank you,</span></p>\r\n                                                                        <p style=\"font-size: 15px; line-height: 1.5; word-break: break-word; text-align: left; font-family: inherit; mso-line-height-alt: 23px; margin: 0;\"><span style=\"color: #2b303a; font-size: 15px;\">{customer_name}</span></p>\r\n                                                                    </div>\r\n                                                                </div>\r\n                                                            </div>\r\n                                                            <!--<![endif]-->\r\n                                                        </div>\r\n                                                    </div>\r\n                                                </div>\r\n                                            </div>\r\n                                        </div>\r\n                                        <div style=\"background-color:transparent;\">\r\n                                            <div class=\"block-grid\" style=\"Margin: 0 auto; min-width: 320px; max-width: 640px; overflow-wrap: break-word; word-wrap: break-word; word-break: break-word; background-color: #fff;\">\r\n                                                <div style=\"border-collapse: collapse;display: table;width: 100%;background-color:#fff;\">\r\n                                                    <div class=\"col num12\" style=\"min-width: 320px; max-width: 640px; display: table-cell; vertical-align: top; width: 640px;\">\r\n                                                        <div style=\"width:100% !important;\">\r\n                                                            <!--[if (!mso)&(!IE)]><!-->\r\n                                                            <div style=\"border-top:0px solid transparent; border-left:0px solid transparent; border-bottom:0px solid transparent; border-right:0px solid transparent; padding-top:0px; padding-bottom:0px; padding-right: 0px; padding-left: 0px;\">\r\n                                                                <!--<![endif]-->\r\n                                                                <table border=\"0\" cellpadding=\"0\" cellspacing=\"0\" class=\"divider\" role=\"presentation\" style=\"table-layout: fixed; vertical-align: top; border-spacing: 0; border-collapse: collapse; mso-table-lspace: 0pt; mso-table-rspace: 0pt; min-width: 100%; -ms-text-size-adjust: 100%; -webkit-text-size-adjust: 100%;\" valign=\"top\" width=\"100%\">\r\n                                                                    <tbody>\r\n                                                                        <tr style=\"vertical-align: top;\" valign=\"top\">\r\n                                                                            <td class=\"divider_inner\" style=\"word-break: break-word; vertical-align: top; min-width: 100%; -ms-text-size-adjust: 100%; -webkit-text-size-adjust: 100%; padding-top: 60px; padding-right: 0px; padding-bottom: 12px; padding-left: 0px;\" valign=\"top\">\r\n                                                                                <table align=\"center\" border=\"0\" cellpadding=\"0\" cellspacing=\"0\" class=\"divider_content\" role=\"presentation\" style=\"table-layout: fixed; vertical-align: top; border-spacing: 0; border-collapse: collapse; mso-table-lspace: 0pt; mso-table-rspace: 0pt; border-top: 0px solid #BBBBBB; width: 100%;\" valign=\"top\" width=\"100%\">\r\n                                                                                    <tbody>\r\n                                                                                        <tr style=\"vertical-align: top;\" valign=\"top\">\r\n                                                                                            <td style=\"word-break: break-word; vertical-align: top; -ms-text-size-adjust: 100%; -webkit-text-size-adjust: 100%;\" valign=\"top\"><span></span></td>\r\n                                                                                        </tr>\r\n                                                                                    </tbody>\r\n                                                                                </table>\r\n                                                                            </td>\r\n                                                                        </tr>\r\n                                                                    </tbody>\r\n                                                                </table>\r\n                                                                <!--[if (!mso)&(!IE)]><!-->\r\n                                                            </div>\r\n                                                            <!--<![endif]-->\r\n                                                        </div>\r\n                                                    </div>\r\n                                                </div>\r\n                                            </div>\r\n                                        </div>\r\n                                        <div style=\"background-color:transparent;\">\r\n                                            <div class=\"block-grid\" style=\"Margin: 0 auto; min-width: 320px; max-width: 640px; overflow-wrap: break-word; word-wrap: break-word; word-break: break-word; background-color: #f8f8f9;\">\r\n                                                <div style=\"border-collapse: collapse;display: table;width: 100%;background-color:#f8f8f9;\">\r\n                                                    <div class=\"col num12\" style=\"min-width: 320px; max-width: 640px; display: table-cell; vertical-align: top; width: 640px;\">\r\n                                                        <div style=\"width:100% !important;\">\r\n                                                            <!--[if (!mso)&(!IE)]><!-->\r\n                                                            <div style=\"border-top:0px solid transparent; border-left:0px solid transparent; border-bottom:0px solid transparent; border-right:0px solid transparent; padding-top:5px; padding-bottom:5px; padding-right: 0px; padding-left: 0px;\">\r\n                                                                <!--<![endif]-->\r\n                                                                <table border=\"0\" cellpadding=\"0\" cellspacing=\"0\" class=\"divider\" role=\"presentation\" style=\"table-layout: fixed; vertical-align: top; border-spacing: 0; border-collapse: collapse; mso-table-lspace: 0pt; mso-table-rspace: 0pt; min-width: 100%; -ms-text-size-adjust: 100%; -webkit-text-size-adjust: 100%;\" valign=\"top\" width=\"100%\">\r\n                                                                    <tbody>\r\n                                                                        <tr style=\"vertical-align: top;\" valign=\"top\">\r\n                                                                            <td class=\"divider_inner\" style=\"word-break: break-word; vertical-align: top; min-width: 100%; -ms-text-size-adjust: 100%; -webkit-text-size-adjust: 100%; padding-top: 20px; padding-right: 20px; padding-bottom: 20px; padding-left: 20px;\" valign=\"top\">\r\n                                                                                <table align=\"center\" border=\"0\" cellpadding=\"0\" cellspacing=\"0\" class=\"divider_content\" role=\"presentation\" style=\"table-layout: fixed; vertical-align: top; border-spacing: 0; border-collapse: collapse; mso-table-lspace: 0pt; mso-table-rspace: 0pt; border-top: 0px solid #BBBBBB; width: 100%;\" valign=\"top\" width=\"100%\">\r\n                                                                                    <tbody>\r\n                                                                                        <tr style=\"vertical-align: top;\" valign=\"top\">\r\n                                                                                            <td style=\"word-break: break-word; vertical-align: top; -ms-text-size-adjust: 100%; -webkit-text-size-adjust: 100%;\" valign=\"top\"><span></span></td>\r\n                                                                                        </tr>\r\n                                                                                    </tbody>\r\n                                                                                </table>\r\n                                                                            </td>\r\n                                                                        </tr>\r\n                                                                    </tbody>\r\n                                                                </table>\r\n                                                            </div>\r\n                                                        </div>\r\n                                                    </div>\r\n                                                </div>\r\n                                            </div>\r\n                                        </div>\r\n                                    </td>\r\n                                </tr>\r\n                            </tbody>\r\n                        </table>\r\n                    </body>\r\n                </html>', 'en', 'email', 1),(8, 10, 'New Task Assigned #{task_name}.', '<!DOCTYPE html\r\n                PUBLIC \"-//W3C//DTD XHTML 1.0 Transitional //EN\" \"http://www.w3.org/TR/xhtml1/DTD/xhtml1-transitional.dtd\">\r\n                <html xmlns=\"http://www.w3.org/1999/xhtml\" xmlns:o=\"urn:schemas-microsoft-com:office:office\"\r\n                xmlns:v=\"urn:schemas-microsoft-com:vml\">\r\n            \r\n                <head>\r\n                    <meta content=\"text/html; charset=utf-8\" http-equiv=\"Content-Type\" />\r\n                    <meta content=\"width=device-width\" name=\"viewport\" />\r\n                    <meta content=\"IE=edge\" http-equiv=\"X-UA-Compatible\" />\r\n                    <title>Task</title>\r\n                    <style type=\"text/css\">\r\n                        body {\r\n                            margin: 0;\r\n                            padding: 0;\r\n                        }\r\n                \r\n                        table,\r\n                        td,\r\n                        tr {\r\n                            vertical-align: top;\r\n                            border-collapse: collapse;\r\n                        }\r\n                \r\n                        * {\r\n                            line-height: inherit;\r\n                        }\r\n                \r\n                        a[x-apple-data-detectors=true] {\r\n                            color: inherit !important;\r\n                            text-decoration: none !important;\r\n                        }\r\n                \r\n                        .myButton {\r\n                            background-color: #1aa19c;\r\n                            border-radius: 5px;\r\n                            display: inline-block;\r\n                            cursor: pointer;\r\n                            color: #ffffff;\r\n                            font-family: Trebuchet MS;\r\n                            font-size: 17px;\r\n                            font-weight: bold;\r\n                            padding: 9px 28px;\r\n                            text-decoration: none;\r\n                            text-shadow: 0px 1px 2px #3d768a;\r\n                        }\r\n                \r\n                        .myButton:hover {\r\n                            background-color: #408c99;\r\n                        }\r\n                \r\n                        .myButton:active {\r\n                            position: relative;\r\n                            top: 1px;\r\n                        }\r\n                    </style>\r\n                    <style id=\"media-query\" type=\"text/css\">\r\n                        @media (max-width: 660px) {\r\n                \r\n                            .block-grid,\r\n                            .col {\r\n                                min-width: 320px !important;\r\n                                max-width: 100% !important;\r\n                                display: block !important;\r\n                            }\r\n                \r\n                            .block-grid {\r\n                                width: 100% !important;\r\n                            }\r\n                \r\n                            .col {\r\n                                width: 100% !important;\r\n                            }\r\n                \r\n                            .col>div {\r\n                                margin: 0 auto;\r\n                            }\r\n                \r\n                            img.fullwidth,\r\n                            img.fullwidthOnMobile {\r\n                                max-width: 100% !important;\r\n                            }\r\n                \r\n                            .no-stack .col {\r\n                                min-width: 0 !important;\r\n                                display: table-cell !important;\r\n                            }\r\n                \r\n                            .no-stack.two-up .col {\r\n                                width: 50% !important;\r\n                            }\r\n                \r\n                            .no-stack .col.num4 {\r\n                                width: 33% !important;\r\n                            }\r\n                \r\n                            .no-stack .col.num8 {\r\n                                width: 66% !important;\r\n                            }\r\n                \r\n                            .no-stack .col.num4 {\r\n                                width: 33% !important;\r\n                            }\r\n                \r\n                            .no-stack .col.num3 {\r\n                                width: 25% !important;\r\n                            }\r\n                \r\n                            .no-stack .col.num6 {\r\n                                width: 50% !important;\r\n                            }\r\n                \r\n                            .no-stack .col.num9 {\r\n                                width: 75% !important;\r\n                            }\r\n                \r\n                            .video-block {\r\n                                max-width: none !important;\r\n                            }\r\n                \r\n                            .mobile_hide {\r\n                                min-height: 0px;\r\n                                max-height: 0px;\r\n                                max-width: 0px;\r\n                                display: none;\r\n                                overflow: hidden;\r\n                                font-size: 0px;\r\n                            }\r\n                \r\n                            .desktop_hide {\r\n                                display: block !important;\r\n                                max-height: none !important;\r\n                            }\r\n                        }\r\n                    </style>\r\n                </head>\r\n            \r\n                <body class=\"clean-body\" style=\"margin: 0; padding: 0; -webkit-text-size-adjust: 100%; background-color: #f8f8f9;\">\r\n                    <table bgcolor=\"#f8f8f9\" cellpadding=\"0\" cellspacing=\"0\" class=\"nl-container\" role=\"presentation\"\r\n                        style=\"table-layout: fixed; vertical-align: top; min-width: 320px; Margin: 0 auto; border-spacing: 0; border-collapse: collapse; mso-table-lspace: 0pt; mso-table-rspace: 0pt; background-color: #f8f8f9; width: 100%;\"\r\n                        valign=\"top\" width=\"100%\">\r\n                        <tbody>\r\n                            <tr style=\"vertical-align: top;\" valign=\"top\">\r\n                                <td style=\"word-break: break-word; vertical-align: top;\" valign=\"top\">\r\n                                    <div style=\"background-color:transparent;\">\r\n                                        <div class=\"block-grid\"\r\n                                            style=\"Margin: 0 auto; min-width: 320px; max-width: 640px; overflow-wrap: break-word; word-wrap: break-word; word-break: break-word; background-color: #fff;\">\r\n                                            <div style=\"border-collapse: collapse;display: table;width: 100%;background-color:#fff;\">\r\n                                                <div class=\"col num12\"\r\n                                                    style=\"min-width: 320px; max-width: 640px; display: table-cell; vertical-align: top; width: 640px;\">\r\n                                                    <div style=\"width:100% !important;\">\r\n                                                        <div style=\"color:#555555;font-family:\" Pacifico\",\r\n                                                            cursive;line-height:1.2;padding-top:35px;padding-right:0px;padding-bottom:20px;padding-left:30px;\">\r\n                                                            <div style=\"line-height: 1.2; font-size: 18px; color: #555555; font-family: \"\r\n                                                                Pacifico\", cursive; mso-line-height-alt: 14px;\">\r\n                                                                <p\r\n                                                                    style=\"font-size: 18px; line-height: 1.2; word-break: break-word; text-align: center; mso-line-height-alt: 22px; margin: 0;\">\r\n                                                                    <span style=\"color: #008080; font-size: 30px;\">{company_name}</span>\r\n                                                                </p>\r\n                                                            </div>\r\n                                                        </div>\r\n                                                    </div>\r\n                                                </div>\r\n                                            </div>\r\n                                        </div>\r\n                                    </div>\r\n                                    <div style=\"background-color:transparent;\">\r\n                                        <div class=\"block-grid\"\r\n                                            style=\"Margin: 0 auto; min-width: 320px; max-width: 640px; overflow-wrap: break-word; word-wrap: break-word; word-break: break-word; background-color: #f3fafa;\">\r\n                                            <div style=\"border-collapse: collapse;display: table;width: 100%;background-color:#f3fafa;\">\r\n                                                <div class=\"col num12\"\r\n                                                    style=\"min-width: 320px; max-width: 640px; display: table-cell; vertical-align: top; width: 580px;\">\r\n                                                    <div style=\"width:100% !important;\">\r\n                                                        <!--[if (!mso)&(!IE)]><!-->\r\n                                                        <div\r\n                                                            style=\"border-top:0px solid transparent; border-left:30px solid #FFFFFF; border-bottom:0px solid transparent; border-right:30px solid #FFFFFF; padding-top:0px; padding-bottom:0px; padding-right: 0px; padding-left: 0px;\">\r\n                                                            <!--<![endif]-->\r\n                                                            <table border=\"0\" cellpadding=\"0\" cellspacing=\"0\" class=\"divider\"\r\n                                                                role=\"presentation\"\r\n                                                                style=\"table-layout: fixed; vertical-align: top; border-spacing: 0; border-collapse: collapse; mso-table-lspace: 0pt; mso-table-rspace: 0pt; min-width: 100%; -ms-text-size-adjust: 100%; -webkit-text-size-adjust: 100%;\"\r\n                                                                valign=\"top\" width=\"100%\">\r\n                                                                <tbody>\r\n                                                                    <tr style=\"vertical-align: top;\" valign=\"top\">\r\n                                                                        <td class=\"divider_inner\"\r\n                                                                            style=\"word-break: break-word; vertical-align: top; min-width: 100%; -ms-text-size-adjust: 100%; -webkit-text-size-adjust: 100%; padding-top: 0px; padding-right: 0px; padding-bottom: 0px; padding-left: 0px;\"\r\n                                                                            valign=\"top\">\r\n                                                                            <table align=\"center\" border=\"0\" cellpadding=\"0\"\r\n                                                                                cellspacing=\"0\" class=\"divider_content\"\r\n                                                                                role=\"presentation\"\r\n                                                                                style=\"table-layout: fixed; vertical-align: top; border-spacing: 0; border-collapse: collapse; mso-table-lspace: 0pt; mso-table-rspace: 0pt; border-top: 4px solid #1AA19C; width: 100%;\"\r\n                                                                                valign=\"top\" width=\"100%\">\r\n                                                                                <tbody>\r\n                                                                                    <tr style=\"vertical-align: top;\" valign=\"top\">\r\n                                                                                        <td style=\"word-break: break-word; vertical-align: top; -ms-text-size-adjust: 100%; -webkit-text-size-adjust: 100%;\"\r\n                                                                                            valign=\"top\"><span></span></td>\r\n                                                                                    </tr>\r\n                                                                                </tbody>\r\n                                                                            </table>\r\n                                                                        </td>\r\n                                                                    </tr>\r\n                                                                </tbody>\r\n                                                            </table>\r\n                                                            <table border=\"0\" cellpadding=\"0\" cellspacing=\"0\" class=\"divider\"\r\n                                                                role=\"presentation\"\r\n                                                                style=\"table-layout: fixed; vertical-align: top; border-spacing: 0; border-collapse: collapse; mso-table-lspace: 0pt; mso-table-rspace: 0pt; min-width: 100%; -ms-text-size-adjust: 100%; -webkit-text-size-adjust: 100%;\"\r\n                                                                valign=\"top\" width=\"100%\">\r\n                                                                <tbody>\r\n                                                                    <tr style=\"vertical-align: top;\" valign=\"top\">\r\n                                                                        <td class=\"divider_inner\"\r\n                                                                            style=\"word-break: break-word; vertical-align: top; min-width: 100%; -ms-text-size-adjust: 100%; -webkit-text-size-adjust: 100%; padding-top: 35px; padding-right: 0px; padding-bottom: 0px; padding-left: 0px;\"\r\n                                                                            valign=\"top\">\r\n                                                                            <table align=\"center\" border=\"0\" cellpadding=\"0\"\r\n                                                                                cellspacing=\"0\" class=\"divider_content\"\r\n                                                                                role=\"presentation\"\r\n                                                                                style=\"table-layout: fixed; vertical-align: top; border-spacing: 0; border-collapse: collapse; mso-table-lspace: 0pt; mso-table-rspace: 0pt; border-top: 0px solid #BBBBBB; width: 100%;\"\r\n                                                                                valign=\"top\" width=\"100%\">\r\n                                                                                <tbody>\r\n                                                                                    <tr style=\"vertical-align: top;\" valign=\"top\">\r\n                                                                                        <td style=\"word-break: break-word; vertical-align: top; -ms-text-size-adjust: 100%; -webkit-text-size-adjust: 100%;\"\r\n                                                                                            valign=\"top\"><span></span></td>\r\n                                                                                    </tr>\r\n                                                                                </tbody>\r\n                                                                            </table>\r\n                                                                        </td>\r\n                                                                    </tr>\r\n                                                                </tbody>\r\n                                                            </table>\r\n                                                            <div\r\n                                                                style=\"color:#555555;font-family:Montserrat, Trebuchet MS, Lucida Grande, Lucida Sans Unicode, Lucida Sans, Tahoma, sans-serif;line-height:1.2;padding-top:15px;padding-right:0px;padding-bottom:10px;padding-left:30px;\">\r\n                                                                <div\r\n                                                                    style=\"line-height: 1.2; font-size: 12px; color: #555555; font-family: Montserrat, Trebuchet MS, Lucida Grande, Lucida Sans Unicode, Lucida Sans, Tahoma, sans-serif; mso-line-height-alt: 14px;\">\r\n                                                                    <p\r\n                                                                        style=\"font-size: 18px; line-height: 1.2; word-break: break-word; text-align: left; mso-line-height-alt: 22px; margin: 0;\">\r\n                                                                        <span style=\"color: #2b303a; font-size: 18px;\"><strong>Hello\r\n                                                                                {assignee_name},</strong></span></p>\r\n                                                                </div>\r\n                                                            </div>\r\n                                                            <div\r\n                                                                style=\"color:#555555;font-family:Montserrat, Trebuchet MS, Lucida Grande, Lucida Sans Unicode, Lucida Sans, Tahoma, sans-serif;line-height:1.2;padding-top:0px;padding-right:0px;padding-bottom:10px;padding-left:30px;\">\r\n                                                                <div\r\n                                                                    style=\"line-height: 1.2; font-size: 12px; color: #555555; font-family: Montserrat, Trebuchet MS, Lucida Grande, Lucida Sans Unicode, Lucida Sans, Tahoma, sans-serif; mso-line-height-alt: 14px;\">\r\n                                                                    <p\r\n                                                                        style=\"font-size: 18px; line-height: 1.2; word-break: break-word; text-align: left; mso-line-height-alt: 22px; margin: 0; padding-right: 5%; text-align: justify \">\r\n                                                                        <span style=\"color: #008080; font-size: 18px;\">A new support\r\n                                                                            task has been assigned to you. Here is a brief overview of\r\n                                                                            the task. Please have a look.</span></p><br />\r\n                                                                </div>\r\n                                                            </div>\r\n                                                            <!--[if mso]></td></tr></table><![endif]-->\r\n                                                            <table border=\"0\" cellpadding=\"0\" cellspacing=\"0\" class=\"divider\"\r\n                                                                role=\"presentation\"\r\n                                                                style=\"table-layout: fixed; vertical-align: top; border-spacing: 0; border-collapse: collapse; mso-table-lspace: 0pt; mso-table-rspace: 0pt; min-width: 100%; -ms-text-size-adjust: 100%; -webkit-text-size-adjust: 100%;\"\r\n                                                                valign=\"top\" width=\"100%\">\r\n                                                                <tbody>\r\n                                                                    <tr style=\"vertical-align: top;\" valign=\"top\">\r\n                                                                        <td class=\"divider_inner\"\r\n                                                                            style=\"word-break: break-word; vertical-align: top; min-width: 100%; -ms-text-size-adjust: 100%; -webkit-text-size-adjust: 100%; padding-top: 0px; padding-right: 25px; padding-bottom: 10px; padding-left: 25px;\"\r\n                                                                            valign=\"top\">\r\n                                                                            <table align=\"center\" border=\"0\" cellpadding=\"0\"\r\n                                                                                cellspacing=\"0\" class=\"divider_content\"\r\n                                                                                role=\"presentation\"\r\n                                                                                style=\"table-layout: fixed; vertical-align: top; border-spacing: 0; border-collapse: collapse; mso-table-lspace: 0pt; mso-table-rspace: 0pt; border-top: 1px solid #BBBBBB; width: 100%;\"\r\n                                                                                valign=\"top\" width=\"100%\">\r\n                                                                                <tbody>\r\n                                                                                    <tr style=\"vertical-align: top;\" valign=\"top\">\r\n                                                                                        <td style=\"word-break: break-word; vertical-align: top; -ms-text-size-adjust: 100%; -webkit-text-size-adjust: 100%;\"\r\n                                                                                            valign=\"top\"><span></span></td>\r\n                                                                                    </tr>\r\n                                                                                </tbody>\r\n                                                                            </table>\r\n                                                                        </td>\r\n                                                                    </tr>\r\n                                                                </tbody>\r\n                                                            </table>\r\n                                                            <div\r\n                                                                style=\"color:#555555;font-family:Montserrat, Trebuchet MS, Lucida Grande, Lucida Sans Unicode, Lucida Sans, Tahoma, sans-serif;line-height:1.5;padding-top:10px;padding-right:10px;padding-bottom:20px;padding-left:25px;\">\r\n                                                                <div\r\n                                                                    style=\"line-height: 1.5; font-size: 12px; font-family: Montserrat, Trebuchet MS, Lucida Grande, Lucida Sans Unicode, Lucida Sans, Tahoma, sans-serif; color: #555555; mso-line-height-alt: 18px;\">\r\n                                                                    <p\r\n                                                                        style=\"font-size: 15px; line-height: 1.5; font-family: inherit; word-break: break-word; mso-line-height-alt: 23px; margin: 0;\">\r\n                                                                        <u><b>Task Details:</b></u></p>\r\n                                                                    <p\r\n                                                                        style=\"font-size: 15px; line-height: 1.5; font-family: inherit; word-break: break-word; mso-line-height-alt: 23px; margin: 0;\">\r\n                                                                        <span style=\"font-size: 15px;\">Task Name: <span\r\n                                                                                style=\"color: #555555;\"><strong>\r\n                                                                                    {task_name}</strong></span></span></p>\r\n                                                                    <p\r\n                                                                        style=\"font-size: 15px; line-height: 1.5; font-family: inherit; word-break: break-word; mso-line-height-alt: 23px; margin: 0;\">\r\n                                                                        <span style=\"font-size: 15px;\">Description: <span\r\n                                                                                style=\"color: #555555;\"><strong>\r\n                                                                                    {task_details}</strong></span></span></p>\r\n                                                                    <p\r\n                                                                        style=\"font-size: 15px; line-height: 1.5; font-family: inherit; word-break: break-word; mso-line-height-alt: 23px; margin: 0;\">\r\n                                                                        <span style=\"font-size: 15px;\">Start Date: <span\r\n                                                                                style=\"color: #555555;\"><strong>\r\n                                                                                    {start_date}</strong></span></span></p>\r\n                                                                    <p\r\n                                                                        style=\"font-size: 15px; line-height: 1.5; font-family: inherit; word-break: break-word; mso-line-height-alt: 23px; margin: 0;\">\r\n                                                                        <span style=\"font-size: 15px;\">Due Date: <span\r\n                                                                                style=\"color: #555555;\"><strong>\r\n                                                                                    {due_date}</strong></span></span></p>\r\n                                                                    <p\r\n                                                                        style=\"font-size: 15px; line-height: 1.5; font-family: inherit; word-break: break-word; mso-line-height-alt: 23px; margin: 0;\">\r\n                                                                        <span style=\"font-size: 15px;\">Priority: <span\r\n                                                                                style=\"color: #555555;\"><strong>\r\n                                                                                    {priority}</strong></span></span></p>\r\n                                                                    <p\r\n                                                                        style=\"font-size: 15px; line-height: 1.5; font-family: inherit; word-break: break-word; mso-line-height-alt: 23px; margin: 0;\">\r\n                                                                        <span style=\"font-size: 15px;\">Checklist: <span\r\n                                                                                style=\"color: #555555;\"><strong>\r\n                                                                                    {task_checklist}</strong></span></span></p>\r\n                                                                    <p\r\n                                                                        style=\"font-size: 15px; line-height: 1.5; font-family: inherit; word-break: break-word; mso-line-height-alt: 23px; margin: 0;\">\r\n                                                                        <span style=\"font-size: 15px;\">Status: <span\r\n                                                                                style=\"color: #555555;\"><strong>\r\n                                                                                    {ticket_status}</strong></span></span></p>\r\n                                                                </div>\r\n                                                                <div>\r\n                                                                    <p\r\n                                                                        style=\"font-size: 15px; padding-top: 3%; line-height: 1; word-break: break-word; text-align: center; mso-line-height-alt: 22px; margin: 0;font-family: inherit;\">\r\n                                                                        <span\r\n                                                                            style=\"color: black; font-size: 18px; line-height: 1rem;\">You\r\n                                                                            can go to the task by clicking the following button.</span>\r\n                                                                    </p>\r\n                                                                    <div style=\"text-align: center; width: 100%; padding-top: 3%;\">\r\n                                                                        <a href=\"{task_link}\" class=\"myButton\"\r\n                                                                            style=\"color: #ffffff\">View Task</a>\r\n                                                                    </div>\r\n                                                                </div>\r\n                                                            </div>\r\n                                                            <div\r\n                                                                style=\"color:#555555;font-family:Montserrat, Trebuchet MS, Lucida Grande, Lucida Sans Unicode, Lucida Sans, Tahoma, sans-serif;line-height:1.5;padding-top:20px;padding-right:30px;padding-bottom:40px;padding-left:30px;\">\r\n                                                                <div\r\n                                                                    style=\"line-height: 1.5; font-size: 12px; font-family: Montserrat, Trebuchet MS, Lucida Grande, Lucida Sans Unicode, Lucida Sans, Tahoma, sans-serif; color: #555555; mso-line-height-alt: 18px;\">\r\n                                                                    <p\r\n                                                                        style=\"font-size: 15px; line-height: 1.5; word-break: break-word; text-align: left; font-family: inherit; mso-line-height-alt: 23px; margin: 0;\">\r\n                                                                        <span style=\"color: #2b303a; font-size: 15px;\">Regards,</span>\r\n                                                                    </p>\r\n                                                                    <p\r\n                                                                        style=\"font-size: 15px; line-height: 1.5; word-break: break-word; text-align: left; font-family: inherit; mso-line-height-alt: 23px; margin: 0;\">\r\n                                                                        <span\r\n                                                                            style=\"color: #2b303a; font-size: 15px;\">{company_name}</span>\r\n                                                                    </p>\r\n                                                                </div>\r\n                                                            </div>\r\n                                                        </div>\r\n                                                        <!--<![endif]-->\r\n                                                    </div>\r\n                                                </div>\r\n                                            </div>\r\n                                        </div>\r\n                                    </div>\r\n                                    <div style=\"background-color:transparent;\">\r\n                                        <div class=\"block-grid\"\r\n                                            style=\"Margin: 0 auto; min-width: 320px; max-width: 640px; overflow-wrap: break-word; word-wrap: break-word; word-break: break-word; background-color: #fff;\">\r\n                                            <div style=\"border-collapse: collapse;display: table;width: 100%;background-color:#fff;\">\r\n                                                <div class=\"col num12\"\r\n                                                    style=\"min-width: 320px; max-width: 640px; display: table-cell; vertical-align: top; width: 640px;\">\r\n                                                    <div style=\"width:100% !important;\">\r\n                                                        <!--[if (!mso)&(!IE)]><!-->\r\n                                                        <div\r\n                                                            style=\"border-top:0px solid transparent; border-left:0px solid transparent; border-bottom:0px solid transparent; border-right:0px solid transparent; padding-top:0px; padding-bottom:0px; padding-right: 0px; padding-left: 0px;\">\r\n                                                            <!--<![endif]-->\r\n                                                            <table border=\"0\" cellpadding=\"0\" cellspacing=\"0\" class=\"divider\"\r\n                                                                role=\"presentation\"\r\n                                                                style=\"table-layout: fixed; vertical-align: top; border-spacing: 0; border-collapse: collapse; mso-table-lspace: 0pt; mso-table-rspace: 0pt; min-width: 100%; -ms-text-size-adjust: 100%; -webkit-text-size-adjust: 100%;\"\r\n                                                                valign=\"top\" width=\"100%\">\r\n                                                                <tbody>\r\n                                                                    <tr style=\"vertical-align: top;\" valign=\"top\">\r\n                                                                        <td class=\"divider_inner\"\r\n                                                                            style=\"word-break: break-word; vertical-align: top; min-width: 100%; -ms-text-size-adjust: 100%; -webkit-text-size-adjust: 100%; padding-top: 60px; padding-right: 0px; padding-bottom: 12px; padding-left: 0px;\"\r\n                                                                            valign=\"top\">\r\n                                                                            <table align=\"center\" border=\"0\" cellpadding=\"0\"\r\n                                                                                cellspacing=\"0\" class=\"divider_content\"\r\n                                                                                role=\"presentation\"\r\n                                                                                style=\"table-layout: fixed; vertical-align: top; border-spacing: 0; border-collapse: collapse; mso-table-lspace: 0pt; mso-table-rspace: 0pt; border-top: 0px solid #BBBBBB; width: 100%;\"\r\n                                                                                valign=\"top\" width=\"100%\">\r\n                                                                                <tbody>\r\n                                                                                    <tr style=\"vertical-align: top;\" valign=\"top\">\r\n                                                                                        <td style=\"word-break: break-word; vertical-align: top; -ms-text-size-adjust: 100%; -webkit-text-size-adjust: 100%;\"\r\n                                                                                            valign=\"top\"><span></span></td>\r\n                                                                                    </tr>\r\n                                                                                </tbody>\r\n                                                                            </table>\r\n                                                                        </td>\r\n                                                                    </tr>\r\n                                                                </tbody>\r\n                                                            </table>\r\n                                                            <!--[if (!mso)&(!IE)]><!-->\r\n                                                        </div>\r\n                                                        <!--<![endif]-->\r\n                                                    </div>\r\n                                                </div>\r\n                                            </div>\r\n                                        </div>\r\n                                    </div>\r\n                                    <div style=\"background-color:transparent;\">\r\n                                        <div class=\"block-grid\"\r\n                                            style=\"Margin: 0 auto; min-width: 320px; max-width: 640px; overflow-wrap: break-word; word-wrap: break-word; word-break: break-word; background-color: #f8f8f9;\">\r\n                                            <div style=\"border-collapse: collapse;display: table;width: 100%;background-color:#f8f8f9;\">\r\n                                                <div class=\"col num12\"\r\n                                                    style=\"min-width: 320px; max-width: 640px; display: table-cell; vertical-align: top; width: 640px;\">\r\n                                                    <div style=\"width:100% !important;\">\r\n                                                        <!--[if (!mso)&(!IE)]><!-->\r\n                                                        <div\r\n                                                            style=\"border-top:0px solid transparent; border-left:0px solid transparent; border-bottom:0px solid transparent; border-right:0px solid transparent; padding-top:5px; padding-bottom:5px; padding-right: 0px; padding-left: 0px;\">\r\n                                                            <!--<![endif]-->\r\n                                                            <table border=\"0\" cellpadding=\"0\" cellspacing=\"0\" class=\"divider\"\r\n                                                                role=\"presentation\"\r\n                                                                style=\"table-layout: fixed; vertical-align: top; border-spacing: 0; border-collapse: collapse; mso-table-lspace: 0pt; mso-table-rspace: 0pt; min-width: 100%; -ms-text-size-adjust: 100%; -webkit-text-size-adjust: 100%;\"\r\n                                                                valign=\"top\" width=\"100%\">\r\n                                                                <tbody>\r\n                                                                    <tr style=\"vertical-align: top;\" valign=\"top\">\r\n                                                                        <td class=\"divider_inner\"\r\n                                                                            style=\"word-break: break-word; vertical-align: top; min-width: 100%; -ms-text-size-adjust: 100%; -webkit-text-size-adjust: 100%; padding-top: 20px; padding-right: 20px; padding-bottom: 20px; padding-left: 20px;\"\r\n                                                                            valign=\"top\">\r\n                                                                            <table align=\"center\" border=\"0\" cellpadding=\"0\"\r\n                                                                                cellspacing=\"0\" class=\"divider_content\"\r\n                                                                                role=\"presentation\"\r\n                                                                                style=\"table-layout: fixed; vertical-align: top; border-spacing: 0; border-collapse: collapse; mso-table-lspace: 0pt; mso-table-rspace: 0pt; border-top: 0px solid #BBBBBB; width: 100%;\"\r\n                                                                                valign=\"top\" width=\"100%\">\r\n                                                                                <tbody>\r\n                                                                                    <tr style=\"vertical-align: top;\" valign=\"top\">\r\n                                                                                        <td style=\"word-break: break-word; vertical-align: top; -ms-text-size-adjust: 100%; -webkit-text-size-adjust: 100%;\"\r\n                                                                                            valign=\"top\"><span></span></td>\r\n                                                                                    </tr>\r\n                                                                                </tbody>\r\n                                                                            </table>\r\n                                                                        </td>\r\n                                                                    </tr>\r\n                                                                </tbody>\r\n                                                            </table>\r\n                                                        </div>\r\n                                                    </div>\r\n                                                </div>\r\n                                            </div>\r\n                                        </div>\r\n                                    </div>\r\n                                </td>\r\n                            </tr>\r\n                        </tbody>\r\n                    </table>\r\n                </body>\r\n                \r\n                </html>', 'en', 'email', 1),(9, 15, 'Payment information for Purchase #{purchase_reference_no}', '<p>Hi {supplier_name},</p><p>We just want to confirm a few details about payment information:</p><p><b>Supplier Information</b></p><p>{billing_street}</p><p>{billing_city}</p><p>{billing_state}</p><p>{billing_zip_code}</p><p>{billing_country}<br></p><p><b>Payment Summary<br></b></p><p><b></b><i>Payment No : {payment_id}</i></p><p><i>Payment Date : {payment_date}&nbsp;</i></p><p><i>Payment Method : {payment_method} <br></i></p><p><i><b>Total Amount : {total_amount}</b></i></p><p><i>Purchase Order No : {purchase_reference_no}</i><br><i></i></p><p><br></p><p>Regards,</p><p>{company_name}<br></p><br><br><br><br><br><br>', 'en', 'email', 1),(10, 5, 'Subject', '<p>Body ar&nbsp;Quotation</p>', 'ar', 'email', 2),(11, 6, 'Subject', '<p>Body ar purchase</p>', 'ar', 'email', 2),(12, 5, '', 'Your Quotation  #{order_reference_no} has been created on {order_date} successfully.{company_name}', 'en', 'sms', 1),(13, 4, '', 'Your Invoice #{invoice_reference_no} has been created on {order_date} successfully. {company_name}', 'en', 'sms', 1),(14, 5, 'SMS Title', 'Text Message ar quotation', 'ar', 'sms', 2),(15, 4, 'SMS Title', 'Text Message', 'ar', 'sms', 2),(16, 10, 'Subject', 'Body', 'ar', 'email', 2),(17, 13, 'You have been assigned in a project', '<p></p>\r\n                <p>Hello {assignee},</p><p>\r\n                A new project has been assigned to you.\r\n                <br></p>\r\n                <br>\r\n                Project Name :{project_name}<br>Customer Name:{customer_name}<br><div>Start Date: {start_date}</div><div>Status: {status}</div><div><br></div><div><b>Project Details</b></div><div>{details}<br></div>\r\n                <p>Regards,</p><p>{company_name}</p>\r\n                <br><br>\r\n                <br>', 'en', 'email', 1),(18, 13, 'Subject', 'Body', 'ar', 'email', 2),(19, 12, 'A new project has been created.', '<p></p>\r\n\r\n                <p>Hello {customer_name},</p><p>\r\n\r\n\r\n\r\n                A new project has been created.\r\n\r\n\r\n\r\n                <br></p>\r\n\r\n                <br>\r\n\r\n                Project Name :{project_name}<br><div>Start Date: {start_date}</div><div>Status: {status}</div><div><br></div><div><b>Project Details</b></div><div>{details}<br></div>\r\n\r\n                <p>Regards,</p><p>{company_name}</p>\r\n\r\n\r\n\r\n                <br><br>\r\n\r\n                <br>', 'en', 'email', 1),(20, 18, 'New Password Set', '                  <!DOCTYPE html>\r\n                <html>\r\n                  <head>\r\n                    <meta charset=\"utf-8\">\r\n                    <meta http-equiv=\"x-ua-compatible\" content=\"ie=edge\">\r\n                    <title>Password Reset</title>\r\n                    <meta name=\"viewport\" content=\"width=device-width, initial-scale=1\">\r\n                  <style type=\"text/css\">\r\n                  /**\r\n                   * Google webfonts. Recommended to include the .woff version for cross-client compatibility.\r\n                   */\r\n                  @media screen {\r\n                    @font-face {\r\n                      font-family: Source Sans Pro;\r\n                      font-style: normal;\r\n                      font-weight: 400;\r\n                      src: local(\"Source Sans Pro Regular\"), local(\"SourceSansPro-Regular\"), url(https://fonts.gstatic.com/s/sourcesanspro/v10/ODelI1aHBYDBqgeIAH2zlBM0YzuT7MdOe03otPbuUS0.woff) format(\"woff\");\r\n                    }\r\n                    @font-face {\r\n                      font-family: Source Sans Pro;\r\n                      font-style: normal;\r\n                      font-weight: 700;\r\n                      src: local(\"Source Sans Pro Bold\"), local(\"SourceSansPro-Bold\"), url(https://fonts.gstatic.com/s/sourcesanspro/v10/toadOcfmlt9b38dHJxOBGFkQc6VGVFSmCnC_l7QZG60.woff) format(\"woff\");\r\n                    }\r\n                  }\r\n                  /**\r\n                   * Avoid browser level font resizing.\r\n                   * 1. Windows Mobile\r\n                   * 2. iOS / OSX\r\n                   */\r\n                  body,\r\n                  table,\r\n                  td,\r\n                  a {\r\n                    -ms-text-size-adjust: 100%; /* 1 */\r\n                    -webkit-text-size-adjust: 100%; /* 2 */\r\n                  }\r\n                  /**\r\n                   * Remove extra space added to tables and cells in Outlook.\r\n                   */\r\n                  table,\r\n                  td {\r\n                    mso-table-rspace: 0pt;\r\n                    mso-table-lspace: 0pt;\r\n                  }\r\n                  /**\r\n                   * Better fluid images in Internet Explorer.\r\n                   */\r\n                  img {\r\n                    -ms-interpolation-mode: bicubic;\r\n                  }\r\n                  /**\r\n                   * Remove blue links for iOS devices.\r\n                   */\r\n                  a[x-apple-data-detectors] {\r\n                    font-family: inherit !important;\r\n                    font-size: inherit !important;\r\n                    font-weight: inherit !important;\r\n                    line-height: inherit !important;\r\n                    color: inherit !important;\r\n                    text-decoration: none !important;\r\n                  }\r\n                  /**\r\n                   * Fix centering issues in Android 4.4.\r\n                   */\r\n                  div[style*=\"margin: 16px 0;\"] {\r\n                    margin: 0 !important;\r\n                  }\r\n                  body {\r\n                    width: 100% !important;\r\n                    height: 100% !important;\r\n                    padding: 0 !important;\r\n                    margin: 0 !important;\r\n                  }\r\n                  /**\r\n                   * Collapse table borders to avoid space between cells.\r\n                   */\r\n                  table {\r\n                    border-collapse: collapse !important;\r\n                  }\r\n                  a {\r\n                    color: #1a82e2;\r\n                  }\r\n                  img {\r\n                    height: auto;\r\n                    line-height: 100%;\r\n                    text-decoration: none;\r\n                    border: 0;\r\n                    outline: none;\r\n                  }\r\n                  </style>\r\n\r\n                </head>\r\n                    <body style=\"background-color: #e9ecef;\">\r\n                      <div class=\"preheader\" style=\"display: none; max-width: 0; max-height: 0; overflow: hidden; font-size: 1px; line-height: 1px; color: #fff; opacity: 0;\">\r\n                      </div>\r\n                      <table border=\"0\" cellpadding=\"0\" cellspacing=\"0\" width=\"100%\">\r\n                        <tr>\r\n                          <td align=\"center\" bgcolor=\"#e9ecef\">\r\n                            <table border=\"0\" cellpadding=\"0\" cellspacing=\"0\" width=\"100%\" style=\"max-width: 600px;\">\r\n                              <tr>\r\n                                <td align=\"center\" valign=\"top\" style=\"padding: 36px 24px;\">\r\n                                </td>\r\n                              </tr>\r\n                            </table>\r\n                          </td>\r\n                        </tr>\r\n                        <tr>\r\n                          <td align=\"center\" bgcolor=\"#e9ecef\">\r\n                            <table border=\"0\" cellpadding=\"0\" cellspacing=\"0\" width=\"100%\" style=\"max-width: 600px;\">\r\n                              <tr>\r\n                                <td align=\"left\" bgcolor=\"#ffffff\" style=\"padding: 36px 24px 0; font-family: Source Sans Pro, Helvetica, Arial, sans-serif; border-top: 3px solid #d4dadf;\">\r\n                                  <h1 style=\"margin: 0; font-size: 32px; font-weight: 700; letter-spacing: -1px; line-height: 48px; text-align: center; color: cornflowerblue;\">Updated Your Password</h1>\r\n                                </td>\r\n                              </tr>\r\n                            </table>\r\n                          </td>\r\n                        </tr>\r\n                        <tr>\r\n                          <td align=\"center\" bgcolor=\"#e9ecef\">\r\n                            <table border=\"0\" cellpadding=\"0\" cellspacing=\"0\" width=\"100%\" style=\"max-width: 600px;\">\r\n                              <tr>\r\n                                <td align=\"left\" bgcolor=\"#ffffff\" style=\"padding: 24px; font-family: Source Sans Pro, Helvetica, Arial, sans-serif; font-size: 16px; line-height: 24px;\">\r\n                                  <p style=\"margin: 0;\">Hello {user_name},</p>\r\n                                  <p>You requested to update your password. Your new password has been set. You can check the update going through the <a href=\"{company_url}\">portal</a>.</p>\r\n                                  <h5 style=\"margin-top:10px; margin-bottom:0px; \"> <u>Credentials</u>: </h5>\r\n                                  <div style=\"line-height: 1.5; font-size: 12px; font-family: Montserrat, Trebuchet MS, Lucida Grande, Lucida Sans Unicode, Lucida Sans, Tahoma, sans-serif; color: #555555; mso-line-height-alt: 18px;\">\r\n                                    <p style=\"font-size: 15px; line-height: 1.5; font-family: inherit; word-break: break-word; mso-line-height-alt: 23px; margin: 0;\"><span style=\"font-size: 15px;\">User ID: <span style=\"color: #555555;\"><strong> {user_id}</strong></span></span></p>\r\n                                    <p style=\"font-size: 15px; line-height: 1.5; font-family: inherit; word-break: break-word; mso-line-height-alt: 23px; margin: 0;\"><span style=\"font-size: 15px;\">Password: <span style=\"color: #555555;\"><strong> {user_pass}</strong></span></span></p>\r\n                                  </div>\r\n                                  <p style=\"margin-top:10px;\">Was it you or someone else? If it was not you, please inform us promptly.</p>\r\n                                </td>\r\n                              </tr>\r\n                              <tr>\r\n                                <td align=\"left\" bgcolor=\"#ffffff\" style=\"padding: 0 24px 24px 24px; font-family: Source Sans Pro, Helvetica, Arial, sans-serif; font-size: 16px; line-height: 24px; border-bottom: 3px solid #d4dadf\">\r\n                                  <p style=\"margin: 0;\">Thanks & Regards,<br> {company_name}</p>\r\n                                  <p>\r\n                                    From : {company_name}<br />\r\n                                    Email: {company_email}<br />\r\n                                    Phone: {company_phone}<br />\r\n                                    Address: {company_street}, {company_city}, {company_state}\r\n                                  </p>\r\n                                  <br/>\r\n                                  <hr>\r\n                                  <p style=\"text-align: center;\">{company_name}, all rights reserved</p>\r\n                                </td>\r\n                              </tr>\r\n                            </table>\r\n                          </td>\r\n                        </tr>\r\n                      </table>\r\n                    </body>\r\n                </html>', 'en', 'email', 1),(21, 17, 'Reset Password', '<!DOCTYPE html>\r\n                    <html>\r\n                      <head>\r\n                        <meta charset=\"utf-8\">\r\n                        <meta http-equiv=\"x-ua-compatible\" content=\"ie=edge\">\r\n                        <title>Password Reset</title>\r\n                        <meta name=\"viewport\" content=\"width=device-width, initial-scale=1\">\r\n                      <style type=\"text/css\">\r\n                      /**\r\n                       * Google webfonts. Recommended to include the .woff version for cross-client compatibility.\r\n                       */\r\n                      @media screen {\r\n                        @font-face {\r\n                          font-family: Source Sans Pro;\r\n                          font-style: normal;\r\n                          font-weight: 400;\r\n                          src: local(\"Source Sans Pro Regular\"), local(\"SourceSansPro-Regular\"), url(https://fonts.gstatic.com/s/sourcesanspro/v10/ODelI1aHBYDBqgeIAH2zlBM0YzuT7MdOe03otPbuUS0.woff) format(\"woff\");\r\n                        }\r\n                        @font-face {\r\n                          font-family: Source Sans Pro;\r\n                          font-style: normal;\r\n                          font-weight: 700;\r\n                          src: local(\"Source Sans Pro Bold\"), local(\"SourceSansPro-Bold\"), url(https://fonts.gstatic.com/s/sourcesanspro/v10/toadOcfmlt9b38dHJxOBGFkQc6VGVFSmCnC_l7QZG60.woff) format(\"woff\");\r\n                        }\r\n                      }\r\n                      /**\r\n                       * Avoid browser level font resizing.\r\n                       * 1. Windows Mobile\r\n                       * 2. iOS / OSX\r\n                       */\r\n                      body,\r\n                      table,\r\n                      td,\r\n                      a {\r\n                        -ms-text-size-adjust: 100%; /* 1 */\r\n                        -webkit-text-size-adjust: 100%; /* 2 */\r\n                      }\r\n                      /**\r\n                       * Remove extra space added to tables and cells in Outlook.\r\n                       */\r\n                      table,\r\n                      td {\r\n                        mso-table-rspace: 0pt;\r\n                        mso-table-lspace: 0pt;\r\n                      }\r\n                      /**\r\n                       * Better fluid images in Internet Explorer.\r\n                       */\r\n                      img {\r\n                        -ms-interpolation-mode: bicubic;\r\n                      }\r\n                      /**\r\n                       * Remove blue links for iOS devices.\r\n                       */\r\n                      a[x-apple-data-detectors] {\r\n                        font-family: inherit !important;\r\n                        font-size: inherit !important;\r\n                        font-weight: inherit !important;\r\n                        line-height: inherit !important;\r\n                        color: inherit !important;\r\n                        text-decoration: none !important;\r\n                      }\r\n                      /**\r\n                       * Fix centering issues in Android 4.4.\r\n                       */\r\n                      div[style*=\"margin: 16px 0;\"] {\r\n                        margin: 0 !important;\r\n                      }\r\n                      body {\r\n                        width: 100% !important;\r\n                        height: 100% !important;\r\n                        padding: 0 !important;\r\n                        margin: 0 !important;\r\n                      }\r\n                      /**\r\n                       * Collapse table borders to avoid space between cells.\r\n                       */\r\n                      table {\r\n                        border-collapse: collapse !important;\r\n                      }\r\n                      a {\r\n                        color: #1a82e2;\r\n                      }\r\n                      img {\r\n                        height: auto;\r\n                        line-height: 100%;\r\n                        text-decoration: none;\r\n                        border: 0;\r\n                        outline: none;\r\n                      }\r\n                      </style>\r\n\r\n                    </head>\r\n                    <body style=\"background-color: #e9ecef;\">\r\n                      <div class=\"preheader\" style=\"display: none; color:black; max-width: 0; max-height: 0; overflow: hidden; font-size: 1px; line-height: 1px; color: #fff; opacity: 0;\">\r\n                        A preheader is the short summary text that follows the subject line when an email is viewed in the inbox.\r\n                      </div>\r\n                      <table border=\"0\" cellpadding=\"0\" cellspacing=\"0\" width=\"100%\">\r\n                        <tr>\r\n                          <td align=\"center\" bgcolor=\"#e9ecef\">\r\n                            <table border=\"0\" cellpadding=\"0\" cellspacing=\"0\" width=\"100%\" style=\"max-width: 600px;\">\r\n                              <tr>\r\n                                <td align=\"center\" valign=\"top\" style=\"padding: 36px 24px;\">\r\n                                </td>\r\n                              </tr>\r\n                            </table>\r\n                          </td>\r\n                        </tr>\r\n                        <tr>\r\n                          <td align=\"center\" bgcolor=\"#e9ecef\">\r\n                            <table border=\"0\" cellpadding=\"0\" cellspacing=\"0\" width=\"100%\" style=\"max-width: 600px;\">\r\n                              <tr>\r\n                                <td align=\"left\" bgcolor=\"#ffffff\" style=\"padding: 36px 24px 0; font-family: Source Sans Pro, Helvetica, Arial, sans-serif; border-top: 3px solid #d4dadf;\">\r\n                                  <h1 style=\"margin: 0; font-size: 32px; font-weight: 700; letter-spacing: -1px; line-height: 48px; text-align: center; color: cornflowerblue;\">Reset Your Password</h1>\r\n                                </td>\r\n                              </tr>\r\n                            </table>\r\n                          </td>\r\n                        </tr>\r\n                        <tr>\r\n                          <td align=\"center\" bgcolor=\"#e9ecef\">\r\n                            <table border=\"0\" cellpadding=\"0\" cellspacing=\"0\" width=\"100%\" style=\"max-width: 600px;\">\r\n                              <tr>\r\n                                <td align=\"left\" bgcolor=\"#ffffff\" style=\"padding: 24px; font-family: Source Sans Pro, Helvetica, Arial, sans-serif; font-size: 16px; line-height: 24px;\">\r\n                                  <p style=\"margin: 0; color:black;\">Dear {user_name},</p>\r\n                                  <p style=\" color:black;\">Someone has asked to reset the password of your {company_name} account. If you did not request a password reset, you can disregard this email. No changes have been made to your account.</p>\r\n                                  <p style=\" color:black;\">To reset your password, go to the following the button: </p>\r\n                                </td>\r\n                              </tr>\r\n                              <tr>\r\n                                <td align=\"left\" bgcolor=\"#ffffff\">\r\n                                  <table border=\"0\" cellpadding=\"0\" cellspacing=\"0\" width=\"100%\">\r\n                                    <tr>\r\n                                      <td align=\"center\" bgcolor=\"#ffffff\" style=\"padding: 12px;\">\r\n                                        <table border=\"0\" cellpadding=\"0\" cellspacing=\"0\">\r\n                                          <tr>\r\n                                            <td align=\"center\" bgcolor=\"#1a82e2\" style=\"border-radius: 6px;\">\r\n                                              <a href=\"{password_reset_url}\" target=\"_blank\" style=\"display: inline-block; padding: 16px 36px; font-family: Source Sans Pro, Helvetica, Arial, sans-serif; font-size: 16px; color: #ffffff; text-decoration: none; border-radius: 6px;\">Click here</a>\r\n                                            </td>\r\n                                          </tr>\r\n                                        </table>\r\n                                      </td>\r\n                                    </tr>\r\n                                  </table>\r\n                                </td>\r\n                              </tr>\r\n                              <tr>\r\n                                <td align=\"left\" bgcolor=\"#ffffff\" style=\"padding: 24px; font-family: Source Sans Pro, Helvetica, Arial, sans-serif; font-size: 16px; line-height: 24px;\">\r\n                                  <p style=\"margin: 0; color:black;\">If that does not work, click on the following link in your browser:</p>\r\n                                  <p style=\"margin: 0;\"><a href=\"{password_reset_url}\" target=\"_blank\">{password_reset_url}</a></p>\r\n                                </td>\r\n                              </tr>\r\n                              <tr>\r\n                                <td align=\"left\" bgcolor=\"#ffffff\" style=\"padding: 24px; font-family: Source Sans Pro, Helvetica, Arial, sans-serif; font-size: 16px; line-height: 24px; border-bottom: 3px solid #d4dadf\">\r\n                                  <p style=\"margin: 0;  color:black;\">Thanks & Regards,<br> {company_name}</p>\r\n                                  <p style=\" color:black;\">\r\n                                    From : {company_name}<br />\r\n                                    Email: {company_email}<br />\r\n                                    Phone: {company_phone}<br />\r\n                                    Address: {company_street}, {company_city}, {company_state}\r\n                                  </p>\r\n                                  <br />\r\n                                  <hr>\r\n                                  <p style=\"text-align: center;font-size:12px\">{company_name}, all rights reserved</p>\r\n                                </td>\r\n                              </tr>\r\n                            </table>\r\n                          </td>\r\n                        </tr>\r\n                      </table>\r\n                    </body>\r\n                </html>', 'en', 'email', 1),(22, 19, 'Your Invoice # {invoice_reference_no} from {company_name} has been created.', '<p>Hi {customer_name},</p><p>Thank you for your order. Heres a brief overview of your invoice: Invoice #{invoice_reference_no}. The invoice total is {currency}{total_amount}, please pay before {due_date}.</p><p>If you have any questions, please feel free to reply to this email.</p><p><strong>Billing address</strong></p><p>&nbsp;{billing_street}</p><p>&nbsp;{billing_city}</p><p>&nbsp;{billing_state}</p><p>&nbsp;{billing_zip_code}</p><p>&nbsp;{billing_country}<br>&nbsp;</p><p><br>&nbsp;</p><p><strong>Quotation summary</strong><br>&nbsp;</p><p>{invoice_summery}<br>&nbsp;</p><p>Regards,</p><p>{company_name}<br>&nbsp;</p>', 'en', 'email', 1),(23, 19, 'Subject', '<p>Body</p>', 'ar', 'email', 2),(24, 19, '', 'Your POS Invoice #{invoice_reference_no} has been created on {order_date} successfully.\r\n                {company_name}', 'en', 'sms', 1),(25, 19, 'Subject', '<p>Body</p>', 'ar', 'sms', 2),(26, 20, 'Task status for task no: #{task_id} has been updated by {changed_by}', '<!DOCTYPE html PUBLIC \"-//W3C//DTD XHTML 1.0 Transitional //EN\" \"http://www.w3.org/TR/xhtml1/DTD/xhtml1-transitional.dtd\">\r\n                <html xmlns=\"http://www.w3.org/1999/xhtml\" xmlns:o=\"urn:schemas-microsoft-com:office:office\" xmlns:v=\"urn:schemas-microsoft-com:vml\">\r\n                    <head>\r\n                        <meta content=\"text/html; charset=utf-8\" http-equiv=\"Content-Type\"/>\r\n                        <meta content=\"width=device-width\" name=\"viewport\"/>\r\n                        <meta content=\"IE=edge\" http-equiv=\"X-UA-Compatible\"/>\r\n                        <title>Task</title>\r\n                        <style type=\"text/css\">\r\n                                body {\r\n                                    margin: 0;\r\n                                    padding: 0;\r\n                                }\r\n                                table,\r\n                                td,\r\n                                tr {\r\n                                    vertical-align: top;\r\n                                    border-collapse: collapse;\r\n                                }\r\n                                * {\r\n                                    line-height: inherit;\r\n                                }\r\n                                a[x-apple-data-detectors=true] {\r\n                                    color: inherit !important;\r\n                                    text-decoration: none !important;\r\n                                }\r\n                                .myButton {\r\n                                    background-color:#1aa19c;\r\n                                    border-radius:5px;\r\n                                    display:inline-block;\r\n                                    cursor:pointer;\r\n                                    color:#ffffff;\r\n                                    font-family:Trebuchet MS;\r\n                                    font-size:17px;\r\n                                    font-weight:bold;\r\n                                    padding:9px 28px;\r\n                                    text-decoration:none;\r\n                                    text-shadow:0px 1px 2px #3d768a;\r\n                                }\r\n                                .myButton:hover {\r\n                                    background-color:#408c99;\r\n                                }\r\n                                .myButton:active {\r\n                                    position:relative;\r\n                                    top:1px;\r\n                                }\r\n                        </style>\r\n                        <style id=\"media-query\" type=\"text/css\">\r\n                                @media (max-width: 660px) {\r\n                                    .block-grid,\r\n                                    .col {\r\n                                        min-width: 320px !important;\r\n                                        max-width: 100% !important;\r\n                                        display: block !important;\r\n                                    }\r\n                                    .block-grid {\r\n                                        width: 100% !important;\r\n                                    }\r\n                                    .col {\r\n                                        width: 100% !important;\r\n                                    }\r\n                                    .col>div {\r\n                                        margin: 0 auto;\r\n                                    }\r\n                                    img.fullwidth,\r\n                                    img.fullwidthOnMobile {\r\n                                        max-width: 100% !important;\r\n                                    }\r\n                                    .no-stack .col {\r\n                                        min-width: 0 !important;\r\n                                        display: table-cell !important;\r\n                                    }\r\n                                    .no-stack.two-up .col {\r\n                                        width: 50% !important;\r\n                                    }\r\n                                    .no-stack .col.num4 {\r\n                                        width: 33% !important;\r\n                                    }\r\n                                    .no-stack .col.num8 {\r\n                                        width: 66% !important;\r\n                                    }\r\n                                    .no-stack .col.num4 {\r\n                                        width: 33% !important;\r\n                                    }\r\n                                    .no-stack .col.num3 {\r\n                                        width: 25% !important;\r\n                                    }\r\n                                    .no-stack .col.num6 {\r\n                                        width: 50% !important;\r\n                                    }\r\n                                    .no-stack .col.num9 {\r\n                                        width: 75% !important;\r\n                                    }\r\n                                    .video-block {\r\n                                        max-width: none !important;\r\n                                    }\r\n                                    .mobile_hide {\r\n                                        min-height: 0px;\r\n                                        max-height: 0px;\r\n                                        max-width: 0px;\r\n                                        display: none;\r\n                                        overflow: hidden;\r\n                                        font-size: 0px;\r\n                                    }\r\n                                    .desktop_hide {\r\n                                        display: block !important;\r\n                                        max-height: none !important;\r\n                                    }\r\n                                }\r\n                \r\n                        </style>\r\n                    </head>\r\n                    <body class=\"clean-body\" style=\"margin: 0; padding: 0; -webkit-text-size-adjust: 100%; background-color: #f8f8f9;\">\r\n                        <table bgcolor=\"#f8f8f9\" cellpadding=\"0\" cellspacing=\"0\" class=\"nl-container\" role=\"presentation\" style=\"table-layout: fixed; vertical-align: top; min-width: 320px; Margin: 0 auto; border-spacing: 0; border-collapse: collapse; mso-table-lspace: 0pt; mso-table-rspace: 0pt; background-color: #f8f8f9; width: 100%;\" valign=\"top\" width=\"100%\">\r\n                            <tbody>\r\n                                <tr style=\"vertical-align: top;\" valign=\"top\">\r\n                                    <td style=\"word-break: break-word; vertical-align: top;\" valign=\"top\">\r\n                                        <div style=\"background-color:transparent;\">\r\n                                            <div class=\"block-grid\" style=\"Margin: 0 auto; min-width: 320px; max-width: 640px; overflow-wrap: break-word; word-wrap: break-word; word-break: break-word; background-color: #fff;\">\r\n                                                <div style=\"border-collapse: collapse;display: table;width: 100%;background-color:#fff;\">\r\n                                                    <div class=\"col num12\" style=\"min-width: 320px; max-width: 640px; display: table-cell; vertical-align: top; width: 640px;\">\r\n                                                        <div style=\"width:100% !important;\">\r\n                                                            <div style=\"color:#555555;font-family:Pacifico, cursive;line-height:1.2;padding-top:35px;padding-right:0px;padding-bottom:20px;padding-left:30px;\">\r\n                                                                <div style=\"line-height: 1.2; font-size: 18px; color: #555555; font-family: Pacifico, cursive; mso-line-height-alt: 14px;\">\r\n                                                                    <p style=\"font-size: 18px; line-height: 1.2; word-break: break-word; text-align: center; mso-line-height-alt: 22px; margin: 0;\"><span style=\"color: #008080; font-size: 30px;\">{company_name}</span></p>\r\n                                                                </div>\r\n                                                            </div>\r\n                                                        </div>\r\n                                                    </div>\r\n                                                </div>\r\n                                            </div>\r\n                                        </div>\r\n                                        <div style=\"background-color:transparent;\">\r\n                                            <div class=\"block-grid\" style=\"Margin: 0 auto; min-width: 320px; max-width: 640px; overflow-wrap: break-word; word-wrap: break-word; word-break: break-word; background-color: #f3fafa;\">\r\n                                                <div style=\"border-collapse: collapse;display: table;width: 100%;background-color:#f3fafa;\">\r\n                                                    <div class=\"col num12\" style=\"min-width: 320px; max-width: 640px; display: table-cell; vertical-align: top; width: 580px;\">\r\n                                                        <div style=\"width:100% !important;\">\r\n                                                            <!--[if (!mso)&(!IE)]><!-->\r\n                                                            <div style=\"border-top:0px solid transparent; border-left:30px solid #FFFFFF; border-bottom:0px solid transparent; border-right:30px solid #FFFFFF; padding-top:0px; padding-bottom:0px; padding-right: 0px; padding-left: 0px;\">\r\n                                                                <!--<![endif]-->\r\n                                                                <table border=\"0\" cellpadding=\"0\" cellspacing=\"0\" class=\"divider\" role=\"presentation\" style=\"table-layout: fixed; vertical-align: top; border-spacing: 0; border-collapse: collapse; mso-table-lspace: 0pt; mso-table-rspace: 0pt; min-width: 100%; -ms-text-size-adjust: 100%; -webkit-text-size-adjust: 100%;\" valign=\"top\" width=\"100%\">\r\n                                                                    <tbody>\r\n                                                                        <tr style=\"vertical-align: top;\" valign=\"top\">\r\n                                                                            <td class=\"divider_inner\" style=\"word-break: break-word; vertical-align: top; min-width: 100%; -ms-text-size-adjust: 100%; -webkit-text-size-adjust: 100%; padding-top: 0px; padding-right: 0px; padding-bottom: 0px; padding-left: 0px;\" valign=\"top\">\r\n                                                                                <table align=\"center\" border=\"0\" cellpadding=\"0\" cellspacing=\"0\" class=\"divider_content\" role=\"presentation\" style=\"table-layout: fixed; vertical-align: top; border-spacing: 0; border-collapse: collapse; mso-table-lspace: 0pt; mso-table-rspace: 0pt; border-top: 4px solid #1AA19C; width: 100%;\" valign=\"top\" width=\"100%\">\r\n                                                                                    <tbody>\r\n                                                                                        <tr style=\"vertical-align: top;\" valign=\"top\">\r\n                                                                                            <td style=\"word-break: break-word; vertical-align: top; -ms-text-size-adjust: 100%; -webkit-text-size-adjust: 100%;\" valign=\"top\"><span></span></td>\r\n                                                                                        </tr>\r\n                                                                                    </tbody>\r\n                                                                                </table>\r\n                                                                            </td>\r\n                                                                        </tr>\r\n                                                                    </tbody>\r\n                                                                </table>\r\n                                                                <table border=\"0\" cellpadding=\"0\" cellspacing=\"0\" class=\"divider\" role=\"presentation\" style=\"table-layout: fixed; vertical-align: top; border-spacing: 0; border-collapse: collapse; mso-table-lspace: 0pt; mso-table-rspace: 0pt; min-width: 100%; -ms-text-size-adjust: 100%; -webkit-text-size-adjust: 100%;\" valign=\"top\" width=\"100%\">\r\n                                                                    <tbody>\r\n                                                                        <tr style=\"vertical-align: top;\" valign=\"top\">\r\n                                                                            <td class=\"divider_inner\" style=\"word-break: break-word; vertical-align: top; min-width: 100%; -ms-text-size-adjust: 100%; -webkit-text-size-adjust: 100%; padding-top: 35px; padding-right: 0px; padding-bottom: 0px; padding-left: 0px;\" valign=\"top\">\r\n                                                                                <table align=\"center\" border=\"0\" cellpadding=\"0\" cellspacing=\"0\" class=\"divider_content\" role=\"presentation\" style=\"table-layout: fixed; vertical-align: top; border-spacing: 0; border-collapse: collapse; mso-table-lspace: 0pt; mso-table-rspace: 0pt; border-top: 0px solid #BBBBBB; width: 100%;\" valign=\"top\" width=\"100%\">\r\n                                                                                    <tbody>\r\n                                                                                        <tr style=\"vertical-align: top;\" valign=\"top\">\r\n                                                                                            <td style=\"word-break: break-word; vertical-align: top; -ms-text-size-adjust: 100%; -webkit-text-size-adjust: 100%;\" valign=\"top\"><span></span></td>\r\n                                                                                        </tr>\r\n                                                                                    </tbody>\r\n                                                                                </table>\r\n                                                                            </td>\r\n                                                                        </tr>\r\n                                                                    </tbody>\r\n                                                                </table>\r\n                                                                <div style=\"color:#555555;font-family:Montserrat, Trebuchet MS, Lucida Grande, Lucida Sans Unicode, Lucida Sans, Tahoma, sans-serif;line-height:1.2;padding-top:15px;padding-right:0px;padding-bottom:10px;padding-left:30px;\">\r\n                                                                    <div style=\"line-height: 1.2; font-size: 12px; color: #555555; font-family: Montserrat, Trebuchet MS, Lucida Grande, Lucida Sans Unicode, Lucida Sans, Tahoma, sans-serif; mso-line-height-alt: 14px;\">\r\n                                                                        <p style=\"font-size: 18px; line-height: 1.2; word-break: break-word; text-align: left; mso-line-height-alt: 22px; margin: 0;\"><span style=\"color: #2b303a; font-size: 18px;\"><strong>Hello {assignee_name},</strong></span></p>\r\n                                                                    </div>\r\n                                                                </div>\r\n                                                                <div style=\"color:#555555;font-family:Montserrat, Trebuchet MS, Lucida Grande, Lucida Sans Unicode, Lucida Sans, Tahoma, sans-serif;line-height:1.2;padding-top:0px;padding-right:0px;padding-bottom:10px;padding-left:30px;\">\r\n                                                                    <div style=\"line-height: 1.2; font-size: 12px; color: #555555; font-family: Montserrat, Trebuchet MS, Lucida Grande, Lucida Sans Unicode, Lucida Sans, Tahoma, sans-serif; mso-line-height-alt: 14px;\">\r\n                                                                        <p style=\"font-size: 18px; line-height: 1.2; word-break: break-word; text-align: left; mso-line-height-alt: 22px; margin: 0;\"><span style=\"color: black; font-size: 18px; line-height: 2rem;\">Task status for task #{task_id} has been updated from {task_prev_status} to {task_new_status}. Have a look at the task details.</span></p>\r\n                                                                    </div>\r\n                                                                </div>\r\n                                                                <!--[if mso]></td></tr></table><![endif]-->\r\n                                                                <table border=\"0\" cellpadding=\"0\" cellspacing=\"0\" class=\"divider\" role=\"presentation\" style=\"table-layout: fixed; vertical-align: top; border-spacing: 0; border-collapse: collapse; mso-table-lspace: 0pt; mso-table-rspace: 0pt; min-width: 100%; -ms-text-size-adjust: 100%; -webkit-text-size-adjust: 100%;\" valign=\"top\" width=\"100%\">\r\n                                                                    <tbody>\r\n                                                                        <tr style=\"vertical-align: top;\" valign=\"top\">\r\n                                                                            <td class=\"divider_inner\" style=\"word-break: break-word; vertical-align: top; min-width: 100%; -ms-text-size-adjust: 100%; -webkit-text-size-adjust: 100%; padding-top: 0px; padding-right: 25px; padding-bottom: 10px; padding-left: 25px;\" valign=\"top\">\r\n                                                                                <table align=\"center\" border=\"0\" cellpadding=\"0\" cellspacing=\"0\" class=\"divider_content\" role=\"presentation\" style=\"table-layout: fixed; vertical-align: top; border-spacing: 0; border-collapse: collapse; mso-table-lspace: 0pt; mso-table-rspace: 0pt; border-top: 1px solid #BBBBBB; width: 100%;\" valign=\"top\" width=\"100%\">\r\n                                                                                    <tbody>\r\n                                                                                        <tr style=\"vertical-align: top;\" valign=\"top\">\r\n                                                                                            <td style=\"word-break: break-word; vertical-align: top; -ms-text-size-adjust: 100%; -webkit-text-size-adjust: 100%;\" valign=\"top\"><span></span></td>\r\n                                                                                        </tr>\r\n                                                                                    </tbody>\r\n                                                                                </table>\r\n                                                                            </td>\r\n                                                                        </tr>\r\n                                                                    </tbody>\r\n                                                                </table>\r\n                                                                <div style=\"color:#555555;font-family:Montserrat, Trebuchet MS, Lucida Grande, Lucida Sans Unicode, Lucida Sans, Tahoma, sans-serif;line-height:1.5;padding-top:10px;padding-right:10px;padding-bottom:20px;padding-left:25px;\">\r\n                                                                    <p style=\"font-size: 16px; color: black;\"><b><u>Task Details:</u></b></p>\r\n                                                                    <div style=\"line-height: 1.5; font-size: 12px; font-family: Montserrat, Trebuchet MS, Lucida Grande, Lucida Sans Unicode, Lucida Sans, Tahoma, sans-serif; color: #555555; mso-line-height-alt: 18px;\">\r\n                                                                        <p style=\"font-size: 15px; line-height: 1.5; font-family: inherit; word-break: break-word; mso-line-height-alt: 23px; margin: 0;\"><span style=\"font-size: 15px;\">Task No: <span style=\"color: #555555;\"><strong> #{task_id}</strong></span></span></p>\r\n                                                                        <p style=\"font-size: 15px; line-height: 1.5; font-family: inherit; word-break: break-word; mso-line-height-alt: 23px; margin: 0;\"><span style=\"font-size: 15px;\">Task Name: <span style=\"color: #555555;\"><strong> {task_name}</strong></span></span></p>\r\n                                                                        <p style=\"font-size: 15px; line-height: 1.5; font-family: inherit; word-break: break-word; mso-line-height-alt: 23px; margin: 0;\"><span style=\"font-size: 15px;\">Changed by: <span style=\"color: #555555;\"><strong> {changed_by}</strong></span></span></p>\r\n                                                                        <p style=\"font-size: 15px; line-height: 1.5; font-family: inherit; word-break: break-word; mso-line-height-alt: 23px; margin: 0;\"><span style=\"font-size: 15px;\">Task Assignee: <span style=\"color: #555555;\"><strong> {all_assignee_name}</strong></span></span></p>\r\n                                                                        <p style=\"font-size: 15px; line-height: 1.5; font-family: inherit; word-break: break-word; mso-line-height-alt: 23px; margin: 0;\"><span style=\"font-size: 15px;\">Start Date: <span style=\"color: #555555;\"><strong> {start_date}</strong></span></span></p>\r\n                                                                        <p style=\"font-size: 15px; line-height: 1.5; font-family: inherit; word-break: break-word; mso-line-height-alt: 23px; margin: 0;\"><span style=\"font-size: 15px;\">Due Date: <span style=\"color: #555555;\"><strong> {due_date}</strong></span></span></p>\r\n                                                                        <p style=\"font-size: 15px; line-height: 1.5; font-family: inherit; word-break: break-word; mso-line-height-alt: 23px; margin: 0;\"><span style=\"font-size: 15px;\">Priority: <span style=\"color: #555555;\"><strong> {priority}</strong></span></span></p>\r\n                                                                        <p style=\"font-size: 15px; line-height: 1.5; font-family: inherit; word-break: break-word; mso-line-height-alt: 23px; margin: 0;\"><span style=\"font-size: 15px;\">Status: <span style=\"color: #555555;\"><strong> {task_new_status}</strong></span></span></p>\r\n                                                                        <p style=\"font-size: 15px; padding-top: 3%; line-height: 1; word-break: break-word; text-align: center; mso-line-height-alt: 22px; margin: 0;font-family: inherit;\"><span style=\"color: black; font-size: 18px; line-height: 1rem;\">You can go to the task by clicking the following button.</span></p>\r\n                                                                        <div style=\"text-align: center; width: 100%; padding-top: 3%;\">\r\n                                                                            <a href=\"{task_link}\" class=\"myButton\" style=\"color: #ffffff\">View Task</a>\r\n                                                                        </div>\r\n                                                                    </div>\r\n                                                                </div>\r\n                                                            <div style=\"color:#555555;font-family:Montserrat, Trebuchet MS, Lucida Grande, Lucida Sans Unicode, Lucida Sans, Tahoma, sans-serif;line-height:1.5;padding-top:20px;padding-right:30px;padding-bottom:40px;padding-left:30px;\">\r\n                                                                <div style=\"line-height: 1.5; font-size: 12px; font-family: Montserrat, Trebuchet MS, Lucida Grande, Lucida Sans Unicode, Lucida Sans, Tahoma, sans-serif; color: #555555; mso-line-height-alt: 18px;\">\r\n                                                                    <p style=\"font-size: 15px; line-height: 1.5; word-break: break-word; text-align: left; font-family: inherit; mso-line-height-alt: 23px; margin: 0;\"><span style=\"color: #2b303a; font-size: 15px;\">Regards,</span></p>\r\n                                                                    <p style=\"font-size: 15px; line-height: 1.5; word-break: break-word; text-align: left; font-family: inherit; mso-line-height-alt: 23px; margin: 0;\"><span style=\"color: #2b303a; font-size: 15px;\">{company_name}</span></p>\r\n                                                                </div>\r\n                                                            </div>\r\n                                                        </div>\r\n                                                        <!--<![endif]-->\r\n                                                    </div>\r\n                                                </div>\r\n                                            </div>\r\n                                        </div>\r\n                                    </div>\r\n                                    <div style=\"background-color:transparent;\">\r\n                                        <div class=\"block-grid\" style=\"Margin: 0 auto; min-width: 320px; max-width: 640px; overflow-wrap: break-word; word-wrap: break-word; word-break: break-word; background-color: #fff;\">\r\n                                            <div style=\"border-collapse: collapse;display: table;width: 100%;background-color:#fff;\">\r\n                                                <div class=\"col num12\" style=\"min-width: 320px; max-width: 640px; display: table-cell; vertical-align: top; width: 640px;\">\r\n                                                    <div style=\"width:100% !important;\">\r\n                                                        <!--[if (!mso)&(!IE)]><!-->\r\n                                                        <div style=\"border-top:0px solid transparent; border-left:0px solid transparent; border-bottom:0px solid transparent; border-right:0px solid transparent; padding-top:0px; padding-bottom:0px; padding-right: 0px; padding-left: 0px;\">\r\n                                                            <!--<![endif]-->\r\n                                                            <table border=\"0\" cellpadding=\"0\" cellspacing=\"0\" class=\"divider\" role=\"presentation\" style=\"table-layout: fixed; vertical-align: top; border-spacing: 0; border-collapse: collapse; mso-table-lspace: 0pt; mso-table-rspace: 0pt; min-width: 100%; -ms-text-size-adjust: 100%; -webkit-text-size-adjust: 100%;\" valign=\"top\" width=\"100%\">\r\n                                                                <tbody>\r\n                                                                    <tr style=\"vertical-align: top;\" valign=\"top\">\r\n                                                                        <td class=\"divider_inner\" style=\"word-break: break-word; vertical-align: top; min-width: 100%; -ms-text-size-adjust: 100%; -webkit-text-size-adjust: 100%; padding-top: 60px; padding-right: 0px; padding-bottom: 12px; padding-left: 0px;\" valign=\"top\">\r\n                                                                            <table align=\"center\" border=\"0\" cellpadding=\"0\" cellspacing=\"0\" class=\"divider_content\" role=\"presentation\" style=\"table-layout: fixed; vertical-align: top; border-spacing: 0; border-collapse: collapse; mso-table-lspace: 0pt; mso-table-rspace: 0pt; border-top: 0px solid #BBBBBB; width: 100%;\" valign=\"top\" width=\"100%\">\r\n                                                                                <tbody>\r\n                                                                                    <tr style=\"vertical-align: top;\" valign=\"top\">\r\n                                                                                        <td style=\"word-break: break-word; vertical-align: top; -ms-text-size-adjust: 100%; -webkit-text-size-adjust: 100%;\" valign=\"top\"><span></span></td>\r\n                                                                                    </tr>\r\n                                                                                </tbody>\r\n                                                                            </table>\r\n                                                                        </td>\r\n                                                                    </tr>\r\n                                                                </tbody>\r\n                                                            </table>\r\n                                                            <!--[if (!mso)&(!IE)]><!-->\r\n                                                        </div>\r\n                                                        <!--<![endif]-->\r\n                                                    </div>\r\n                                                </div>\r\n                                            </div>\r\n                                        </div>\r\n                                    </div>\r\n                                    <div style=\"background-color:transparent;\">\r\n                                        <div class=\"block-grid\" style=\"Margin: 0 auto; min-width: 320px; max-width: 640px; overflow-wrap: break-word; word-wrap: break-word; word-break: break-word; background-color: #f8f8f9;\">\r\n                                            <div style=\"border-collapse: collapse;display: table;width: 100%;background-color:#f8f8f9;\">\r\n                                                <div class=\"col num12\" style=\"min-width: 320px; max-width: 640px; display: table-cell; vertical-align: top; width: 640px;\">\r\n                                                    <div style=\"width:100% !important;\">\r\n                                                        <!--[if (!mso)&(!IE)]><!-->\r\n                                                        <div style=\"border-top:0px solid transparent; border-left:0px solid transparent; border-bottom:0px solid transparent; border-right:0px solid transparent; padding-top:5px; padding-bottom:5px; padding-right: 0px; padding-left: 0px;\">\r\n                                                            <!--<![endif]-->\r\n                                                            <table border=\"0\" cellpadding=\"0\" cellspacing=\"0\" class=\"divider\" role=\"presentation\" style=\"table-layout: fixed; vertical-align: top; border-spacing: 0; border-collapse: collapse; mso-table-lspace: 0pt; mso-table-rspace: 0pt; min-width: 100%; -ms-text-size-adjust: 100%; -webkit-text-size-adjust: 100%;\" valign=\"top\" width=\"100%\">\r\n                                                                <tbody>\r\n                                                                    <tr style=\"vertical-align: top;\" valign=\"top\">\r\n                                                                        <td class=\"divider_inner\" style=\"word-break: break-word; vertical-align: top; min-width: 100%; -ms-text-size-adjust: 100%; -webkit-text-size-adjust: 100%; padding-top: 20px; padding-right: 20px; padding-bottom: 20px; padding-left: 20px;\" valign=\"top\">\r\n                                                                            <table align=\"center\" border=\"0\" cellpadding=\"0\" cellspacing=\"0\" class=\"divider_content\" role=\"presentation\" style=\"table-layout: fixed; vertical-align: top; border-spacing: 0; border-collapse: collapse; mso-table-lspace: 0pt; mso-table-rspace: 0pt; border-top: 0px solid #BBBBBB; width: 100%;\" valign=\"top\" width=\"100%\">\r\n                                                                                <tbody>\r\n                                                                                    <tr style=\"vertical-align: top;\" valign=\"top\">\r\n                                                                                        <td style=\"word-break: break-word; vertical-align: top; -ms-text-size-adjust: 100%; -webkit-text-size-adjust: 100%;\" valign=\"top\"><span></span></td>\r\n                                                                                    </tr>\r\n                                                                                </tbody>\r\n                                                                            </table>\r\n                                                                        </td>\r\n                                                                    </tr>\r\n                                                                </tbody>\r\n                                                            </table>\r\n                                                        </div>\r\n                                                    </div>\r\n                                                </div>\r\n                                            </div>\r\n                                        </div>\r\n                                    </div>\r\n                                </td>\r\n                            </tr>\r\n                        </tbody>\r\n                    </table>\r\n                </body>\r\n                </html>', 'en', 'email', 1),(27, 21, '{commented_by} has been commented on \"{task_id}-{task_name}\"', '<!DOCTYPE html PUBLIC \"-//W3C//DTD XHTML 1.0 Transitional //EN\" \"http://www.w3.org/TR/xhtml1/DTD/xhtml1-transitional.dtd\">\r\n                <html xmlns=\"http://www.w3.org/1999/xhtml\" xmlns:o=\"urn:schemas-microsoft-com:office:office\" xmlns:v=\"urn:schemas-microsoft-com:vml\">\r\n                    <head>\r\n                        <meta content=\"text/html; charset=utf-8\" http-equiv=\"Content-Type\"/>\r\n                        <meta content=\"width=device-width\" name=\"viewport\"/>\r\n                        <meta content=\"IE=edge\" http-equiv=\"X-UA-Compatible\"/>\r\n                        <title>Task</title>\r\n                        <style type=\"text/css\">\r\n                                body {\r\n                                    margin: 0;\r\n                                    padding: 0;\r\n                                }\r\n                                table,\r\n                                td,\r\n                                tr {\r\n                                    vertical-align: top;\r\n                                    border-collapse: collapse;\r\n                                }\r\n                                * {\r\n                                    line-height: inherit;\r\n                                }\r\n                                a[x-apple-data-detectors=true] {\r\n                                    color: inherit !important;\r\n                                    text-decoration: none !important;\r\n                                }\r\n                                .myButton {\r\n                                    background-color:#1aa19c;\r\n                                    border-radius:5px;\r\n                                    display:inline-block;\r\n                                    cursor:pointer;\r\n                                    color:#ffffff;\r\n                                    font-family:Trebuchet MS;\r\n                                    font-size:17px;\r\n                                    font-weight:bold;\r\n                                    padding:9px 28px;\r\n                                    text-decoration:none;\r\n                                    text-shadow:0px 1px 2px #3d768a;\r\n                                }\r\n                                .myButton:hover {\r\n                                    background-color:#408c99;\r\n                                }\r\n                                .myButton:active {\r\n                                    position:relative;\r\n                                    top:1px;\r\n                                }\r\n                        </style>\r\n                        <style id=\"media-query\" type=\"text/css\">\r\n                                @media (max-width: 660px) {\r\n                                    .block-grid,\r\n                                    .col {\r\n                                        min-width: 320px !important;\r\n                                        max-width: 100% !important;\r\n                                        display: block !important;\r\n                                    }\r\n                                    .block-grid {\r\n                                        width: 100% !important;\r\n                                    }\r\n                                    .col {\r\n                                        width: 100% !important;\r\n                                    }\r\n                                    .col>div {\r\n                                        margin: 0 auto;\r\n                                    }\r\n                                    img.fullwidth,\r\n                                    img.fullwidthOnMobile {\r\n                                        max-width: 100% !important;\r\n                                    }\r\n                                    .no-stack .col {\r\n                                        min-width: 0 !important;\r\n                                        display: table-cell !important;\r\n                                    }\r\n                                    .no-stack.two-up .col {\r\n                                        width: 50% !important;\r\n                                    }\r\n                                    .no-stack .col.num4 {\r\n                                        width: 33% !important;\r\n                                    }\r\n                                    .no-stack .col.num8 {\r\n                                        width: 66% !important;\r\n                                    }\r\n                                    .no-stack .col.num4 {\r\n                                        width: 33% !important;\r\n                                    }\r\n                                    .no-stack .col.num3 {\r\n                                        width: 25% !important;\r\n                                    }\r\n                                    .no-stack .col.num6 {\r\n                                        width: 50% !important;\r\n                                    }\r\n                                    .no-stack .col.num9 {\r\n                                        width: 75% !important;\r\n                                    }\r\n                                    .video-block {\r\n                                        max-width: none !important;\r\n                                    }\r\n                                    .mobile_hide {\r\n                                        min-height: 0px;\r\n                                        max-height: 0px;\r\n                                        max-width: 0px;\r\n                                        display: none;\r\n                                        overflow: hidden;\r\n                                        font-size: 0px;\r\n                                    }\r\n                                    .desktop_hide {\r\n                                        display: block !important;\r\n                                        max-height: none !important;\r\n                                    }\r\n                                }\r\n                \r\n                        </style>\r\n                    </head>\r\n                    <body class=\"clean-body\" style=\"margin: 0; padding: 0; -webkit-text-size-adjust: 100%; background-color: #f8f8f9;\">\r\n                        <table bgcolor=\"#f8f8f9\" cellpadding=\"0\" cellspacing=\"0\" class=\"nl-container\" role=\"presentation\" style=\"table-layout: fixed; vertical-align: top; min-width: 320px; Margin: 0 auto; border-spacing: 0; border-collapse: collapse; mso-table-lspace: 0pt; mso-table-rspace: 0pt; background-color: #f8f8f9; width: 100%;\" valign=\"top\" width=\"100%\">\r\n                            <tbody>\r\n                                <tr style=\"vertical-align: top;\" valign=\"top\">\r\n                                    <td style=\"word-break: break-word; vertical-align: top;\" valign=\"top\">\r\n                                        <div style=\"background-color:transparent;\">\r\n                                            <div class=\"block-grid\" style=\"Margin: 0 auto; min-width: 320px; max-width: 640px; overflow-wrap: break-word; word-wrap: break-word; word-break: break-word; background-color: #fff;\">\r\n                                                <div style=\"border-collapse: collapse;display: table;width: 100%;background-color:#fff;\">\r\n                                                    <div class=\"col num12\" style=\"min-width: 320px; max-width: 640px; display: table-cell; vertical-align: top; width: 640px;\">\r\n                                                        <div style=\"width:100% !important;\">\r\n                                                            <div style=\"color:#555555;font-family:Pacifico, cursive;line-height:1.2;padding-top:35px;padding-right:0px;padding-bottom:20px;padding-left:30px;\">\r\n                                                                <div style=\"line-height: 1.2; font-size: 18px; color: #555555; font-family: Pacifico, cursive; mso-line-height-alt: 14px;\">\r\n                                                                    <p style=\"font-size: 18px; line-height: 1.2; word-break: break-word; text-align: center; mso-line-height-alt: 22px; margin: 0;\"><span style=\"color: #008080; font-size: 30px;\">{company_name}</span></p>\r\n                                                                </div>\r\n                                                            </div>\r\n                                                        </div>\r\n                                                    </div>\r\n                                                </div>\r\n                                            </div>\r\n                                        </div>\r\n                                        <div style=\"background-color:transparent;\">\r\n                                            <div class=\"block-grid\" style=\"Margin: 0 auto; min-width: 320px; max-width: 640px; overflow-wrap: break-word; word-wrap: break-word; word-break: break-word; background-color: #f3fafa;\">\r\n                                                <div style=\"border-collapse: collapse;display: table;width: 100%;background-color:#f3fafa;\">\r\n                                                    <div class=\"col num12\" style=\"min-width: 320px; max-width: 640px; display: table-cell; vertical-align: top; width: 580px;\">\r\n                                                        <div style=\"width:100% !important;\">\r\n                                                            <!--[if (!mso)&(!IE)]><!-->\r\n                                                            <div style=\"border-top:0px solid transparent; border-left:30px solid #FFFFFF; border-bottom:0px solid transparent; border-right:30px solid #FFFFFF; padding-top:0px; padding-bottom:0px; padding-right: 0px; padding-left: 0px;\">\r\n                                                                <!--<![endif]-->\r\n                                                                <table border=\"0\" cellpadding=\"0\" cellspacing=\"0\" class=\"divider\" role=\"presentation\" style=\"table-layout: fixed; vertical-align: top; border-spacing: 0; border-collapse: collapse; mso-table-lspace: 0pt; mso-table-rspace: 0pt; min-width: 100%; -ms-text-size-adjust: 100%; -webkit-text-size-adjust: 100%;\" valign=\"top\" width=\"100%\">\r\n                                                                    <tbody>\r\n                                                                        <tr style=\"vertical-align: top;\" valign=\"top\">\r\n                                                                            <td class=\"divider_inner\" style=\"word-break: break-word; vertical-align: top; min-width: 100%; -ms-text-size-adjust: 100%; -webkit-text-size-adjust: 100%; padding-top: 0px; padding-right: 0px; padding-bottom: 0px; padding-left: 0px;\" valign=\"top\">\r\n                                                                                <table align=\"center\" border=\"0\" cellpadding=\"0\" cellspacing=\"0\" class=\"divider_content\" role=\"presentation\" style=\"table-layout: fixed; vertical-align: top; border-spacing: 0; border-collapse: collapse; mso-table-lspace: 0pt; mso-table-rspace: 0pt; border-top: 4px solid #1AA19C; width: 100%;\" valign=\"top\" width=\"100%\">\r\n                                                                                    <tbody>\r\n                                                                                        <tr style=\"vertical-align: top;\" valign=\"top\">\r\n                                                                                            <td style=\"word-break: break-word; vertical-align: top; -ms-text-size-adjust: 100%; -webkit-text-size-adjust: 100%;\" valign=\"top\"><span></span></td>\r\n                                                                                        </tr>\r\n                                                                                    </tbody>\r\n                                                                                </table>\r\n                                                                            </td>\r\n                                                                        </tr>\r\n                                                                    </tbody>\r\n                                                                </table>\r\n                                                                <table border=\"0\" cellpadding=\"0\" cellspacing=\"0\" class=\"divider\" role=\"presentation\" style=\"table-layout: fixed; vertical-align: top; border-spacing: 0; border-collapse: collapse; mso-table-lspace: 0pt; mso-table-rspace: 0pt; min-width: 100%; -ms-text-size-adjust: 100%; -webkit-text-size-adjust: 100%;\" valign=\"top\" width=\"100%\">\r\n                                                                    <tbody>\r\n                                                                        <tr style=\"vertical-align: top;\" valign=\"top\">\r\n                                                                            <td class=\"divider_inner\" style=\"word-break: break-word; vertical-align: top; min-width: 100%; -ms-text-size-adjust: 100%; -webkit-text-size-adjust: 100%; padding-top: 35px; padding-right: 0px; padding-bottom: 0px; padding-left: 0px;\" valign=\"top\">\r\n                                                                                <table align=\"center\" border=\"0\" cellpadding=\"0\" cellspacing=\"0\" class=\"divider_content\" role=\"presentation\" style=\"table-layout: fixed; vertical-align: top; border-spacing: 0; border-collapse: collapse; mso-table-lspace: 0pt; mso-table-rspace: 0pt; border-top: 0px solid #BBBBBB; width: 100%;\" valign=\"top\" width=\"100%\">\r\n                                                                                    <tbody>\r\n                                                                                        <tr style=\"vertical-align: top;\" valign=\"top\">\r\n                                                                                            <td style=\"word-break: break-word; vertical-align: top; -ms-text-size-adjust: 100%; -webkit-text-size-adjust: 100%;\" valign=\"top\"><span></span></td>\r\n                                                                                        </tr>\r\n                                                                                    </tbody>\r\n                                                                                </table>\r\n                                                                            </td>\r\n                                                                        </tr>\r\n                                                                    </tbody>\r\n                                                                </table>\r\n                                                                <div style=\"color:#555555;font-family:Montserrat, Trebuchet MS, Lucida Grande, Lucida Sans Unicode, Lucida Sans, Tahoma, sans-serif;line-height:1.2;padding-top:15px;padding-right:0px;padding-bottom:10px;padding-left:30px;\">\r\n                                                                    <div style=\"line-height: 1.2; font-size: 12px; color: #555555; font-family: Montserrat, Trebuchet MS, Lucida Grande, Lucida Sans Unicode, Lucida Sans, Tahoma, sans-serif; mso-line-height-alt: 14px;\">\r\n                                                                        <p style=\"font-size: 18px; line-height: 1.2; word-break: break-word; text-align: left; mso-line-height-alt: 22px; margin: 0;\"><span style=\"color: #2b303a; font-size: 18px;\"><strong>Hello {assignee_name},</strong></span></p>\r\n                                                                    </div>\r\n                                                                </div>\r\n                                                                <div style=\"color:#555555;font-family:Montserrat, Trebuchet MS, Lucida Grande, Lucida Sans Unicode, Lucida Sans, Tahoma, sans-serif;line-height:1.2;padding-top:0px;padding-right:0px;padding-bottom:10px;padding-left:30px;\">\r\n                                                                    <div style=\"line-height: 1.2; font-size: 12px; color: #555555; font-family: Montserrat, Trebuchet MS, Lucida Grande, Lucida Sans Unicode, Lucida Sans, Tahoma, sans-serif; mso-line-height-alt: 14px;\">\r\n                                                                        <p style=\"font-size: 18px; line-height: 1.2; word-break: break-word; text-align: left; mso-line-height-alt: 22px; margin: 0;\"><span style=\"color: black; font-size: 18px; line-height: 2rem;\">There is a new comment in task no: #{task_id}. Have a look at the details of the comment.</span></p>\r\n                                                                    </div>\r\n                                                                </div>\r\n                                                                <!--[if mso]></td></tr></table><![endif]-->\r\n                                                                <table border=\"0\" cellpadding=\"0\" cellspacing=\"0\" class=\"divider\" role=\"presentation\" style=\"table-layout: fixed; vertical-align: top; border-spacing: 0; border-collapse: collapse; mso-table-lspace: 0pt; mso-table-rspace: 0pt; min-width: 100%; -ms-text-size-adjust: 100%; -webkit-text-size-adjust: 100%;\" valign=\"top\" width=\"100%\">\r\n                                                                    <tbody>\r\n                                                                        <tr style=\"vertical-align: top;\" valign=\"top\">\r\n                                                                            <td class=\"divider_inner\" style=\"word-break: break-word; vertical-align: top; min-width: 100%; -ms-text-size-adjust: 100%; -webkit-text-size-adjust: 100%; padding-top: 0px; padding-right: 25px; padding-bottom: 10px; padding-left: 25px;\" valign=\"top\">\r\n                                                                                <table align=\"center\" border=\"0\" cellpadding=\"0\" cellspacing=\"0\" class=\"divider_content\" role=\"presentation\" style=\"table-layout: fixed; vertical-align: top; border-spacing: 0; border-collapse: collapse; mso-table-lspace: 0pt; mso-table-rspace: 0pt; border-top: 1px solid #BBBBBB; width: 100%;\" valign=\"top\" width=\"100%\">\r\n                                                                                    <tbody>\r\n                                                                                        <tr style=\"vertical-align: top;\" valign=\"top\">\r\n                                                                                            <td style=\"word-break: break-word; vertical-align: top; -ms-text-size-adjust: 100%; -webkit-text-size-adjust: 100%;\" valign=\"top\"><span></span></td>\r\n                                                                                        </tr>\r\n                                                                                    </tbody>\r\n                                                                                </table>\r\n                                                                            </td>\r\n                                                                        </tr>\r\n                                                                    </tbody>\r\n                                                                </table>\r\n                                                                <div style=\"color:#555555;font-family:Montserrat, Trebuchet MS, Lucida Grande, Lucida Sans Unicode, Lucida Sans, Tahoma, sans-serif;line-height:1.5;padding-top:10px;padding-right:10px;padding-bottom:20px;padding-left:25px;\">\r\n                                                                    <p style=\"font-size:16px; color: black;\"><b><u>Comment Details:</u></b></p>\r\n                                                                    <div style=\"line-height: 1.5; font-size: 12px; font-family: Montserrat, Trebuchet MS, Lucida Grande, Lucida Sans Unicode, Lucida Sans, Tahoma, sans-serif; color: #555555; mso-line-height-alt: 18px;\">\r\n                                                                        <p style=\"font-size: 15px; line-height: 1.5; font-family: inherit; word-break: break-word; mso-line-height-alt: 23px; margin: 0;\"><span style=\"font-size: 15px;\">Task No: <span style=\"color: #555555;\"><strong> #{task_id}</strong></span></span></p>\r\n                                                                        <p style=\"font-size: 15px; line-height: 1.5; font-family: inherit; word-break: break-word; mso-line-height-alt: 23px; margin: 0;\"><span style=\"font-size: 15px;\">Task Name: <span style=\"color: #555555;\"><strong> {task_name}</strong></span></span></p>\r\n                                                                        <p style=\"font-size: 15px; line-height: 1.5; font-family: inherit; word-break: break-word; mso-line-height-alt: 23px; margin: 0;\"><span style=\"font-size: 15px;\">Commented by: <span style=\"color: #555555;\"><strong> {commented_by}</strong></span></span></p>\r\n                                                                        <p style=\"font-size: 15px; line-height: 1.5; font-family: inherit; word-break: break-word; mso-line-height-alt: 23px; margin: 0;\"><span style=\"font-size: 15px;\">Start Date: <span style=\"color: #555555;\"><strong> {start_date}</strong></span></span></p>\r\n                                                                        <p style=\"font-size: 15px; line-height: 1.5; font-family: inherit; word-break: break-word; mso-line-height-alt: 23px; margin: 0;\"><span style=\"font-size: 15px;\">Due Date: <span style=\"color: #555555;\"><strong> {due_date}</strong></span></span></p>\r\n                                                                        <p style=\"font-size: 15px; line-height: 1.5; font-family: inherit; word-break: break-word; mso-line-height-alt: 23px; margin: 0;\"><span style=\"font-size: 15px;\">Comment: <span style=\"color: #555555;\"><strong> {comment}</strong></span></span></p>\r\n                                                                        <p style=\"font-size: 15px; padding-top: 3%; line-height: 1; word-break: break-word; text-align: center; mso-line-height-alt: 22px; margin: 0;font-family: inherit;\"><span style=\"color: black; font-size: 18px; line-height: 1rem;\">You can go to the task by clicking the following button.</span></p>\r\n                                                                        <div style=\"text-align: center; width: 100%; padding-top: 3%;\">\r\n                                                                            <a href=\"{task_link}\" class=\"myButton\" style=\"color: #ffffff\">View Comment</a>\r\n                                                                        </div>\r\n                                                                    </div>\r\n                                                                </div>\r\n                                                            <div style=\"color:#555555;font-family:Montserrat, Trebuchet MS, Lucida Grande, Lucida Sans Unicode, Lucida Sans, Tahoma, sans-serif;line-height:1.5;padding-top:20px;padding-right:30px;padding-bottom:40px;padding-left:30px;\">\r\n                                                                <div style=\"line-height: 1.5; font-size: 12px; font-family: Montserrat, Trebuchet MS, Lucida Grande, Lucida Sans Unicode, Lucida Sans, Tahoma, sans-serif; color: #555555; mso-line-height-alt: 18px;\">\r\n                                                                    <p style=\"font-size: 15px; line-height: 1.5; word-break: break-word; text-align: left; font-family: inherit; mso-line-height-alt: 23px; margin: 0;\"><span style=\"color: #2b303a; font-size: 15px;\">Regards,</span></p>\r\n                                                                    <p style=\"font-size: 15px; line-height: 1.5; word-break: break-word; text-align: left; font-family: inherit; mso-line-height-alt: 23px; margin: 0;\"><span style=\"color: #2b303a; font-size: 15px;\">{company_name}</span></p>\r\n                                                                </div>\r\n                                                            </div>\r\n                                                        </div>\r\n                                                        <!--<![endif]-->\r\n                                                    </div>\r\n                                                </div>\r\n                                            </div>\r\n                                        </div>\r\n                                    </div>\r\n                                    <div style=\"background-color:transparent;\">\r\n                                        <div class=\"block-grid\" style=\"Margin: 0 auto; min-width: 320px; max-width: 640px; overflow-wrap: break-word; word-wrap: break-word; word-break: break-word; background-color: #fff;\">\r\n                                            <div style=\"border-collapse: collapse;display: table;width: 100%;background-color:#fff;\">\r\n                                                <div class=\"col num12\" style=\"min-width: 320px; max-width: 640px; display: table-cell; vertical-align: top; width: 640px;\">\r\n                                                    <div style=\"width:100% !important;\">\r\n                                                        <!--[if (!mso)&(!IE)]><!-->\r\n                                                        <div style=\"border-top:0px solid transparent; border-left:0px solid transparent; border-bottom:0px solid transparent; border-right:0px solid transparent; padding-top:0px; padding-bottom:0px; padding-right: 0px; padding-left: 0px;\">\r\n                                                            <!--<![endif]-->\r\n                                                            <table border=\"0\" cellpadding=\"0\" cellspacing=\"0\" class=\"divider\" role=\"presentation\" style=\"table-layout: fixed; vertical-align: top; border-spacing: 0; border-collapse: collapse; mso-table-lspace: 0pt; mso-table-rspace: 0pt; min-width: 100%; -ms-text-size-adjust: 100%; -webkit-text-size-adjust: 100%;\" valign=\"top\" width=\"100%\">\r\n                                                                <tbody>\r\n                                                                    <tr style=\"vertical-align: top;\" valign=\"top\">\r\n                                                                        <td class=\"divider_inner\" style=\"word-break: break-word; vertical-align: top; min-width: 100%; -ms-text-size-adjust: 100%; -webkit-text-size-adjust: 100%; padding-top: 60px; padding-right: 0px; padding-bottom: 12px; padding-left: 0px;\" valign=\"top\">\r\n                                                                            <table align=\"center\" border=\"0\" cellpadding=\"0\" cellspacing=\"0\" class=\"divider_content\" role=\"presentation\" style=\"table-layout: fixed; vertical-align: top; border-spacing: 0; border-collapse: collapse; mso-table-lspace: 0pt; mso-table-rspace: 0pt; border-top: 0px solid #BBBBBB; width: 100%;\" valign=\"top\" width=\"100%\">\r\n                                                                                <tbody>\r\n                                                                                    <tr style=\"vertical-align: top;\" valign=\"top\">\r\n                                                                                        <td style=\"word-break: break-word; vertical-align: top; -ms-text-size-adjust: 100%; -webkit-text-size-adjust: 100%;\" valign=\"top\"><span></span></td>\r\n                                                                                    </tr>\r\n                                                                                </tbody>\r\n                                                                            </table>\r\n                                                                        </td>\r\n                                                                    </tr>\r\n                                                                </tbody>\r\n                                                            </table>\r\n                                                            <!--[if (!mso)&(!IE)]><!-->\r\n                                                        </div>\r\n                                                        <!--<![endif]-->\r\n                                                    </div>\r\n                                                </div>\r\n                                            </div>\r\n                                        </div>\r\n                                    </div>\r\n                                    <div style=\"background-color:transparent;\">\r\n                                        <div class=\"block-grid\" style=\"Margin: 0 auto; min-width: 320px; max-width: 640px; overflow-wrap: break-word; word-wrap: break-word; word-break: break-word; background-color: #f8f8f9;\">\r\n                                            <div style=\"border-collapse: collapse;display: table;width: 100%;background-color:#f8f8f9;\">\r\n                                                <div class=\"col num12\" style=\"min-width: 320px; max-width: 640px; display: table-cell; vertical-align: top; width: 640px;\">\r\n                                                    <div style=\"width:100% !important;\">\r\n                                                        <!--[if (!mso)&(!IE)]><!-->\r\n                                                        <div style=\"border-top:0px solid transparent; border-left:0px solid transparent; border-bottom:0px solid transparent; border-right:0px solid transparent; padding-top:5px; padding-bottom:5px; padding-right: 0px; padding-left: 0px;\">\r\n                                                            <!--<![endif]-->\r\n                                                            <table border=\"0\" cellpadding=\"0\" cellspacing=\"0\" class=\"divider\" role=\"presentation\" style=\"table-layout: fixed; vertical-align: top; border-spacing: 0; border-collapse: collapse; mso-table-lspace: 0pt; mso-table-rspace: 0pt; min-width: 100%; -ms-text-size-adjust: 100%; -webkit-text-size-adjust: 100%;\" valign=\"top\" width=\"100%\">\r\n                                                                <tbody>\r\n                                                                    <tr style=\"vertical-align: top;\" valign=\"top\">\r\n                                                                        <td class=\"divider_inner\" style=\"word-break: break-word; vertical-align: top; min-width: 100%; -ms-text-size-adjust: 100%; -webkit-text-size-adjust: 100%; padding-top: 20px; padding-right: 20px; padding-bottom: 20px; padding-left: 20px;\" valign=\"top\">\r\n                                                                            <table align=\"center\" border=\"0\" cellpadding=\"0\" cellspacing=\"0\" class=\"divider_content\" role=\"presentation\" style=\"table-layout: fixed; vertical-align: top; border-spacing: 0; border-collapse: collapse; mso-table-lspace: 0pt; mso-table-rspace: 0pt; border-top: 0px solid #BBBBBB; width: 100%;\" valign=\"top\" width=\"100%\">\r\n                                                                                <tbody>\r\n                                                                                    <tr style=\"vertical-align: top;\" valign=\"top\">\r\n                                                                                        <td style=\"word-break: break-word; vertical-align: top; -ms-text-size-adjust: 100%; -webkit-text-size-adjust: 100%;\" valign=\"top\"><span></span></td>\r\n                                                                                    </tr>\r\n                                                                                </tbody>\r\n                                                                            </table>\r\n                                                                        </td>\r\n                                                                    </tr>\r\n                                                                </tbody>\r\n                                                            </table>\r\n                                                        </div>\r\n                                                    </div>\r\n                                                </div>\r\n                                            </div>\r\n                                        </div>\r\n                                    </div>\r\n                                </td>\r\n                            </tr>\r\n                        </tbody>\r\n                    </table>\r\n                </body>\r\n                </html>', 'en', 'email', 1),(28, 22, 'Dear valued customer welcome to {company_name}', '<!DOCTYPE html PUBLIC \"-//W3C//DTD XHTML 1.0 Transitional //EN\" \"http://www.w3.org/TR/xhtml1/DTD/xhtml1-transitional.dtd\">\r\n                <html xmlns=\"http://www.w3.org/1999/xhtml\" xmlns:o=\"urn:schemas-microsoft-com:office:office\" xmlns:v=\"urn:schemas-microsoft-com:vml\">\r\n                    <head>\r\n                        <meta content=\"text/html; charset=utf-8\" http-equiv=\"Content-Type\"/>\r\n                        <meta content=\"width=device-width\" name=\"viewport\"/>\r\n                        <meta content=\"IE=edge\" http-equiv=\"X-UA-Compatible\"/>\r\n                        <title>Task</title>\r\n                        <style type=\"text/css\">\r\n                                body {\r\n                                    margin: 0;\r\n                                    padding: 0;\r\n                                }\r\n                                table,\r\n                                td,\r\n                                tr {\r\n                                    vertical-align: top;\r\n                                    border-collapse: collapse;\r\n                                }\r\n                                * {\r\n                                    line-height: inherit;\r\n                                }\r\n                                a[x-apple-data-detectors=true] {\r\n                                    color: inherit !important;\r\n                                    text-decoration: none !important;\r\n                                }\r\n                                .myButton {\r\n                                    background-color:#1aa19c;\r\n                                    border-radius:5px;\r\n                                    display:inline-block;\r\n                                    cursor:pointer;\r\n                                    color:#ffffff;\r\n                                    font-family:Trebuchet MS;\r\n                                    font-size:17px;\r\n                                    font-weight:bold;\r\n                                    padding:9px 28px;\r\n                                    text-decoration:none;\r\n                                    text-shadow:0px 1px 2px #3d768a;\r\n                                }\r\n                                .myButton:hover {\r\n                                    background-color:#408c99;\r\n                                }\r\n                                .myButton:active {\r\n                                    position:relative;\r\n                                    top:1px;\r\n                                }\r\n                        </style>\r\n                        <style id=\"media-query\" type=\"text/css\">\r\n                                @media (max-width: 660px) {\r\n                                    .block-grid,\r\n                                    .col {\r\n                                        min-width: 320px !important;\r\n                                        max-width: 100% !important;\r\n                                        display: block !important;\r\n                                    }\r\n                                    .block-grid {\r\n                                        width: 100% !important;\r\n                                    }\r\n                                    .col {\r\n                                        width: 100% !important;\r\n                                    }\r\n                                    .col>div {\r\n                                        margin: 0 auto;\r\n                                    }\r\n                                    img.fullwidth,\r\n                                    img.fullwidthOnMobile {\r\n                                        max-width: 100% !important;\r\n                                    }\r\n                                    .no-stack .col {\r\n                                        min-width: 0 !important;\r\n                                        display: table-cell !important;\r\n                                    }\r\n                                    .no-stack.two-up .col {\r\n                                        width: 50% !important;\r\n                                    }\r\n                                    .no-stack .col.num4 {\r\n                                        width: 33% !important;\r\n                                    }\r\n                                    .no-stack .col.num8 {\r\n                                        width: 66% !important;\r\n                                    }\r\n                                    .no-stack .col.num4 {\r\n                                        width: 33% !important;\r\n                                    }\r\n                                    .no-stack .col.num3 {\r\n                                        width: 25% !important;\r\n                                    }\r\n                                    .no-stack .col.num6 {\r\n                                        width: 50% !important;\r\n                                    }\r\n                                    .no-stack .col.num9 {\r\n                                        width: 75% !important;\r\n                                    }\r\n                                    .video-block {\r\n                                        max-width: none !important;\r\n                                    }\r\n                                    .mobile_hide {\r\n                                        min-height: 0px;\r\n                                        max-height: 0px;\r\n                                        max-width: 0px;\r\n                                        display: none;\r\n                                        overflow: hidden;\r\n                                        font-size: 0px;\r\n                                    }\r\n                                    .desktop_hide {\r\n                                        display: block !important;\r\n                                        max-height: none !important;\r\n                                    }\r\n                                }\r\n\r\n                        </style>\r\n                    </head>\r\n                    <body class=\"clean-body\" style=\"margin: 0; padding: 0; -webkit-text-size-adjust: 100%; background-color: #f8f8f9;\">\r\n                        <table bgcolor=\"#f8f8f9\" cellpadding=\"0\" cellspacing=\"0\" class=\"nl-container\" role=\"presentation\" style=\"table-layout: fixed; vertical-align: top; min-width: 320px; Margin: 0 auto; border-spacing: 0; border-collapse: collapse; mso-table-lspace: 0pt; mso-table-rspace: 0pt; background-color: #f8f8f9; width: 100%;\" valign=\"top\" width=\"100%\">\r\n                            <tbody>\r\n                                <tr style=\"vertical-align: top;\" valign=\"top\">\r\n                                    <td style=\"word-break: break-word; vertical-align: top;\" valign=\"top\">\r\n                                        <div style=\"background-color:transparent;\">\r\n                                            <div class=\"block-grid\" style=\"Margin: 0 auto; min-width: 320px; max-width: 640px; overflow-wrap: break-word; word-wrap: break-word; word-break: break-word; background-color: #fff;\">\r\n                                                <div style=\"border-collapse: collapse;display: table;width: 100%;background-color:#fff;\">\r\n                                                    <div class=\"col num12\" style=\"min-width: 320px; max-width: 640px; display: table-cell; vertical-align: top; width: 640px;\">\r\n                                                        <div style=\"width:100% !important;\">\r\n                                                            <div style=\"color:#555555;font-family:Pacifico, cursive;line-height:1.2;padding-top:35px;padding-right:0px;padding-bottom:20px;padding-left:30px;\">\r\n                                                                <div style=\"line-height: 1.2; font-size: 18px; color: #555555; font-family: Pacifico, cursive; mso-line-height-alt: 14px;\">\r\n                                                                    <p style=\"font-size: 18px; line-height: 1.2; word-break: break-word; text-align: center; mso-line-height-alt: 22px; margin: 0;\"><span style=\"color: #008080; font-size: 30px;\">{company_name}</span></p>\r\n                                                                </div>\r\n                                                            </div>\r\n                                                        </div>\r\n                                                    </div>\r\n                                                </div>\r\n                                            </div>\r\n                                        </div>\r\n                                        <div style=\"background-color:transparent;\">\r\n                                            <div class=\"block-grid\" style=\"Margin: 0 auto; min-width: 320px; max-width: 640px; overflow-wrap: break-word; word-wrap: break-word; word-break: break-word; background-color: #f3fafa;\">\r\n                                                <div style=\"border-collapse: collapse;display: table;width: 100%;background-color:#f3fafa;\">\r\n                                                    <div class=\"col num12\" style=\"min-width: 320px; max-width: 640px; display: table-cell; vertical-align: top; width: 580px;\">\r\n                                                        <div style=\"width:100% !important;\">\r\n                                                            <!--[if (!mso)&(!IE)]><!-->\r\n                                                            <div style=\"border-top:0px solid transparent; border-left:30px solid #FFFFFF; border-bottom:0px solid transparent; border-right:30px solid #FFFFFF; padding-top:0px; padding-bottom:0px; padding-right: 0px; padding-left: 0px;\">\r\n                                                                <!--<![endif]-->\r\n                                                                <table border=\"0\" cellpadding=\"0\" cellspacing=\"0\" class=\"divider\" role=\"presentation\" style=\"table-layout: fixed; vertical-align: top; border-spacing: 0; border-collapse: collapse; mso-table-lspace: 0pt; mso-table-rspace: 0pt; min-width: 100%; -ms-text-size-adjust: 100%; -webkit-text-size-adjust: 100%;\" valign=\"top\" width=\"100%\">\r\n                                                                    <tbody>\r\n                                                                        <tr style=\"vertical-align: top;\" valign=\"top\">\r\n                                                                            <td class=\"divider_inner\" style=\"word-break: break-word; vertical-align: top; min-width: 100%; -ms-text-size-adjust: 100%; -webkit-text-size-adjust: 100%; padding-top: 0px; padding-right: 0px; padding-bottom: 0px; padding-left: 0px;\" valign=\"top\">\r\n                                                                                <table align=\"center\" border=\"0\" cellpadding=\"0\" cellspacing=\"0\" class=\"divider_content\" role=\"presentation\" style=\"table-layout: fixed; vertical-align: top; border-spacing: 0; border-collapse: collapse; mso-table-lspace: 0pt; mso-table-rspace: 0pt; border-top: 4px solid #1AA19C; width: 100%;\" valign=\"top\" width=\"100%\">\r\n                                                                                    <tbody>\r\n                                                                                        <tr style=\"vertical-align: top;\" valign=\"top\">\r\n                                                                                            <td style=\"word-break: break-word; vertical-align: top; -ms-text-size-adjust: 100%; -webkit-text-size-adjust: 100%;\" valign=\"top\"><span></span></td>\r\n                                                                                        </tr>\r\n                                                                                    </tbody>\r\n                                                                                </table>\r\n                                                                            </td>\r\n                                                                        </tr>\r\n                                                                    </tbody>\r\n                                                                </table>\r\n                                                                <table border=\"0\" cellpadding=\"0\" cellspacing=\"0\" class=\"divider\" role=\"presentation\" style=\"table-layout: fixed; vertical-align: top; border-spacing: 0; border-collapse: collapse; mso-table-lspace: 0pt; mso-table-rspace: 0pt; min-width: 100%; -ms-text-size-adjust: 100%; -webkit-text-size-adjust: 100%;\" valign=\"top\" width=\"100%\">\r\n                                                                    <tbody>\r\n                                                                        <tr style=\"vertical-align: top;\" valign=\"top\">\r\n                                                                            <td class=\"divider_inner\" style=\"word-break: break-word; vertical-align: top; min-width: 100%; -ms-text-size-adjust: 100%; -webkit-text-size-adjust: 100%; padding-top: 35px; padding-right: 0px; padding-bottom: 0px; padding-left: 0px;\" valign=\"top\">\r\n                                                                                <table align=\"center\" border=\"0\" cellpadding=\"0\" cellspacing=\"0\" class=\"divider_content\" role=\"presentation\" style=\"table-layout: fixed; vertical-align: top; border-spacing: 0; border-collapse: collapse; mso-table-lspace: 0pt; mso-table-rspace: 0pt; border-top: 0px solid #BBBBBB; width: 100%;\" valign=\"top\" width=\"100%\">\r\n                                                                                    <tbody>\r\n                                                                                        <tr style=\"vertical-align: top;\" valign=\"top\">\r\n                                                                                            <td style=\"word-break: break-word; vertical-align: top; -ms-text-size-adjust: 100%; -webkit-text-size-adjust: 100%;\" valign=\"top\"><span></span></td>\r\n                                                                                        </tr>\r\n                                                                                    </tbody>\r\n                                                                                </table>\r\n                                                                            </td>\r\n                                                                        </tr>\r\n                                                                    </tbody>\r\n                                                                </table>\r\n                                                                <div style=\"color:#555555;font-family:Montserrat, Trebuchet MS, Lucida Grande, Lucida Sans Unicode, Lucida Sans, Tahoma, sans-serif;line-height:1.2;padding-top:15px;padding-right:0px;padding-bottom:10px;padding-left:30px;\">\r\n                                                                    <div style=\"line-height: 1.2; font-size: 12px; color: #555555; font-family: Montserrat, Trebuchet MS, Lucida Grande, Lucida Sans Unicode, Lucida Sans, Tahoma, sans-serif; mso-line-height-alt: 14px;\">\r\n                                                                        <p style=\"font-size: 18px; line-height: 1.2; word-break: break-word; text-align: left; mso-line-height-alt: 22px; margin: 0;\"><span style=\"color: #2b303a; font-size: 18px;\"><strong>Hello {customer_name},</strong></span></p>\r\n                                                                    </div>\r\n                                                                </div>\r\n                                                                <div style=\"color:#555555;font-family:Montserrat, Trebuchet MS, Lucida Grande, Lucida Sans Unicode, Lucida Sans, Tahoma, sans-serif;line-height:1.2;padding-top:0px;padding-right:0px;padding-bottom:10px;padding-left:30px;\">\r\n                                                                    <div style=\"line-height: 1.2; font-size: 12px; color: #555555; font-family: Montserrat, Trebuchet MS, Lucida Grande, Lucida Sans Unicode, Lucida Sans, Tahoma, sans-serif; mso-line-height-alt: 14px;\">\r\n                                                                        <p style=\"font-size: 18px; line-height: 1.2; word-break: break-word; text-align: left; mso-line-height-alt: 22px; margin: 0;\"><span style=\"color: #008080; font-size: 18px;\">Take our warm welcome, please login to the <a href=\"{company_url}\">portal</a> to see the details of your account.</span></p><br/>\r\n                                                                        <p style=\"font-size: 18px; line-height: 1.2; word-break: break-word; text-align: left; mso-line-height-alt: 22px; margin: 0;\">Your login credentials are as follows -</p>\r\n                                                                        <p style=\"font-size: 18px; line-height: 1.2; word-break: break-word; text-align: left; mso-line-height-alt: 22px; margin: 0;\">Email: {email}</p>\r\n                                                                        <p style=\"font-size: 18px; line-height: 1.2; word-break: break-word; text-align: left; mso-line-height-alt: 22px; margin: 0;\">Password: {password}</p>\r\n                                                                    </div>\r\n                                                                </div> \r\n                                                            <div style=\"color:#555555;font-family:Montserrat, Trebuchet MS, Lucida Grande, Lucida Sans Unicode, Lucida Sans, Tahoma, sans-serif;line-height:1.5;padding-top:20px;padding-right:30px;padding-bottom:40px;padding-left:30px;\">\r\n                                                                <div style=\"line-height: 1.5; font-size: 12px; font-family: Montserrat, Trebuchet MS, Lucida Grande, Lucida Sans Unicode, Lucida Sans, Tahoma, sans-serif; color: #555555; mso-line-height-alt: 18px;\">\r\n                                                                    <p style=\"font-size: 15px; line-height: 1.5; word-break: break-word; text-align: left; font-family: inherit; mso-line-height-alt: 23px; margin: 0;\"><span style=\"color: #2b303a; font-size: 15px;\">Regards,</span></p>\r\n                                                                    <p style=\"font-size: 15px; line-height: 1.5; word-break: break-word; text-align: left; font-family: inherit; mso-line-height-alt: 23px; margin: 0;\"><span style=\"color: #2b303a; font-size: 15px;\">{company_name}</span></p>\r\n                                                                </div>\r\n                                                            </div>\r\n                                                        </div>\r\n                                                        <!--<![endif]-->\r\n                                                    </div>\r\n                                                </div>\r\n                                            </div>\r\n                                        </div>\r\n                                    </div>\r\n                                    <div style=\"background-color:transparent;\">\r\n                                        <div class=\"block-grid\" style=\"Margin: 0 auto; min-width: 320px; max-width: 640px; overflow-wrap: break-word; word-wrap: break-word; word-break: break-word; background-color: #fff;\">\r\n                                            <div style=\"border-collapse: collapse;display: table;width: 100%;background-color:#fff;\">\r\n                                                <div class=\"col num12\" style=\"min-width: 320px; max-width: 640px; display: table-cell; vertical-align: top; width: 640px;\">\r\n                                                    <div style=\"width:100% !important;\">\r\n                                                        <!--[if (!mso)&(!IE)]><!-->\r\n                                                        <div style=\"border-top:0px solid transparent; border-left:0px solid transparent; border-bottom:0px solid transparent; border-right:0px solid transparent; padding-top:0px; padding-bottom:0px; padding-right: 0px; padding-left: 0px;\">\r\n                                                            <!--<![endif]-->\r\n                                                            <table border=\"0\" cellpadding=\"0\" cellspacing=\"0\" class=\"divider\" role=\"presentation\" style=\"table-layout: fixed; vertical-align: top; border-spacing: 0; border-collapse: collapse; mso-table-lspace: 0pt; mso-table-rspace: 0pt; min-width: 100%; -ms-text-size-adjust: 100%; -webkit-text-size-adjust: 100%;\" valign=\"top\" width=\"100%\">\r\n                                                                <tbody>\r\n                                                                    <tr style=\"vertical-align: top;\" valign=\"top\">\r\n                                                                        <td class=\"divider_inner\" style=\"word-break: break-word; vertical-align: top; min-width: 100%; -ms-text-size-adjust: 100%; -webkit-text-size-adjust: 100%; padding-top: 60px; padding-right: 0px; padding-bottom: 12px; padding-left: 0px;\" valign=\"top\">\r\n                                                                            <table align=\"center\" border=\"0\" cellpadding=\"0\" cellspacing=\"0\" class=\"divider_content\" role=\"presentation\" style=\"table-layout: fixed; vertical-align: top; border-spacing: 0; border-collapse: collapse; mso-table-lspace: 0pt; mso-table-rspace: 0pt; border-top: 0px solid #BBBBBB; width: 100%;\" valign=\"top\" width=\"100%\">\r\n                                                                                <tbody>\r\n                                                                                    <tr style=\"vertical-align: top;\" valign=\"top\">\r\n                                                                                        <td style=\"word-break: break-word; vertical-align: top; -ms-text-size-adjust: 100%; -webkit-text-size-adjust: 100%;\" valign=\"top\"><span></span></td>\r\n                                                                                    </tr>\r\n                                                                                </tbody>\r\n                                                                            </table>\r\n                                                                        </td>\r\n                                                                    </tr>\r\n                                                                </tbody>\r\n                                                            </table>\r\n                                                            <!--[if (!mso)&(!IE)]><!-->\r\n                                                        </div>\r\n                                                        <!--<![endif]-->\r\n                                                    </div>\r\n                                                </div>\r\n                                            </div>\r\n                                        </div>\r\n                                    </div>\r\n                                    <div style=\"background-color:transparent;\">\r\n                                        <div class=\"block-grid\" style=\"Margin: 0 auto; min-width: 320px; max-width: 640px; overflow-wrap: break-word; word-wrap: break-word; word-break: break-word; background-color: #f8f8f9;\">\r\n                                            <div style=\"border-collapse: collapse;display: table;width: 100%;background-color:#f8f8f9;\">\r\n                                                <div class=\"col num12\" style=\"min-width: 320px; max-width: 640px; display: table-cell; vertical-align: top; width: 640px;\">\r\n                                                    <div style=\"width:100% !important;\">\r\n                                                        <!--[if (!mso)&(!IE)]><!-->\r\n                                                        <div style=\"border-top:0px solid transparent; border-left:0px solid transparent; border-bottom:0px solid transparent; border-right:0px solid transparent; padding-top:5px; padding-bottom:5px; padding-right: 0px; padding-left: 0px;\">\r\n                                                            <!--<![endif]-->\r\n                                                            <table border=\"0\" cellpadding=\"0\" cellspacing=\"0\" class=\"divider\" role=\"presentation\" style=\"table-layout: fixed; vertical-align: top; border-spacing: 0; border-collapse: collapse; mso-table-lspace: 0pt; mso-table-rspace: 0pt; min-width: 100%; -ms-text-size-adjust: 100%; -webkit-text-size-adjust: 100%;\" valign=\"top\" width=\"100%\">\r\n                                                                <tbody>\r\n                                                                    <tr style=\"vertical-align: top;\" valign=\"top\">\r\n                                                                        <td class=\"divider_inner\" style=\"word-break: break-word; vertical-align: top; min-width: 100%; -ms-text-size-adjust: 100%; -webkit-text-size-adjust: 100%; padding-top: 20px; padding-right: 20px; padding-bottom: 20px; padding-left: 20px;\" valign=\"top\">\r\n                                                                            <table align=\"center\" border=\"0\" cellpadding=\"0\" cellspacing=\"0\" class=\"divider_content\" role=\"presentation\" style=\"table-layout: fixed; vertical-align: top; border-spacing: 0; border-collapse: collapse; mso-table-lspace: 0pt; mso-table-rspace: 0pt; border-top: 0px solid #BBBBBB; width: 100%;\" valign=\"top\" width=\"100%\">\r\n                                                                                <tbody>\r\n                                                                                    <tr style=\"vertical-align: top;\" valign=\"top\">\r\n                                                                                        <td style=\"word-break: break-word; vertical-align: top; -ms-text-size-adjust: 100%; -webkit-text-size-adjust: 100%;\" valign=\"top\"><span></span></td>\r\n                                                                                    </tr>\r\n                                                                                </tbody>\r\n                                                                            </table>\r\n                                                                        </td>\r\n                                                                    </tr>\r\n                                                                </tbody>\r\n                                                            </table>\r\n                                                        </div>\r\n                                                    </div>\r\n                                                </div>\r\n                                            </div>\r\n                                        </div>\r\n                                    </div>\r\n                                </td>\r\n                            </tr>\r\n                        </tbody>\r\n                    </table>\r\n                    </body>\r\n                </html>', 'en', 'email', 1),(29, 23, 'Dear valued Supplier welcome to {company_name}', '<!DOCTYPE html PUBLIC \"-//W3C//DTD XHTML 1.0 Transitional //EN\" \"http://www.w3.org/TR/xhtml1/DTD/xhtml1-transitional.dtd\">\r\n                        <html xmlns=\"http://www.w3.org/1999/xhtml\" xmlns:o=\"urn:schemas-microsoft-com:office:office\" xmlns:v=\"urn:schemas-microsoft-com:vml\">\r\n                            <head>\r\n                                <meta content=\"text/html; charset=utf-8\" http-equiv=\"Content-Type\"/>\r\n                                <meta content=\"width=device-width\" name=\"viewport\"/>\r\n                                <meta content=\"IE=edge\" http-equiv=\"X-UA-Compatible\"/>\r\n                                <title>Task</title>\r\n                                <style type=\"text/css\">\r\n                                        body {\r\n                                            margin: 0;\r\n                                            padding: 0;\r\n                                        }\r\n                                        table,\r\n                                        td,\r\n                                        tr {\r\n                                            vertical-align: top;\r\n                                            border-collapse: collapse;\r\n                                        }\r\n                                        * {\r\n                                            line-height: inherit;\r\n                                        }\r\n                                        a[x-apple-data-detectors=true] {\r\n                                            color: inherit !important;\r\n                                            text-decoration: none !important;\r\n                                        }\r\n                                        .myButton {\r\n                                            background-color:#1aa19c;\r\n                                            border-radius:5px;\r\n                                            display:inline-block;\r\n                                            cursor:pointer;\r\n                                            color:#ffffff;\r\n                                            font-family:Trebuchet MS;\r\n                                            font-size:17px;\r\n                                            font-weight:bold;\r\n                                            padding:9px 28px;\r\n                                            text-decoration:none;\r\n                                            text-shadow:0px 1px 2px #3d768a;\r\n                                        }\r\n                                        .myButton:hover {\r\n                                            background-color:#408c99;\r\n                                        }\r\n                                        .myButton:active {\r\n                                            position:relative;\r\n                                            top:1px;\r\n                                        }\r\n                                </style>\r\n                                <style id=\"media-query\" type=\"text/css\">\r\n                                        @media (max-width: 660px) {\r\n                                            .block-grid,\r\n                                            .col {\r\n                                                min-width: 320px !important;\r\n                                                max-width: 100% !important;\r\n                                                display: block !important;\r\n                                            }\r\n                                            .block-grid {\r\n                                                width: 100% !important;\r\n                                            }\r\n                                            .col {\r\n                                                width: 100% !important;\r\n                                            }\r\n                                            .col>div {\r\n                                                margin: 0 auto;\r\n                                            }\r\n                                            img.fullwidth,\r\n                                            img.fullwidthOnMobile {\r\n                                                max-width: 100% !important;\r\n                                            }\r\n                                            .no-stack .col {\r\n                                                min-width: 0 !important;\r\n                                                display: table-cell !important;\r\n                                            }\r\n                                            .no-stack.two-up .col {\r\n                                                width: 50% !important;\r\n                                            }\r\n                                            .no-stack .col.num4 {\r\n                                                width: 33% !important;\r\n                                            }\r\n                                            .no-stack .col.num8 {\r\n                                                width: 66% !important;\r\n                                            }\r\n                                            .no-stack .col.num4 {\r\n                                                width: 33% !important;\r\n                                            }\r\n                                            .no-stack .col.num3 {\r\n                                                width: 25% !important;\r\n                                            }\r\n                                            .no-stack .col.num6 {\r\n                                                width: 50% !important;\r\n                                            }\r\n                                            .no-stack .col.num9 {\r\n                                                width: 75% !important;\r\n                                            }\r\n                                            .video-block {\r\n                                                max-width: none !important;\r\n                                            }\r\n                                            .mobile_hide {\r\n                                                min-height: 0px;\r\n                                                max-height: 0px;\r\n                                                max-width: 0px;\r\n                                                display: none;\r\n                                                overflow: hidden;\r\n                                                font-size: 0px;\r\n                                            }\r\n                                            .desktop_hide {\r\n                                                display: block !important;\r\n                                                max-height: none !important;\r\n                                            }\r\n                                        }\r\n\r\n                                </style>\r\n                            </head>\r\n                            <body class=\"clean-body\" style=\"margin: 0; padding: 0; -webkit-text-size-adjust: 100%; background-color: #f8f8f9;\">\r\n                                <table bgcolor=\"#f8f8f9\" cellpadding=\"0\" cellspacing=\"0\" class=\"nl-container\" role=\"presentation\" style=\"table-layout: fixed; vertical-align: top; min-width: 320px; Margin: 0 auto; border-spacing: 0; border-collapse: collapse; mso-table-lspace: 0pt; mso-table-rspace: 0pt; background-color: #f8f8f9; width: 100%;\" valign=\"top\" width=\"100%\">\r\n                                    <tbody>\r\n                                        <tr style=\"vertical-align: top;\" valign=\"top\">\r\n                                            <td style=\"word-break: break-word; vertical-align: top;\" valign=\"top\">\r\n                                                <div style=\"background-color:transparent;\">\r\n                                                    <div class=\"block-grid\" style=\"Margin: 0 auto; min-width: 320px; max-width: 640px; overflow-wrap: break-word; word-wrap: break-word; word-break: break-word; background-color: #fff;\">\r\n                                                        <div style=\"border-collapse: collapse;display: table;width: 100%;background-color:#fff;\">\r\n                                                            <div class=\"col num12\" style=\"min-width: 320px; max-width: 640px; display: table-cell; vertical-align: top; width: 640px;\">\r\n                                                                <div style=\"width:100% !important;\">\r\n                                                                    <div style=\"color:#555555;font-family:Pacifico, cursive;line-height:1.2;padding-top:35px;padding-right:0px;padding-bottom:20px;padding-left:30px;\">\r\n                                                                        <div style=\"line-height: 1.2; font-size: 18px; color: #555555; font-family: Pacifico, cursive; mso-line-height-alt: 14px;\">\r\n                                                                            <p style=\"font-size: 18px; line-height: 1.2; word-break: break-word; text-align: center; mso-line-height-alt: 22px; margin: 0;\"><span style=\"color: #008080; font-size: 30px;\">{company_name}</span></p>\r\n                                                                        </div>\r\n                                                                    </div>\r\n                                                                </div>\r\n                                                            </div>\r\n                                                        </div>\r\n                                                    </div>\r\n                                                </div>\r\n                                                <div style=\"background-color:transparent;\">\r\n                                                    <div class=\"block-grid\" style=\"Margin: 0 auto; min-width: 320px; max-width: 640px; overflow-wrap: break-word; word-wrap: break-word; word-break: break-word; background-color: #f3fafa;\">\r\n                                                        <div style=\"border-collapse: collapse;display: table;width: 100%;background-color:#f3fafa;\">\r\n                                                            <div class=\"col num12\" style=\"min-width: 320px; max-width: 640px; display: table-cell; vertical-align: top; width: 580px;\">\r\n                                                                <div style=\"width:100% !important;\">\r\n                                                                    <!--[if (!mso)&(!IE)]><!-->\r\n                                                                    <div style=\"border-top:0px solid transparent; border-left:30px solid #FFFFFF; border-bottom:0px solid transparent; border-right:30px solid #FFFFFF; padding-top:0px; padding-bottom:0px; padding-right: 0px; padding-left: 0px;\">\r\n                                                                        <!--<![endif]-->\r\n                                                                        <table border=\"0\" cellpadding=\"0\" cellspacing=\"0\" class=\"divider\" role=\"presentation\" style=\"table-layout: fixed; vertical-align: top; border-spacing: 0; border-collapse: collapse; mso-table-lspace: 0pt; mso-table-rspace: 0pt; min-width: 100%; -ms-text-size-adjust: 100%; -webkit-text-size-adjust: 100%;\" valign=\"top\" width=\"100%\">\r\n                                                                            <tbody>\r\n                                                                                <tr style=\"vertical-align: top;\" valign=\"top\">\r\n                                                                                    <td class=\"divider_inner\" style=\"word-break: break-word; vertical-align: top; min-width: 100%; -ms-text-size-adjust: 100%; -webkit-text-size-adjust: 100%; padding-top: 0px; padding-right: 0px; padding-bottom: 0px; padding-left: 0px;\" valign=\"top\">\r\n                                                                                        <table align=\"center\" border=\"0\" cellpadding=\"0\" cellspacing=\"0\" class=\"divider_content\" role=\"presentation\" style=\"table-layout: fixed; vertical-align: top; border-spacing: 0; border-collapse: collapse; mso-table-lspace: 0pt; mso-table-rspace: 0pt; border-top: 4px solid #1AA19C; width: 100%;\" valign=\"top\" width=\"100%\">\r\n                                                                                            <tbody>\r\n                                                                                                <tr style=\"vertical-align: top;\" valign=\"top\">\r\n                                                                                                    <td style=\"word-break: break-word; vertical-align: top; -ms-text-size-adjust: 100%; -webkit-text-size-adjust: 100%;\" valign=\"top\"><span></span></td>\r\n                                                                                                </tr>\r\n                                                                                            </tbody>\r\n                                                                                        </table>\r\n                                                                                    </td>\r\n                                                                                </tr>\r\n                                                                            </tbody>\r\n                                                                        </table>\r\n                                                                        <table border=\"0\" cellpadding=\"0\" cellspacing=\"0\" class=\"divider\" role=\"presentation\" style=\"table-layout: fixed; vertical-align: top; border-spacing: 0; border-collapse: collapse; mso-table-lspace: 0pt; mso-table-rspace: 0pt; min-width: 100%; -ms-text-size-adjust: 100%; -webkit-text-size-adjust: 100%;\" valign=\"top\" width=\"100%\">\r\n                                                                            <tbody>\r\n                                                                                <tr style=\"vertical-align: top;\" valign=\"top\">\r\n                                                                                    <td class=\"divider_inner\" style=\"word-break: break-word; vertical-align: top; min-width: 100%; -ms-text-size-adjust: 100%; -webkit-text-size-adjust: 100%; padding-top: 35px; padding-right: 0px; padding-bottom: 0px; padding-left: 0px;\" valign=\"top\">\r\n                                                                                        <table align=\"center\" border=\"0\" cellpadding=\"0\" cellspacing=\"0\" class=\"divider_content\" role=\"presentation\" style=\"table-layout: fixed; vertical-align: top; border-spacing: 0; border-collapse: collapse; mso-table-lspace: 0pt; mso-table-rspace: 0pt; border-top: 0px solid #BBBBBB; width: 100%;\" valign=\"top\" width=\"100%\">\r\n                                                                                            <tbody>\r\n                                                                                                <tr style=\"vertical-align: top;\" valign=\"top\">\r\n                                                                                                    <td style=\"word-break: break-word; vertical-align: top; -ms-text-size-adjust: 100%; -webkit-text-size-adjust: 100%;\" valign=\"top\"><span></span></td>\r\n                                                                                                </tr>\r\n                                                                                            </tbody>\r\n                                                                                        </table>\r\n                                                                                    </td>\r\n                                                                                </tr>\r\n                                                                            </tbody>\r\n                                                                        </table>\r\n                                                                        <div style=\"color:#555555;font-family:Montserrat, Trebuchet MS, Lucida Grande, Lucida Sans Unicode, Lucida Sans, Tahoma, sans-serif;line-height:1.2;padding-top:15px;padding-right:0px;padding-bottom:10px;padding-left:30px;\">\r\n                                                                            <div style=\"line-height: 1.2; font-size: 12px; color: #555555; font-family: Montserrat, Trebuchet MS, Lucida Grande, Lucida Sans Unicode, Lucida Sans, Tahoma, sans-serif; mso-line-height-alt: 14px;\">\r\n                                                                                <p style=\"font-size: 18px; line-height: 1.2; word-break: break-word; text-align: left; mso-line-height-alt: 22px; margin: 0;\"><span style=\"color: #2b303a; font-size: 18px;\"><strong>Hello {supplier_name},</strong></span></p>\r\n                                                                            </div>\r\n                                                                        </div>\r\n                                                                        <div style=\"color:#555555;font-family:Montserrat, Trebuchet MS, Lucida Grande, Lucida Sans Unicode, Lucida Sans, Tahoma, sans-serif;line-height:1.2;padding-top:0px;padding-right:0px;padding-bottom:10px;padding-left:30px;\">\r\n                                                                            <div style=\"line-height: 1.2; font-size: 12px; color: #555555; font-family: Montserrat, Trebuchet MS, Lucida Grande, Lucida Sans Unicode, Lucida Sans, Tahoma, sans-serif; mso-line-height-alt: 14px;\">\r\n                                                                                <p style=\"font-size: 18px; line-height: 1.2; word-break: break-word; text-align: left; mso-line-height-alt: 22px; margin: 0;\"><span style=\"color: #008080; font-size: 18px;\">Thank you for being a part of {company_name} family as a supplier.</span></p>\r\n                                                                            </div>\r\n                                                                        </div>                                              \r\n                                                                    <div style=\"color:#555555;font-family:Montserrat, Trebuchet MS, Lucida Grande, Lucida Sans Unicode, Lucida Sans, Tahoma, sans-serif;line-height:1.5;padding-top:20px;padding-right:30px;padding-bottom:40px;padding-left:30px;\">\r\n                                                                        <div style=\"line-height: 1.5; font-size: 12px; font-family: Montserrat, Trebuchet MS, Lucida Grande, Lucida Sans Unicode, Lucida Sans, Tahoma, sans-serif; color: #555555; mso-line-height-alt: 18px;\">\r\n                                                                            <p style=\"font-size: 15px; line-height: 1.5; word-break: break-word; text-align: left; font-family: inherit; mso-line-height-alt: 23px; margin: 0;\"><span style=\"color: #2b303a; font-size: 15px;\">Regards,</span></p>\r\n                                                                            <p style=\"font-size: 15px; line-height: 1.5; word-break: break-word; text-align: left; font-family: inherit; mso-line-height-alt: 23px; margin: 0;\"><span style=\"color: #2b303a; font-size: 15px;\">{company_name}</span></p>\r\n                                                                        </div>\r\n                                                                    </div>\r\n                                                                </div>\r\n                                                                <!--<![endif]-->\r\n                                                            </div>\r\n                                                        </div>\r\n                                                    </div>\r\n                                                </div>\r\n                                            </div>\r\n                                            <div style=\"background-color:transparent;\">\r\n                                                <div class=\"block-grid\" style=\"Margin: 0 auto; min-width: 320px; max-width: 640px; overflow-wrap: break-word; word-wrap: break-word; word-break: break-word; background-color: #fff;\">\r\n                                                    <div style=\"border-collapse: collapse;display: table;width: 100%;background-color:#fff;\">\r\n                                                        <div class=\"col num12\" style=\"min-width: 320px; max-width: 640px; display: table-cell; vertical-align: top; width: 640px;\">\r\n                                                            <div style=\"width:100% !important;\">\r\n                                                                <!--[if (!mso)&(!IE)]><!-->\r\n                                                                <div style=\"border-top:0px solid transparent; border-left:0px solid transparent; border-bottom:0px solid transparent; border-right:0px solid transparent; padding-top:0px; padding-bottom:0px; padding-right: 0px; padding-left: 0px;\">\r\n                                                                    <!--<![endif]-->\r\n                                                                    <table border=\"0\" cellpadding=\"0\" cellspacing=\"0\" class=\"divider\" role=\"presentation\" style=\"table-layout: fixed; vertical-align: top; border-spacing: 0; border-collapse: collapse; mso-table-lspace: 0pt; mso-table-rspace: 0pt; min-width: 100%; -ms-text-size-adjust: 100%; -webkit-text-size-adjust: 100%;\" valign=\"top\" width=\"100%\">\r\n                                                                        <tbody>\r\n                                                                            <tr style=\"vertical-align: top;\" valign=\"top\">\r\n                                                                                <td class=\"divider_inner\" style=\"word-break: break-word; vertical-align: top; min-width: 100%; -ms-text-size-adjust: 100%; -webkit-text-size-adjust: 100%; padding-top: 60px; padding-right: 0px; padding-bottom: 12px; padding-left: 0px;\" valign=\"top\">\r\n                                                                                    <table align=\"center\" border=\"0\" cellpadding=\"0\" cellspacing=\"0\" class=\"divider_content\" role=\"presentation\" style=\"table-layout: fixed; vertical-align: top; border-spacing: 0; border-collapse: collapse; mso-table-lspace: 0pt; mso-table-rspace: 0pt; border-top: 0px solid #BBBBBB; width: 100%;\" valign=\"top\" width=\"100%\">\r\n                                                                                        <tbody>\r\n                                                                                            <tr style=\"vertical-align: top;\" valign=\"top\">\r\n                                                                                                <td style=\"word-break: break-word; vertical-align: top; -ms-text-size-adjust: 100%; -webkit-text-size-adjust: 100%;\" valign=\"top\"><span></span></td>\r\n                                                                                            </tr>\r\n                                                                                        </tbody>\r\n                                                                                    </table>\r\n                                                                                </td>\r\n                                                                            </tr>\r\n                                                                        </tbody>\r\n                                                                    </table>\r\n                                                                    <!--[if (!mso)&(!IE)]><!-->\r\n                                                                </div>\r\n                                                                <!--<![endif]-->\r\n                                                            </div>\r\n                                                        </div>\r\n                                                    </div>\r\n                                                </div>\r\n                                            </div>\r\n                                            <div style=\"background-color:transparent;\">\r\n                                                <div class=\"block-grid\" style=\"Margin: 0 auto; min-width: 320px; max-width: 640px; overflow-wrap: break-word; word-wrap: break-word; word-break: break-word; background-color: #f8f8f9;\">\r\n                                                    <div style=\"border-collapse: collapse;display: table;width: 100%;background-color:#f8f8f9;\">\r\n                                                        <div class=\"col num12\" style=\"min-width: 320px; max-width: 640px; display: table-cell; vertical-align: top; width: 640px;\">\r\n                                                            <div style=\"width:100% !important;\">\r\n                                                                <!--[if (!mso)&(!IE)]><!-->\r\n                                                                <div style=\"border-top:0px solid transparent; border-left:0px solid transparent; border-bottom:0px solid transparent; border-right:0px solid transparent; padding-top:5px; padding-bottom:5px; padding-right: 0px; padding-left: 0px;\">\r\n                                                                    <!--<![endif]-->\r\n                                                                    <table border=\"0\" cellpadding=\"0\" cellspacing=\"0\" class=\"divider\" role=\"presentation\" style=\"table-layout: fixed; vertical-align: top; border-spacing: 0; border-collapse: collapse; mso-table-lspace: 0pt; mso-table-rspace: 0pt; min-width: 100%; -ms-text-size-adjust: 100%; -webkit-text-size-adjust: 100%;\" valign=\"top\" width=\"100%\">\r\n                                                                        <tbody>\r\n                                                                            <tr style=\"vertical-align: top;\" valign=\"top\">\r\n                                                                                <td class=\"divider_inner\" style=\"word-break: break-word; vertical-align: top; min-width: 100%; -ms-text-size-adjust: 100%; -webkit-text-size-adjust: 100%; padding-top: 20px; padding-right: 20px; padding-bottom: 20px; padding-left: 20px;\" valign=\"top\">\r\n                                                                                    <table align=\"center\" border=\"0\" cellpadding=\"0\" cellspacing=\"0\" class=\"divider_content\" role=\"presentation\" style=\"table-layout: fixed; vertical-align: top; border-spacing: 0; border-collapse: collapse; mso-table-lspace: 0pt; mso-table-rspace: 0pt; border-top: 0px solid #BBBBBB; width: 100%;\" valign=\"top\" width=\"100%\">\r\n                                                                                        <tbody>\r\n                                                                                            <tr style=\"vertical-align: top;\" valign=\"top\">\r\n                                                                                                <td style=\"word-break: break-word; vertical-align: top; -ms-text-size-adjust: 100%; -webkit-text-size-adjust: 100%;\" valign=\"top\"><span></span></td>\r\n                                                                                            </tr>\r\n                                                                                        </tbody>\r\n                                                                                    </table>\r\n                                                                                </td>\r\n                                                                            </tr>\r\n                                                                        </tbody>\r\n                                                                    </table>\r\n                                                                </div>\r\n                                                            </div>\r\n                                                        </div>\r\n                                                    </div>\r\n                                                </div>\r\n                                            </div>\r\n                                        </td>\r\n                                    </tr>\r\n                                </tbody>\r\n                            </table>\r\n                        </body>\r\n                    </html>', 'en', 'email', 1),(30, 24, 'Welcome to {company_name} as a Team Member', '<!DOCTYPE html PUBLIC \"-//W3C//DTD XHTML 1.0 Transitional //EN\" \"http://www.w3.org/TR/xhtml1/DTD/xhtml1-transitional.dtd\">\r\n                    <html xmlns=\"http://www.w3.org/1999/xhtml\" xmlns:o=\"urn:schemas-microsoft-com:office:office\" xmlns:v=\"urn:schemas-microsoft-com:vml\">\r\n                        <head>\r\n                            <meta content=\"text/html; charset=utf-8\" http-equiv=\"Content-Type\"/>\r\n                            <meta content=\"width=device-width\" name=\"viewport\"/>\r\n                            <meta content=\"IE=edge\" http-equiv=\"X-UA-Compatible\"/>\r\n                            <title>Task</title>\r\n                            <style type=\"text/css\">\r\n                                    body {\r\n                                        margin: 0;\r\n                                        padding: 0;\r\n                                    }\r\n                                    table,\r\n                                    td,\r\n                                    tr {\r\n                                        vertical-align: top;\r\n                                        border-collapse: collapse;\r\n                                    }\r\n                                    * {\r\n                                        line-height: inherit;\r\n                                    }\r\n                                    a[x-apple-data-detectors=true] {\r\n                                        color: inherit !important;\r\n                                        text-decoration: none !important;\r\n                                    }\r\n                                    .myButton {\r\n                                        background-color:#1aa19c;\r\n                                        border-radius:5px;\r\n                                        display:inline-block;\r\n                                        cursor:pointer;\r\n                                        color:#ffffff;\r\n                                        font-family:Trebuchet MS;\r\n                                        font-size:17px;\r\n                                        font-weight:bold;\r\n                                        padding:9px 28px;\r\n                                        text-decoration:none;\r\n                                        text-shadow:0px 1px 2px #3d768a;\r\n                                    }\r\n                                    .myButton:hover {\r\n                                        background-color:#408c99;\r\n                                    }\r\n                                    .myButton:active {\r\n                                        position:relative;\r\n                                        top:1px;\r\n                                    }\r\n                            </style>\r\n                            <style id=\"media-query\" type=\"text/css\">\r\n                                    @media (max-width: 660px) {\r\n                                        .block-grid,\r\n                                        .col {\r\n                                            min-width: 320px !important;\r\n                                            max-width: 100% !important;\r\n                                            display: block !important;\r\n                                        }\r\n                                        .block-grid {\r\n                                            width: 100% !important;\r\n                                        }\r\n                                        .col {\r\n                                            width: 100% !important;\r\n                                        }\r\n                                        .col>div {\r\n                                            margin: 0 auto;\r\n                                        }\r\n                                        img.fullwidth,\r\n                                        img.fullwidthOnMobile {\r\n                                            max-width: 100% !important;\r\n                                        }\r\n                                        .no-stack .col {\r\n                                            min-width: 0 !important;\r\n                                            display: table-cell !important;\r\n                                        }\r\n                                        .no-stack.two-up .col {\r\n                                            width: 50% !important;\r\n                                        }\r\n                                        .no-stack .col.num4 {\r\n                                            width: 33% !important;\r\n                                        }\r\n                                        .no-stack .col.num8 {\r\n                                            width: 66% !important;\r\n                                        }\r\n                                        .no-stack .col.num4 {\r\n                                            width: 33% !important;\r\n                                        }\r\n                                        .no-stack .col.num3 {\r\n                                            width: 25% !important;\r\n                                        }\r\n                                        .no-stack .col.num6 {\r\n                                            width: 50% !important;\r\n                                        }\r\n                                        .no-stack .col.num9 {\r\n                                            width: 75% !important;\r\n                                        }\r\n                                        .video-block {\r\n                                            max-width: none !important;\r\n                                        }\r\n                                        .mobile_hide {\r\n                                            min-height: 0px;\r\n                                            max-height: 0px;\r\n                                            max-width: 0px;\r\n                                            display: none;\r\n                                            overflow: hidden;\r\n                                            font-size: 0px;\r\n                                        }\r\n                                        .desktop_hide {\r\n                                            display: block !important;\r\n                                            max-height: none !important;\r\n                                        }\r\n                                    }\r\n\r\n                            </style>\r\n                        </head>\r\n                        <body class=\"clean-body\" style=\"margin: 0; padding: 0; -webkit-text-size-adjust: 100%; background-color: #f8f8f9;\">\r\n                            <table bgcolor=\"#f8f8f9\" cellpadding=\"0\" cellspacing=\"0\" class=\"nl-container\" role=\"presentation\" style=\"table-layout: fixed; vertical-align: top; min-width: 320px; Margin: 0 auto; border-spacing: 0; border-collapse: collapse; mso-table-lspace: 0pt; mso-table-rspace: 0pt; background-color: #f8f8f9; width: 100%;\" valign=\"top\" width=\"100%\">\r\n                                <tbody>\r\n                                    <tr style=\"vertical-align: top;\" valign=\"top\">\r\n                                        <td style=\"word-break: break-word; vertical-align: top;\" valign=\"top\">\r\n                                            <div style=\"background-color:transparent;\">\r\n                                                <div class=\"block-grid\" style=\"Margin: 0 auto; min-width: 320px; max-width: 640px; overflow-wrap: break-word; word-wrap: break-word; word-break: break-word; background-color: #fff;\">\r\n                                                    <div style=\"border-collapse: collapse;display: table;width: 100%;background-color:#fff;\">\r\n                                                        <div class=\"col num12\" style=\"min-width: 320px; max-width: 640px; display: table-cell; vertical-align: top; width: 640px;\">\r\n                                                            <div style=\"width:100% !important;\">\r\n                                                                <div style=\"color:#555555;font-family:Pacifico, cursive;line-height:1.2;padding-top:35px;padding-right:0px;padding-bottom:20px;padding-left:30px;\">\r\n                                                                    <div style=\"line-height: 1.2; font-size: 18px; color: #555555; font-family: Pacifico, cursive; mso-line-height-alt: 14px;\">\r\n                                                                        <p style=\"font-size: 18px; line-height: 1.2; word-break: break-word; text-align: center; mso-line-height-alt: 22px; margin: 0;\"><span style=\"color: #008080; font-size: 30px;\">{company_name}</span></p>\r\n                                                                    </div>\r\n                                                                </div>\r\n                                                            </div>\r\n                                                        </div>\r\n                                                    </div>\r\n                                                </div>\r\n                                            </div>\r\n                                            <div style=\"background-color:transparent;\">\r\n                                                <div class=\"block-grid\" style=\"Margin: 0 auto; min-width: 320px; max-width: 640px; overflow-wrap: break-word; word-wrap: break-word; word-break: break-word; background-color: #f3fafa;\">\r\n                                                    <div style=\"border-collapse: collapse;display: table;width: 100%;background-color:#f3fafa;\">\r\n                                                        <div class=\"col num12\" style=\"min-width: 320px; max-width: 640px; display: table-cell; vertical-align: top; width: 580px;\">\r\n                                                            <div style=\"width:100% !important;\">\r\n                                                                <!--[if (!mso)&(!IE)]><!-->\r\n                                                                <div style=\"border-top:0px solid transparent; border-left:30px solid #FFFFFF; border-bottom:0px solid transparent; border-right:30px solid #FFFFFF; padding-top:0px; padding-bottom:0px; padding-right: 0px; padding-left: 0px;\">\r\n                                                                    <!--<![endif]-->\r\n                                                                    <table border=\"0\" cellpadding=\"0\" cellspacing=\"0\" class=\"divider\" role=\"presentation\" style=\"table-layout: fixed; vertical-align: top; border-spacing: 0; border-collapse: collapse; mso-table-lspace: 0pt; mso-table-rspace: 0pt; min-width: 100%; -ms-text-size-adjust: 100%; -webkit-text-size-adjust: 100%;\" valign=\"top\" width=\"100%\">\r\n                                                                        <tbody>\r\n                                                                            <tr style=\"vertical-align: top;\" valign=\"top\">\r\n                                                                                <td class=\"divider_inner\" style=\"word-break: break-word; vertical-align: top; min-width: 100%; -ms-text-size-adjust: 100%; -webkit-text-size-adjust: 100%; padding-top: 0px; padding-right: 0px; padding-bottom: 0px; padding-left: 0px;\" valign=\"top\">\r\n                                                                                    <table align=\"center\" border=\"0\" cellpadding=\"0\" cellspacing=\"0\" class=\"divider_content\" role=\"presentation\" style=\"table-layout: fixed; vertical-align: top; border-spacing: 0; border-collapse: collapse; mso-table-lspace: 0pt; mso-table-rspace: 0pt; border-top: 4px solid #1AA19C; width: 100%;\" valign=\"top\" width=\"100%\">\r\n                                                                                        <tbody>\r\n                                                                                            <tr style=\"vertical-align: top;\" valign=\"top\">\r\n                                                                                                <td style=\"word-break: break-word; vertical-align: top; -ms-text-size-adjust: 100%; -webkit-text-size-adjust: 100%;\" valign=\"top\"><span></span></td>\r\n                                                                                            </tr>\r\n                                                                                        </tbody>\r\n                                                                                    </table>\r\n                                                                                </td>\r\n                                                                            </tr>\r\n                                                                        </tbody>\r\n                                                                    </table>\r\n                                                                    <table border=\"0\" cellpadding=\"0\" cellspacing=\"0\" class=\"divider\" role=\"presentation\" style=\"table-layout: fixed; vertical-align: top; border-spacing: 0; border-collapse: collapse; mso-table-lspace: 0pt; mso-table-rspace: 0pt; min-width: 100%; -ms-text-size-adjust: 100%; -webkit-text-size-adjust: 100%;\" valign=\"top\" width=\"100%\">\r\n                                                                        <tbody>\r\n                                                                            <tr style=\"vertical-align: top;\" valign=\"top\">\r\n                                                                                <td class=\"divider_inner\" style=\"word-break: break-word; vertical-align: top; min-width: 100%; -ms-text-size-adjust: 100%; -webkit-text-size-adjust: 100%; padding-top: 35px; padding-right: 0px; padding-bottom: 0px; padding-left: 0px;\" valign=\"top\">\r\n                                                                                    <table align=\"center\" border=\"0\" cellpadding=\"0\" cellspacing=\"0\" class=\"divider_content\" role=\"presentation\" style=\"table-layout: fixed; vertical-align: top; border-spacing: 0; border-collapse: collapse; mso-table-lspace: 0pt; mso-table-rspace: 0pt; border-top: 0px solid #BBBBBB; width: 100%;\" valign=\"top\" width=\"100%\">\r\n                                                                                        <tbody>\r\n                                                                                            <tr style=\"vertical-align: top;\" valign=\"top\">\r\n                                                                                                <td style=\"word-break: break-word; vertical-align: top; -ms-text-size-adjust: 100%; -webkit-text-size-adjust: 100%;\" valign=\"top\"><span></span></td>\r\n                                                                                            </tr>\r\n                                                                                        </tbody>\r\n                                                                                    </table>\r\n                                                                                </td>\r\n                                                                            </tr>\r\n                                                                        </tbody>\r\n                                                                    </table>\r\n                                                                    <div style=\"color:#555555;font-family:Montserrat, Trebuchet MS, Lucida Grande, Lucida Sans Unicode, Lucida Sans, Tahoma, sans-serif;line-height:1.2;padding-top:15px;padding-right:0px;padding-bottom:10px;padding-left:30px;\">\r\n                                                                        <div style=\"line-height: 1.2; font-size: 12px; color: #555555; font-family: Montserrat, Trebuchet MS, Lucida Grande, Lucida Sans Unicode, Lucida Sans, Tahoma, sans-serif; mso-line-height-alt: 14px;\">\r\n                                                                            <p style=\"font-size: 18px; line-height: 1.2; word-break: break-word; text-align: left; mso-line-height-alt: 22px; margin: 0;\"><span style=\"color: #2b303a; font-size: 18px;\"><strong>Hello {user_name},</strong></span></p>\r\n                                                                        </div>\r\n                                                                    </div>\r\n                                                                    <div style=\"color:#555555;font-family:Montserrat, Trebuchet MS, Lucida Grande, Lucida Sans Unicode, Lucida Sans, Tahoma, sans-serif;line-height:1.2;padding-top:0px;padding-right:0px;padding-bottom:10px;padding-left:30px;\">\r\n                                                                        <div style=\"line-height: 1.2; font-size: 12px; color: #555555; font-family: Montserrat, Trebuchet MS, Lucida Grande, Lucida Sans Unicode, Lucida Sans, Tahoma, sans-serif; mso-line-height-alt: 14px;\">\r\n                                                                            <p style=\"font-size: 18px; line-height: 1.2; word-break: break-word; text-align: left; mso-line-height-alt: 22px; margin: 0;\"><span style=\"color: #008080; font-size: 18px;\">A warm welcome to {company_name} family, please login to the <a href=\"{company_url}\">portal</a> to see the details of your account.</span></p>\r\n                                                                        </div>\r\n                                                                    </div>        \r\n                                                                    <div style=\"margin-left:5px;color:#555555;font-family:Montserrat, Trebuchet MS, Lucida Grande, Lucida Sans Unicode, Lucida Sans, Tahoma, sans-serif;line-height:1.5;padding-top:10px;padding-right:10px;padding-bottom:20px;padding-left:25px;\">\r\n                                                                        <h5> <u>Credentials</u>: </h5>\r\n                                                                          <div style=\"line-height: 1.5; font-size: 12px; font-family: Montserrat, Trebuchet MS, Lucida Grande, Lucida Sans Unicode, Lucida Sans, Tahoma, sans-serif; color: #555555; mso-line-height-alt: 18px;\">\r\n                                                                              <p style=\"font-size: 15px; line-height: 1.5; font-family: inherit; word-break: break-word; mso-line-height-alt: 23px; margin: 0;\"><span style=\"font-size: 15px;\">User ID: <span style=\"color: #555555;\"><strong> {user_id}</strong></span></span></p>\r\n                                                                              <p style=\"font-size: 15px; line-height: 1.5; font-family: inherit; word-break: break-word; mso-line-height-alt: 23px; margin: 0;\"><span style=\"font-size: 15px;\">Password: <span style=\"color: #555555;\"><strong> {user_pass}</strong></span></span></p>\r\n                                                                          </div>\r\n                                                                      </div>\r\n                                                                <div style=\"color:#555555;font-family:Montserrat, Trebuchet MS, Lucida Grande, Lucida Sans Unicode, Lucida Sans, Tahoma, sans-serif;line-height:1.5;padding-top:20px;padding-right:30px;padding-bottom:40px;padding-left:30px;\">\r\n                                                                    <div style=\"line-height: 1.5; font-size: 12px; font-family: Montserrat, Trebuchet MS, Lucida Grande, Lucida Sans Unicode, Lucida Sans, Tahoma, sans-serif; color: #555555; mso-line-height-alt: 18px;\">\r\n                                                                        <p style=\"font-size: 15px; line-height: 1.5; word-break: break-word; text-align: left; font-family: inherit; mso-line-height-alt: 23px; margin: 0;\"><span style=\"color: #2b303a; font-size: 15px;\">Thank you,</span></p>\r\n                                                                        <p style=\"font-size: 15px; line-height: 1.5; word-break: break-word; text-align: left; font-family: inherit; mso-line-height-alt: 23px; margin: 0;\"><span style=\"color: #2b303a; font-size: 15px;\">{assigned_by_whom}</span></p>\r\n                                                                        <p style=\"font-size: 15px; line-height: 1.5; word-break: break-word; text-align: left; font-family: inherit; mso-line-height-alt: 23px; margin: 0;\"><span style=\"color: #2b303a; font-size: 15px;\">{company_name}</span></p>\r\n                                                                    </div>\r\n                                                                </div>\r\n                                                            </div>\r\n                                                            <!--<![endif]-->\r\n                                                        </div>\r\n                                                    </div>\r\n                                                </div>\r\n                                            </div>\r\n                                        </div>\r\n                                        <div style=\"background-color:transparent;\">\r\n                                            <div class=\"block-grid\" style=\"Margin: 0 auto; min-width: 320px; max-width: 640px; overflow-wrap: break-word; word-wrap: break-word; word-break: break-word; background-color: #fff;\">\r\n                                                <div style=\"border-collapse: collapse;display: table;width: 100%;background-color:#fff;\">\r\n                                                    <div class=\"col num12\" style=\"min-width: 320px; max-width: 640px; display: table-cell; vertical-align: top; width: 640px;\">\r\n                                                        <div style=\"width:100% !important;\">\r\n                                                            <!--[if (!mso)&(!IE)]><!-->\r\n                                                            <div style=\"border-top:0px solid transparent; border-left:0px solid transparent; border-bottom:0px solid transparent; border-right:0px solid transparent; padding-top:0px; padding-bottom:0px; padding-right: 0px; padding-left: 0px;\">\r\n                                                                <!--<![endif]-->\r\n                                                                <table border=\"0\" cellpadding=\"0\" cellspacing=\"0\" class=\"divider\" role=\"presentation\" style=\"table-layout: fixed; vertical-align: top; border-spacing: 0; border-collapse: collapse; mso-table-lspace: 0pt; mso-table-rspace: 0pt; min-width: 100%; -ms-text-size-adjust: 100%; -webkit-text-size-adjust: 100%;\" valign=\"top\" width=\"100%\">\r\n                                                                    <tbody>\r\n                                                                        <tr style=\"vertical-align: top;\" valign=\"top\">\r\n                                                                            <td class=\"divider_inner\" style=\"word-break: break-word; vertical-align: top; min-width: 100%; -ms-text-size-adjust: 100%; -webkit-text-size-adjust: 100%; padding-top: 60px; padding-right: 0px; padding-bottom: 12px; padding-left: 0px;\" valign=\"top\">\r\n                                                                                <table align=\"center\" border=\"0\" cellpadding=\"0\" cellspacing=\"0\" class=\"divider_content\" role=\"presentation\" style=\"table-layout: fixed; vertical-align: top; border-spacing: 0; border-collapse: collapse; mso-table-lspace: 0pt; mso-table-rspace: 0pt; border-top: 0px solid #BBBBBB; width: 100%;\" valign=\"top\" width=\"100%\">\r\n                                                                                    <tbody>\r\n                                                                                        <tr style=\"vertical-align: top;\" valign=\"top\">\r\n                                                                                            <td style=\"word-break: break-word; vertical-align: top; -ms-text-size-adjust: 100%; -webkit-text-size-adjust: 100%;\" valign=\"top\"><span></span></td>\r\n                                                                                        </tr>\r\n                                                                                    </tbody>\r\n                                                                                </table>\r\n                                                                            </td>\r\n                                                                        </tr>\r\n                                                                    </tbody>\r\n                                                                </table>\r\n                                                                <!--[if (!mso)&(!IE)]><!-->\r\n                                                            </div>\r\n                                                            <!--<![endif]-->\r\n                                                        </div>\r\n                                                    </div>\r\n                                                </div>\r\n                                            </div>\r\n                                        </div>\r\n                                        <div style=\"background-color:transparent;\">\r\n                                            <div class=\"block-grid\" style=\"Margin: 0 auto; min-width: 320px; max-width: 640px; overflow-wrap: break-word; word-wrap: break-word; word-break: break-word; background-color: #f8f8f9;\">\r\n                                                <div style=\"border-collapse: collapse;display: table;width: 100%;background-color:#f8f8f9;\">\r\n                                                    <div class=\"col num12\" style=\"min-width: 320px; max-width: 640px; display: table-cell; vertical-align: top; width: 640px;\">\r\n                                                        <div style=\"width:100% !important;\">\r\n                                                            <!--[if (!mso)&(!IE)]><!-->\r\n                                                            <div style=\"border-top:0px solid transparent; border-left:0px solid transparent; border-bottom:0px solid transparent; border-right:0px solid transparent; padding-top:5px; padding-bottom:5px; padding-right: 0px; padding-left: 0px;\">\r\n                                                                <!--<![endif]-->\r\n                                                                <table border=\"0\" cellpadding=\"0\" cellspacing=\"0\" class=\"divider\" role=\"presentation\" style=\"table-layout: fixed; vertical-align: top; border-spacing: 0; border-collapse: collapse; mso-table-lspace: 0pt; mso-table-rspace: 0pt; min-width: 100%; -ms-text-size-adjust: 100%; -webkit-text-size-adjust: 100%;\" valign=\"top\" width=\"100%\">\r\n                                                                    <tbody>\r\n                                                                        <tr style=\"vertical-align: top;\" valign=\"top\">\r\n                                                                            <td class=\"divider_inner\" style=\"word-break: break-word; vertical-align: top; min-width: 100%; -ms-text-size-adjust: 100%; -webkit-text-size-adjust: 100%; padding-top: 20px; padding-right: 20px; padding-bottom: 20px; padding-left: 20px;\" valign=\"top\">\r\n                                                                                <table align=\"center\" border=\"0\" cellpadding=\"0\" cellspacing=\"0\" class=\"divider_content\" role=\"presentation\" style=\"table-layout: fixed; vertical-align: top; border-spacing: 0; border-collapse: collapse; mso-table-lspace: 0pt; mso-table-rspace: 0pt; border-top: 0px solid #BBBBBB; width: 100%;\" valign=\"top\" width=\"100%\">\r\n                                                                                    <tbody>\r\n                                                                                        <tr style=\"vertical-align: top;\" valign=\"top\">\r\n                                                                                            <td style=\"word-break: break-word; vertical-align: top; -ms-text-size-adjust: 100%; -webkit-text-size-adjust: 100%;\" valign=\"top\"><span></span></td>\r\n                                                                                        </tr>\r\n                                                                                    </tbody>\r\n                                                                                </table>\r\n                                                                            </td>\r\n                                                                        </tr>\r\n                                                                    </tbody>\r\n                                                                </table>\r\n                                                            </div>\r\n                                                        </div>\r\n                                                    </div>\r\n                                                </div>\r\n                                            </div>\r\n                                        </div>\r\n                                    </td>\r\n                                </tr>\r\n                            </tbody>\r\n                        </table>\r\n                    </body>\r\n                </html>', 'en', 'email', 1),(31, 25, '{company_name} - Activate your account', '<!DOCTYPE html>\r\n                <html>\r\n                <head>\r\n                  <meta charset=\"utf-8\">\r\n                  <meta http-equiv=\"x-ua-compatible\" content=\"ie=edge\">\r\n                  <title>Activation Link</title>\r\n                  <meta name=\"viewport\" content=\"width=device-width, initial-scale=1\">\r\n                  <style type=\"text/css\">\r\n                    /**\r\n                     * Google webfonts. Recommended to include the .woff version for cross-client compatibility.\r\n                     */\r\n                    @media screen {\r\n                      @font-face {\r\n                        font-family: Source Sans Pro;\r\n                        font-style: normal;\r\n                        font-weight: 400;\r\n                        src: local(\"Source Sans Pro Regular\"), local(\"SourceSansPro-Regular\"), url(https://fonts.gstatic.com/s/sourcesanspro/v10/ODelI1aHBYDBqgeIAH2zlBM0YzuT7MdOe03otPbuUS0.woff) format(\"woff\");\r\n                      }\r\n                      @font-face {\r\n                        font-family: Source Sans Pro;\r\n                        font-style: normal;\r\n                        font-weight: 700;\r\n                        src: local(\"Source Sans Pro Bold\"), local(\"SourceSansPro-Bold\"), url(https://fonts.gstatic.com/s/sourcesanspro/v10/toadOcfmlt9b38dHJxOBGFkQc6VGVFSmCnC_l7QZG60.woff) format(\"woff\");\r\n                      }\r\n                    }\r\n                    /**\r\n                     * Avoid browser level font resizing.\r\n                     * 1. Windows Mobile\r\n                     * 2. iOS / OSX\r\n                     */\r\n                    body,\r\n                    table,\r\n                    td,\r\n                    a {\r\n                      -ms-text-size-adjust: 100%; /* 1 */\r\n                      -webkit-text-size-adjust: 100%; /* 2 */\r\n                    }\r\n                    /**\r\n                     * Remove extra space added to tables and cells in Outlook.\r\n                     */\r\n                    table,\r\n                    td {\r\n                      mso-table-rspace: 0pt;\r\n                      mso-table-lspace: 0pt;\r\n                    }\r\n                    /**\r\n                     * Better fluid images in Internet Explorer.\r\n                     */\r\n                    img {\r\n                      -ms-interpolation-mode: bicubic;\r\n                    }\r\n                    /**\r\n                     * Remove blue links for iOS devices.\r\n                     */\r\n                    a[x-apple-data-detectors] {\r\n                      font-family: inherit !important;\r\n                      font-size: inherit !important;\r\n                      font-weight: inherit !important;\r\n                      line-height: inherit !important;\r\n                      color: inherit !important;\r\n                      text-decoration: none !important;\r\n                    }\r\n                    /**\r\n                     * Fix centering issues in Android 4.4.\r\n                     */\r\n                    div[style*=\"margin: 16px 0;\"] {\r\n                      margin: 0 !important;\r\n                    }\r\n                    body {\r\n                      width: 100% !important;\r\n                      height: 100% !important;\r\n                      padding: 0 !important;\r\n                      margin: 0 !important;\r\n                    }\r\n                    /**\r\n                     * Collapse table borders to avoid space between cells.\r\n                     */\r\n                    table {\r\n                      border-collapse: collapse !important;\r\n                    }\r\n                    a {\r\n                      color: #1a82e2;\r\n                    }\r\n                    img {\r\n                      height: auto;\r\n                      line-height: 100%;\r\n                      text-decoration: none;\r\n                      border: 0;\r\n                      outline: none;\r\n                    }\r\n                  </style>\r\n                </head>\r\n                <body style=\"background-color: #e9ecef;\">\r\n                <div class=\"preheader\" style=\"display: none; color:black; max-width: 0; max-height: 0; overflow: hidden; font-size: 1px; line-height: 1px; color: #fff; opacity: 0;\">\r\n                  A preheader is the short summary text that follows the subject line when an email is viewed in the inbox.\r\n                </div>\r\n                <table border=\"0\" cellpadding=\"0\" cellspacing=\"0\" width=\"100%\">\r\n                  <tr>\r\n                    <td align=\"center\" bgcolor=\"#e9ecef\">\r\n                      <table border=\"0\" cellpadding=\"0\" cellspacing=\"0\" width=\"100%\" style=\"max-width: 600px;\">\r\n                        <tr>\r\n                          <td align=\"center\" valign=\"top\" style=\"padding: 36px 24px;\">\r\n                          </td>\r\n                        </tr>\r\n                      </table>\r\n                    </td>\r\n                  </tr>\r\n                  <tr>\r\n                    <td align=\"center\" bgcolor=\"#e9ecef\">\r\n                      <table border=\"0\" cellpadding=\"0\" cellspacing=\"0\" width=\"100%\" style=\"max-width: 600px;\">\r\n                        <tr>\r\n                          <td align=\"left\" bgcolor=\"#ffffff\" style=\"padding: 36px 24px 0; font-family: Source Sans Pro, Helvetica, Arial, sans-serif; border-top: 3px solid #d4dadf;\">\r\n                            <h1 style=\"margin: 0; font-size: 32px; font-weight: 700; letter-spacing: -1px; line-height: 48px; text-align: center; color: cornflowerblue;\">Activate Your Account</h1>\r\n                          </td>\r\n                        </tr>\r\n                      </table>\r\n                    </td>\r\n                  </tr>\r\n                  <tr>\r\n                    <td align=\"center\" bgcolor=\"#e9ecef\">\r\n                      <table border=\"0\" cellpadding=\"0\" cellspacing=\"0\" width=\"100%\" style=\"max-width: 600px;\">\r\n                        <tr>\r\n                          <td align=\"left\" bgcolor=\"#ffffff\" style=\"padding: 24px; font-family: Source Sans Pro, Helvetica, Arial, sans-serif; font-size: 16px; line-height: 24px;\">\r\n                            <p style=\"margin: 0; color:black;\">Dear {customer_name},</p>\r\n                            <p style=\" color:black;\">To activate your account, go to the following the button: </p>\r\n                          </td>\r\n                        </tr>\r\n                        <tr>\r\n                          <td align=\"left\" bgcolor=\"#ffffff\">\r\n                            <table border=\"0\" cellpadding=\"0\" cellspacing=\"0\" width=\"100%\">\r\n                              <tr>\r\n                                <td align=\"center\" bgcolor=\"#ffffff\" style=\"padding: 12px;\">\r\n                                  <table border=\"0\" cellpadding=\"0\" cellspacing=\"0\">\r\n                                    <tr>\r\n                                      <td align=\"center\" bgcolor=\"#1a82e2\" style=\"border-radius: 6px;\">\r\n                                        <a href=\"{activation_link}\" target=\"_blank\" style=\"display: inline-block; padding: 16px 36px; font-family: Source Sans Pro, Helvetica, Arial, sans-serif; font-size: 16px; color: #ffffff; text-decoration: none; border-radius: 6px;\">Click here</a>\r\n                                      </td>\r\n                                    </tr>\r\n                                  </table>\r\n                                </td>\r\n                              </tr>\r\n                            </table>\r\n                          </td>\r\n                        </tr>\r\n                        <tr>\r\n                          <td align=\"left\" bgcolor=\"#ffffff\" style=\"padding: 24px; font-family: Source Sans Pro, Helvetica, Arial, sans-serif; font-size: 16px; line-height: 24px;\">\r\n                            <p style=\"margin: 0; color:black;\">If that does not work, click on the following link in your browser:</p>\r\n                            <p style=\"margin: 0;\"><a href=\"{activation_link}\" target=\"_blank\">{activation_link}</a></p>\r\n                          </td>\r\n                        </tr>\r\n                        <tr>\r\n                          <td align=\"left\" bgcolor=\"#ffffff\" style=\"padding: 24px; font-family: Source Sans Pro, Helvetica, Arial, sans-serif; font-size: 16px; line-height: 24px; border-bottom: 3px solid #d4dadf\">\r\n                            <p style=\"margin: 0;  color:black;\">Thanks & Regards,<br> {company_name}</p>\r\n                            <p style=\" color:black;\">\r\n                              From : {company_name}<br />\r\n                              Email: {company_email}<br />\r\n                              Phone: {company_phone}<br />\r\n                              Address: {company_street}, {company_city}, {company_state}\r\n                            </p>\r\n                            <br />\r\n                            <hr>\r\n                            <p style=\"text-align: center;font-size:12px\">{company_name}, all rights reserved</p>\r\n                          </td>\r\n                        </tr>\r\n                      </table>\r\n                    </td>\r\n                  </tr>\r\n                </table>\r\n                </body>\r\n                </html>', 'en', 'email', 1);
UNLOCK TABLES;
COMMIT;
BEGIN;
LOCK TABLES `cka_crm`.`exchange_rates` WRITE;
DELETE FROM `cka_crm`.`exchange_rates`;
UNLOCK TABLES;
COMMIT;
BEGIN;
LOCK TABLES `cka_crm`.`expenses` WRITE;
DELETE FROM `cka_crm`.`expenses`;
INSERT INTO `cka_crm`.`expenses` (`id`,`transaction_id`,`user_id`,`transaction_reference_id`,`income_expense_category_id`,`currency_id`,`payment_method_id`,`amount`,`note`,`transaction_date`,`created_at`) VALUES (1, 37, 1, 49, 4, 3, 2, 500.00000000, 'Rental Expenses', '2021-09-10', '2020-04-08 18:29:26'),(2, 38, 1, 50, 1, 3, 1, 100.00000000, 'IT and Internet Expenses', '2021-09-10', '2020-04-08 18:29:26'),(3, 39, 1, 51, 2, 3, 1, 50.00000000, 'Telephone Expenses', '2021-09-10', '2020-04-08 18:29:26'),(4, 41, 1, 53, 5, 3, NULL, 500.00000000, 'Foods and Meals Expenses', '2021-09-10', '2020-04-08 18:29:26'),(5, 40, 1, 52, 3, 3, 2, 250.00000000, 'Insurence Expenses', '2021-09-10', '2020-04-08 18:29:26');
UNLOCK TABLES;
COMMIT;
BEGIN;
LOCK TABLES `cka_crm`.`files` WRITE;
DELETE FROM `cka_crm`.`files`;
INSERT INTO `cka_crm`.`files` (`id`,`object_type`,`object_id`,`uploaded_by`,`file_name`,`original_file_name`,`created_at`) VALUES (1, 'Item', 2, NULL, '4ca944fa029717f1df765e9aa9f22091_1_iphone-11-pro-select-2019-family.jpg', 'iphone-11-pro-select-2019-family.jpg', '2020-04-08 13:03:43'),(2, 'Item', 3, NULL, 'e6a2659da1bf086cf5daa79a98fab48a_1_apple-iphone-11-1-500x500.jpg', 'Apple-iPhone-11-1-500x500.jpg', '2020-04-08 13:16:28'),(3, 'Item', 4, NULL, '0fc9b92d5f637436be9d41565bec4834_1_samsung-galaxy-s10-1.jpg', 'samsung-galaxy-s10-1.jpg', '2020-04-08 13:27:10'),(4, 'Item', 5, NULL, '750e1779266a73e1e9c6eca0d6afb930_1_huawei-p30-pro.jpg', 'huawei-p30-pro.jpg', '2020-04-08 13:31:51'),(5, 'Item', 6, NULL, 'bde66b8ef0bfe6079512f5ab72728462_1_apple_watch_series_4.jpg', 'apple_watch_series_4.jpg', '2020-04-08 13:55:37'),(6, 'Item', 7, NULL, '5af4234ffc3fce78d3fc291b2d3037ff_1_103921.jpg', '103921.jpg', '2020-04-08 16:30:32'),(7, 'Item', 8, NULL, '5cec338c8dfd52a2f06f4a9436a5ffe4_1_havit.jpg', 'havit.jpg', '2020-04-08 16:36:36'),(8, 'Item', 9, NULL, 'a121d01996be8872e6a474d580697db4_1_81n-9sdsr6l.jpg', '81n-9sDsr6L._AC_SL1500_.jpg', '2020-04-08 16:46:50'),(9, 'Item', 10, NULL, 'c26a00baac0634d0a1ba4c2d18828060_1_corporate-event.jpg', 'corporate-event.jpg', '2020-04-08 16:52:31'),(10, 'Item', 12, NULL, '4bfb89b115e2f85165f5f1fb969e9b85_1_ufd110d4da3f148d5a336d7895d0e5ed9k.jpg', 'Ufd110d4da3f148d5a336d7895d0e5ed9k.jpg', '2020-04-08 16:56:58'),(13, 'Item', 11, NULL, '8cb97e13b9f2bebb83e3fe465b3681d3_1_jsygavpspkes2scjeihq_em2c5950-620x413.jpg', 'jsygaVpSPKes2SCJeihQ_EM2C5950-620x413.jpg', '2020-04-08 17:01:40'),(14, 'Item', 13, NULL, '69794a32093232e88029158b651fd61b_1_kelloggs-corn-flakes-real-mango-300-gm-1014139.jpg', 'Kelloggs-Corn-Flakes-Real-Mango-300-gm-1014139.jpg', '2020-04-08 17:02:47'),(15, 'Item', 14, NULL, '9b5d5fe35d9e385b66709f46d192cb5a_1_15_v_16_macbookpro_thumb1200_4-3.jpg', '15_v_16_macbookpro_thumb1200_4-3.jpg', '2020-04-08 17:11:13'),(16, 'Item', 15, NULL, 'aa7c68ad57d5e1ea3aa94569fdbf17f6_1_148821-laptops-review-apple-macbook-air-2019-review-image3-ymwb8qupgi.jpg', '148821-laptops-review-apple-macbook-air-2019-review-image3-ymwb8qupgi.jpg', '2020-04-08 17:14:06'),(17, 'Direct Order', 2, NULL, 'ed82981117b2971560a3174205e9ae3b_1_apple_watch_series_4.jpg', NULL, '2020-04-08 17:27:30'),(19, 'Direct Order', 2, NULL, '24862066b49b04b5617ac230adba986b_1_Apple-iPhone-11-1-500x500.jpg', NULL, '2020-04-08 17:28:12'),(20, 'Direct Order', 3, NULL, '6efc9b5b96f9087c88322103ae32e0e4_2_corporate-event.jpg', NULL, '2020-04-08 17:29:53'),(21, 'Direct Order', 4, NULL, 'f8209f41888a6e3025ab7c49521e7f61_1_Apple-iPhone-11-1-500x500.jpg', NULL, '2020-04-08 18:06:31'),(22, 'Direct Order', 4, NULL, 'a62aa036b2c4065cc3b0fe40ddc39945_1_iphone-11-pro-select-2019-family.jpg', NULL, '2020-04-08 18:06:31'),(23, 'Direct Order', 5, NULL, '72a43eb366592612dd0064039b81d220_1_huawei-p30-pro.jpg', 'huawei-p30-pro.jpg', '2020-04-08 18:07:35'),(24, 'Direct Order', 5, NULL, '2eac21b3a9196c93285ff5216f0438a1_1_samsung-galaxy-s10-1.jpg', 'samsung-galaxy-s10-1.jpg', '2020-04-08 18:07:35'),(25, 'Direct Order', 6, NULL, '4dedfdf46342b6098a2935d5d22807df_2_apple_watch_series_4.jpg', 'apple_watch_series_4.jpg', '2020-04-08 18:09:19'),(26, 'Direct Order', 6, NULL, 'f39c3578c189e14b1545b75c42d292f1_2_havit.jpg', 'havit.jpg', '2020-04-08 18:09:19'),(27, 'Direct Order', 6, NULL, 'ac2bf9bf8fda779f6a73bf5d4d75cf6d_2_Apple-iPhone-11-1-500x500.jpg', 'Apple-iPhone-11-1-500x500.jpg', '2020-04-08 18:09:19'),(28, 'Direct Order', 7, NULL, '22bb7150f5061f2aa69ea531bfe22225_3_15_v_16_macbookpro_thumb1200_4-3.jpg', 'macbookpro_thumb1200_4-3.jpg', '2020-04-08 18:11:44'),(29, 'Direct Order', 8, NULL, '2bfa482353bf190f1682032b05a050b4_5_corporate-event.jpg', NULL, '2020-04-08 18:13:04'),(30, 'Direct Invoice', 9, NULL, '365b256ce7ec7e1ac3495729c2ac33ea_1_huawei-p30-pro.jpg', 'huawei-p30-pro.jpg', '2020-04-08 18:13:36'),(31, 'Direct Invoice', 9, NULL, '365b256ce7ec7e1ac3495729c2ac33ea_1_samsung-galaxy-s10-1.jpg', 'samsung-galaxy-s10-1.jpg', '2020-04-08 18:13:36'),(32, 'Direct Invoice', 10, NULL, '063182de423e49e1ca6d9999cd346b32_1_15_v_16_macbookpro_thumb1200_4-3.jpg', 'macbookpro_thumb1200_4-3.jpg', '2020-04-08 18:13:56'),(33, 'Direct Invoice', 14, NULL, '0db02672a0d37ceaaf0b48e9c649327f_4_Kelloggs-Corn-Flakes-Real-Mango-300-gm-1014139.jpg', 'Kelloggs-Corn-Flakes-Real-Mango-300-gm-1014139.jpg', '2020-04-08 18:17:09'),(34, 'Direct Invoice', 14, NULL, '8b937706c041040ee9bc6202a5836121_4_havit.jpg', 'havit.jpg', '2020-04-08 18:17:09'),(35, 'Direct Order', 13, NULL, '072fc2f3598f35a2e3cb1b863bd06443_1_Kelloggs-Corn-Flakes-Real-Mango-300-gm-1014139.jpg', NULL, '2020-04-08 18:17:09'),(36, 'Direct Order', 13, NULL, '072fc2f3598f35a2e3cb1b863bd06443_1_havit.jpg', 'havit.jpg', '2020-04-08 18:17:09'),(37, 'Direct Invoice', 16, NULL, '2937dd33c6abeb1865297913f70d76ea_2_81n-9sDsr6L._AC_SL1500_.jpg', '81n-9sDsr6L._AC_SL1500_.jpg', '2020-04-08 18:18:48'),(38, 'Direct Invoice', 16, NULL, '99b434b53ee98ffb2865d2566439b298_2_huawei-p30-pro.jpg', 'huawei-p30-pro.jpg', '2020-04-08 18:18:48'),(39, 'Direct Order', 15, NULL, '593e5d6e45ee6ea35e7e8ff2a3d7a43b_1_81n-9sDsr6L._AC_SL1500_.jpg', '81n-9sDsr6L._AC_SL1500_.jpg', '2020-04-08 18:18:48'),(40, 'Direct Order', 15, NULL, '593e5d6e45ee6ea35e7e8ff2a3d7a43b_1_huawei-p30-pro.jpg', 'huawei-p30-pro.jpg', '2020-04-08 18:18:48'),(41, 'Direct Invoice', 18, NULL, '247c6f4aeea4ccf46a34dc46054f8c3b_5_huawei-p30-pro.jpg', 'huawei-p30-pro.jpg', '2020-04-08 18:20:36'),(42, 'Direct Invoice', 18, NULL, '247c6f4aeea4ccf46a34dc46054f8c3b_5_samsung-galaxy-s10-1.jpg', 'samsung-galaxy-s10-1.jpg', '2020-04-08 18:20:36'),(43, 'Direct Order', 17, NULL, 'b2779b9ba350f0da24917a8082ffff74_1_huawei-p30-pro.jpg', 'huawei-p30-pro.jpg', '2020-04-08 18:20:36'),(44, 'Direct Order', 17, NULL, 'b2779b9ba350f0da24917a8082ffff74_1_samsung-galaxy-s10-1.jpg', 'samsung-galaxy-s10-1.jpg', '2020-04-08 18:20:36'),(45, 'Direct Invoice', 22, NULL, '2f7f3778b074a4222fda9655f1d3f1fe_1_iphone-11-pro-select-2019-family.jpg', 'iphone-11-pro-select-2019-family.jpg', '2020-04-08 18:23:38'),(46, 'Direct Invoice', 22, NULL, '2f7f3778b074a4222fda9655f1d3f1fe_1_Apple-iPhone-11-1-500x500.jpg', 'Apple-iPhone-11-1-500x500.jpg', '2020-04-08 18:23:38'),(47, 'Direct Invoice', 22, NULL, 'e517b60c78eea2a830a79e0c5b9eb0eb_1_Kelloggs-Corn-Flakes-Real-Mango-300-gm-1014139.jpg', 'Kelloggs-Corn-Flakes-Real-Mango-300-gm-1014139.jpg', '2020-04-08 18:23:38'),(48, 'Direct Order', 21, NULL, '3928ed32b79e9cce546bb5aada520196_1_iphone-11-pro-select-2019-family.jpg', 'iphone-11-pro-select-2019-family.jpg', '2020-04-08 18:23:38'),(49, 'Direct Order', 21, NULL, '3928ed32b79e9cce546bb5aada520196_1_Apple-iPhone-11-1-500x500.jpg', 'Apple-iPhone-11-1-500x500.jpg', '2020-04-08 18:23:38'),(50, 'Direct Order', 21, NULL, '3928ed32b79e9cce546bb5aada520196_1_Kelloggs-Corn-Flakes-Real-Mango-300-gm-1014139.jpg', 'Kelloggs-Corn-Flakes-Real-Mango-300-gm-1014139.jpg', '2020-04-08 18:23:38'),(51, 'Direct Invoice', 27, NULL, '8f5a9a251ce5a27ace84532b8da0c40d_1_corporate-event.jpg', NULL, '2020-04-08 18:25:58'),(52, 'Direct Invoice', 30, NULL, '474fac2c5aad41f6a915d23cde7d7039_1_Apple-iPhone-11-1-500x500.jpg', NULL, '2020-04-08 18:29:26'),(53, 'Direct Invoice', 30, NULL, '474fac2c5aad41f6a915d23cde7d7039_1_iphone-11-pro-select-2019-family.jpg', NULL, '2020-04-08 18:29:26'),(54, 'Item', 16, NULL, '73ae9277c2422c10b934996968f4e94c_1_vacuumcleanerpng.png', 'vacuum-cleaner.png', '2020-04-08 18:29:26'),(55, 'Item', 17, NULL, 'e712eb58e780696072f9e8575d06c917_1_canoncamerajpg.jpg', 'canon-camera.png', '2020-04-08 18:29:26'),(56, 'Item', 18, NULL, '58214fcae32ac76efee012ae0471cf6e_1_oneplus8tjpg.jpg', 'OnePlus-8T.jpg', '2020-04-08 18:29:26'),(57, 'Item', 19, NULL, 'f784d64fe1319c9ca2ff65b715a611e8_1_samsunggalaxya9jpg.jpg', 'samsung-galaxy-a9.jpg', '2020-04-08 18:29:26'),(58, 'Item', 20, NULL, 'd3f46531acc061368026b6c02d76ea4f_1_ledwatchjpg.jpg', 'led-watch.jpg', '2020-04-08 18:29:26'),(59, 'Item', 21, NULL, 'b2d35c8b72d5f0a294bd346acfcc04a8_1_cokepng.png', 'coke.png', '2020-04-08 18:29:26'),(60, 'Item', 22, NULL, '9ca422ac435c9ee6699e916d9a0aa3e7_1_latherbedjpg.jpg', 'lather-bed.jpg', '2020-04-08 18:29:26'),(61, 'Item', 23, NULL, '6a16d1cd1477e07e3bc14fb9c8aac1ed_1_doorpng.png', 'door.png', '2020-04-08 18:29:26'),(62, 'Item', 24, NULL, '42b911030cafa181dc4199b7281e6d27_1_menshirtjpg.jpg', 'menshirt.jpg', '2020-04-08 18:29:26'),(63, 'Item', 25, NULL, '3a41bbee5f3e69e1c95fd4a149fe143a_1_moneybagjpg.jpg', 'moneybag.jpg', '2020-04-08 18:29:26'),(64, 'Item', 26, NULL, '8510ea9e4a21dc38b54b2f9b42bb9daf_1_tshirtjpg.jpg', 'tshirt.jpg', '2020-04-08 18:29:26'),(65, 'EXPENSE', 1, NULL, '67f012f3945b8611aaae285c090ad7dd_1_rentalpropertyjpg.jpg', 'rental-property.jpg', '2020-04-08 18:29:26'),(66, 'EXPENSE', 2, NULL, '4dae60509f2c2196bc6716b9ad5f6ab3_1_internetjpg.jpg', 'internet.jpg', '2020-04-08 18:29:26'),(67, 'EXPENSE', 3, NULL, 'a1866009ff4bb7af39849673736ab945_1_land_phonejpg.jpg', 'land_phone.jpg', '2020-04-08 18:29:26'),(68, 'EXPENSE', 4, NULL, '7259a8886c221efbc923241760ccda41_1_foodjpg.jpg', 'food.jpg', '2020-04-08 18:29:26'),(69, 'EXPENSE', 5, NULL, 'fb638cbb862d6ad85414d2b7d7817342_1_bestinsurancecompaniesinthephilippinesjpg.jpg', 'best-insurance-companies-in-the-philippines.jpg', '2020-04-08 18:29:26');
UNLOCK TABLES;
COMMIT;
BEGIN;
LOCK TABLES `cka_crm`.`general_ledger_transactions` WRITE;
DELETE FROM `cka_crm`.`general_ledger_transactions`;
UNLOCK TABLES;
COMMIT;
BEGIN;
LOCK TABLES `cka_crm`.`groups` WRITE;
DELETE FROM `cka_crm`.`groups`;
UNLOCK TABLES;
COMMIT;
BEGIN;
LOCK TABLES `cka_crm`.`income_expense_categories` WRITE;
DELETE FROM `cka_crm`.`income_expense_categories`;
INSERT INTO `cka_crm`.`income_expense_categories` (`id`,`name`,`category_type`) VALUES (1, 'IT and Internet Expenses', 'expense'),(2, 'Telephone', 'expense'),(3, 'Insurance', 'expense'),(4, 'Rent', 'expense'),(5, 'Foods & Meals', 'expense'),(6, 'Sales', 'income'),(7, 'Customize', 'income'),(8, 'Services', 'income');
UNLOCK TABLES;
COMMIT;
BEGIN;
LOCK TABLES `cka_crm`.`ip_addresses` WRITE;
DELETE FROM `cka_crm`.`ip_addresses`;
UNLOCK TABLES;
COMMIT;
BEGIN;
LOCK TABLES `cka_crm`.`item_custom_variants` WRITE;
DELETE FROM `cka_crm`.`item_custom_variants`;
INSERT INTO `cka_crm`.`item_custom_variants` (`id`,`item_id`,`variant_title`,`variant_value`) VALUES (2, 4, 'Heart-Rate', 'Yes');
UNLOCK TABLES;
COMMIT;
BEGIN;
LOCK TABLES `cka_crm`.`item_units` WRITE;
DELETE FROM `cka_crm`.`item_units`;
INSERT INTO `cka_crm`.`item_units` (`id`,`abbreviation`,`name`,`created_at`,`updated_at`) VALUES (1, 'each', 'Each', '2020-04-07 09:14:34', '2020-04-07 09:14:34'),(2, 'Kg', 'Kilogram', '2020-04-07 09:14:57', '2020-04-07 09:14:57'),(3, 'pack', 'Package', '2020-04-07 09:19:19', '2020-04-07 09:19:19'),(4, 'gm', 'Gram', '2020-04-08 07:18:21', '2020-04-08 07:18:21');
UNLOCK TABLES;
COMMIT;
BEGIN;
LOCK TABLES `cka_crm`.`items` WRITE;
DELETE FROM `cka_crm`.`items`;
INSERT INTO `cka_crm`.`items` (`id`,`stock_id`,`stock_category_id`,`item_type`,`parent_id`,`name`,`item_unit_id`,`tax_type_id`,`available_variant`,`size`,`color`,`weight`,`weight_unit_id`,`is_stock_managed`,`description`,`hsn`,`is_active`,`alert_quantity`,`created_at`,`updated_at`) VALUES (2, 'IPHONE', 1, 'product', 0, 'iPhone 11 pro', 1, 1, 'iPhone 11 pro - 5.8 \" - Space Gray - 188', '5.8 \"', 'Space Gray', 188.00000000, 4, 1, NULL, NULL, 1, 0, '2020-04-08 12:56:04', '2020-04-08 07:18:38'),(3, 'IPHONE 11', 1, 'product', 2, 'iPhone 11', 1, 1, 'iPhone 11 - 5.8 \" - silver - 188 - 2', '5.8 \"', 'silver', 188.00000000, 4, 1, NULL, NULL, 1, NULL, '2020-04-08 13:16:27', '2020-04-08 07:18:53'),(4, 'SAMSUNG S10', 1, 'product', 0, 'Samsung Galaxy S10', 1, 1, 'Samsung Galaxy S10 - 6.1\" - Blue - 157', '6.1\"', 'Blue', 157.00000000, 4, 1, 'The phone comes with a 6.10-inch touchscreen display and an aspect ratio of 19:9. Samsung Galaxy S10 is powered by a 1.9GHz octa-core Samsung Exynos 9820 processor. It comes with 8GB of RAM.', NULL, 1, 0, '2020-04-08 13:27:10', NULL),(5, 'HUAWEI P30', 1, 'product', 0, 'Huawei P30 Pro', 1, 2, NULL, NULL, NULL, NULL, NULL, 1, '', NULL, 1, 0, '2020-04-08 13:31:51', NULL),(6, 'WATCH 4', 1, 'product', 0, 'Apple Watch Series 4', 1, 2, NULL, NULL, NULL, NULL, NULL, 1, '', NULL, 1, 0, '2020-04-08 13:55:37', NULL),(7, 'COFFEE MAKER', 2, 'product', 0, 'Coffee Maker', 1, 2, NULL, NULL, NULL, NULL, NULL, 1, NULL, NULL, 1, 0, '2020-04-08 16:30:31', '2020-04-08 10:31:04'),(8, 'CLOCK', 2, 'product', 0, 'Havit Alarm Clock Wireless Speaker', 1, 1, NULL, NULL, NULL, NULL, NULL, 1, '', NULL, 1, 2, '2020-04-08 16:36:36', NULL),(9, 'BLENDER', 2, 'product', 0, 'Blender', 1, 1, NULL, NULL, NULL, NULL, NULL, 1, NULL, NULL, 1, 0, '2020-04-08 16:46:50', '2020-04-08 12:51:45'),(10, 'MANAGEMENT', 2, 'service', 0, 'Event Management', 1, 1, NULL, NULL, NULL, NULL, NULL, 0, NULL, NULL, 1, NULL, '2020-04-08 16:51:06', '2020-04-08 10:52:31'),(11, 'PHOTOGRAPHY', 2, 'service', 0, 'Photography', 1, 1, NULL, NULL, NULL, NULL, NULL, 0, NULL, NULL, 1, NULL, '2020-04-08 16:54:03', '2020-04-08 11:01:40'),(12, 'OATS', 3, 'product', 0, 'Oats', 1, 1, NULL, NULL, NULL, NULL, NULL, 1, '', NULL, 1, 0, '2020-04-08 16:56:58', NULL),(13, 'CORN', 3, 'product', 0, 'Corn Flakes', 1, 1, NULL, NULL, NULL, NULL, NULL, 1, NULL, NULL, 1, 0, '2020-04-08 16:59:47', '2020-04-08 11:02:47'),(14, 'MAC', 1, 'product', 0, 'Mac Book Pro', 1, 1, 'Mac Book Pro - 13 \" - Space Gray - 0.92', '13 \"', 'Space Gray', 0.92000000, 2, 1, '', NULL, 1, 0, '2020-04-08 17:11:12', NULL),(15, 'MAC AIR', 1, 'product', 14, 'MacBook Air', 1, 1, 'MacBook Air - 13 \" - gold - 1.25 - 2', '13 \"', 'gold', 1.25000000, 2, 1, '', NULL, 1, NULL, '2020-04-08 17:14:06', NULL),(16, 'vacuum-xcd-h-35', 1, 'product', 0, 'Vacuum Cleaner', 1, 1, NULL, NULL, NULL, NULL, NULL, 1, 'Makes your life easy to clean dusts within a few moments.', NULL, 1, 0, '2020-04-08 17:14:06', '2020-04-08 17:14:06'),(17, 'dslr-camera-p30', 1, 'product', 0, 'DSLR Camera', 1, 1, NULL, NULL, NULL, NULL, NULL, 1, 'See the world with extra wide angle with DSLR Camera. Excellent zooming capability, super fast capturing make your dream came true.', NULL, 1, 0, '2020-04-08 17:14:06', '2020-04-08 17:14:06'),(18, 'one-plus-8T', 1, 'product', 0, 'OnePlus 8T', 1, 1, NULL, NULL, NULL, NULL, NULL, 1, 'Excellent android phone super amoled display, Oxygen OS, Gorilla Glass, best chipsets and so on.', NULL, 1, 0, '2020-04-08 17:14:06', '2020-04-08 17:14:06'),(19, 'samsung-galaxy-a9', 1, 'product', 0, 'Samsung Galaxy A9', 1, 1, NULL, NULL, NULL, NULL, NULL, 1, 'Excellent android phone super amoled display, Oxygen OS, Gorilla Glass, best chipsets and so on.', NULL, 1, 0, '2020-04-08 17:14:06', '2020-04-08 17:14:06'),(20, 'led-watch-a3259', 1, 'product', 0, 'LED Watch', 1, 1, NULL, NULL, NULL, NULL, NULL, 1, NULL, NULL, 1, 0, '2020-04-08 17:14:06', '2020-04-08 17:14:06'),(21, 'h36-coke', 5, 'product', 0, 'Coke', 1, 1, NULL, NULL, NULL, NULL, NULL, 1, NULL, NULL, 1, 0, '2020-04-08 17:14:06', '2020-04-08 17:14:06'),(22, 'lather-bed-9099', 2, 'product', 0, 'Luxirious Lather Bed', 1, 1, NULL, NULL, NULL, NULL, NULL, 1, NULL, NULL, 1, 0, '2020-04-08 17:14:06', '2020-04-08 17:14:06'),(23, 'apxc-door-500', 2, 'product', 0, 'Beautiful & Sustainable Door', 1, 1, NULL, NULL, NULL, NULL, NULL, 1, NULL, NULL, 1, 0, '2020-04-08 17:14:06', '2020-04-08 17:14:06'),(24, 'shirt-men-cb-7890', 4, 'product', 0, 'Mens Shirt', 1, 1, NULL, NULL, NULL, NULL, NULL, 1, NULL, NULL, 1, 0, '2020-04-08 17:14:06', '2020-04-08 17:14:06'),(25, 'wallet-men-fl-5566', 2, 'product', 0, 'Men Wallet', 1, 1, NULL, NULL, NULL, NULL, NULL, 1, NULL, NULL, 1, 0, '2020-04-08 17:14:06', '2020-04-08 17:14:06'),(26, 't-shirt-ts-0023', 4, 'product', 0, 'T Shirt', 1, 1, NULL, NULL, NULL, NULL, NULL, 1, NULL, NULL, 1, 0, '2020-04-08 17:14:06', '2020-04-08 17:14:06');
UNLOCK TABLES;
COMMIT;
BEGIN;
LOCK TABLES `cka_crm`.`jobs` WRITE;
DELETE FROM `cka_crm`.`jobs`;
UNLOCK TABLES;
COMMIT;
BEGIN;
LOCK TABLES `cka_crm`.`knowledge_bases` WRITE;
DELETE FROM `cka_crm`.`knowledge_bases`;
UNLOCK TABLES;
COMMIT;
BEGIN;
LOCK TABLES `cka_crm`.`languages` WRITE;
DELETE FROM `cka_crm`.`languages`;
INSERT INTO `cka_crm`.`languages` (`id`,`name`,`short_name`,`flag`,`status`,`is_default`,`direction`) VALUES (1, 'English', 'en', 'en.jpg', 'Active', 1, 'ltr'),(2, '', 'ar', 'ar.png', 'Active', 0, 'rtl'),(3, 'French', 'fr', '', 'Active', 0, 'ltr'),(4, 'Spanish', 'es', '', 'Active', 0, 'ltr'),(5, 'Russian', 'ru', '', 'Active', 0, 'ltr'),(6, 'Turkish', 'tr', '', 'Active', 0, 'ltr'),(7, 'Chinese', 'zh', '', 'Active', 0, 'ltr'),(8, 'Portuguese', 'pt', '', 'Active', 0, 'ltr');
UNLOCK TABLES;
COMMIT;
BEGIN;
LOCK TABLES `cka_crm`.`lead_sources` WRITE;
DELETE FROM `cka_crm`.`lead_sources`;
INSERT INTO `cka_crm`.`lead_sources` (`id`,`name`,`status`) VALUES (1, 'Facebook', 'active'),(2, 'Skype', 'active'),(3, 'Google Plus', 'active');
UNLOCK TABLES;
COMMIT;
BEGIN;
LOCK TABLES `cka_crm`.`lead_statuses` WRITE;
DELETE FROM `cka_crm`.`lead_statuses`;
INSERT INTO `cka_crm`.`lead_statuses` (`id`,`name`,`color`,`status`) VALUES (1, 'Customer', '#00a65a', 'active'),(2, 'Web', '#672df3', 'active');
UNLOCK TABLES;
COMMIT;
BEGIN;
LOCK TABLES `cka_crm`.`leads` WRITE;
DELETE FROM `cka_crm`.`leads`;
INSERT INTO `cka_crm`.`leads` (`id`,`first_name`,`last_name`,`email`,`street`,`city`,`state`,`zip_code`,`country_id`,`phone`,`website`,`company`,`description`,`lead_status_id`,`lead_source_id`,`assignee_id`,`user_id`,`last_contact`,`last_status_change`,`last_lead_status`,`date_converted`,`date_assigned`,`is_lost`,`is_public`,`created_at`) VALUES (1, 'Amanda', 'Alverez', 'amandajalverez@gmail.com', '1077 Goodwin Avenue', 'Pullman', 'Georgia', '99163', 1, '509-334-9658', 'https://www.leadfeeder.com/', 'Schumm LLC', 'Needed a software.', 2, 3, 1, 1, '2021-09-10 08:10:42', NULL, NULL, NULL, '2021-09-10', 0, 0, '2021-09-17 15:10:42'),(2, 'David', 'Butler', 'davidmbutler@teleworm.us', '2211 Westwood Avenue', 'Huntington', 'Florida', '11743', 1, '516-819-7160', 'https://www.leadfeeder.com/', 'Hegmann Inc', NULL, 1, 2, 1, 1, '2021-09-14 08:10:42', NULL, NULL, NULL, '2021-09-14', 0, 0, '2021-09-17 15:10:42');
UNLOCK TABLES;
COMMIT;
BEGIN;
LOCK TABLES `cka_crm`.`locations` WRITE;
DELETE FROM `cka_crm`.`locations`;
INSERT INTO `cka_crm`.`locations` (`id`,`code`,`name`,`delivery_address`,`email`,`phone`,`fax`,`contact`,`is_active`,`is_default`,`created_at`,`updated_at`) VALUES (1, 'PL', 'Jackson Av', '125 Hayes St, San Francisco, CA 94102, USA', 'maxy@gmail.com', '01521209953', '+880 431177', 'Primary Location', 1, 0, '2020-04-07 09:06:34', '2020-04-15 12:40:00'),(2, '94016', 'San Francisco', '1882 Gerard Street, San Francisco, California', '', '+12013828901', '', '', 1, 1, '2020-04-07 09:07:58', '2020-04-07 09:07:58'),(3, '91905', 'Hill Valley', '1640 Riverside Drive, Hill Valley, California', '', '', '', '', 1, 0, '2020-04-07 09:08:57', '2020-04-07 09:08:57');
UNLOCK TABLES;
COMMIT;
BEGIN;
LOCK TABLES `cka_crm`.`migrations` WRITE;
DELETE FROM `cka_crm`.`migrations`;
INSERT INTO `cka_crm`.`migrations` (`id`,`migration`,`batch`) VALUES (1, '2020_04_06_093559_create_account_types_table', 1),(2, '2020_04_06_093559_create_accounts_table', 1),(3, '2020_04_06_093559_create_activities_table', 1),(4, '2020_04_06_093559_create_backups_table', 1),(5, '2020_04_06_093559_create_calendar_events_table', 1),(6, '2020_04_06_093559_create_checklist_items_table', 1),(7, '2020_04_06_093559_create_countries_table', 1),(8, '2020_04_06_093559_create_currencies_table', 1),(9, '2020_04_06_093559_create_custom_item_orders_table', 1),(10, '2020_04_06_093559_create_customer_activations_table', 1),(11, '2020_04_06_093559_create_customer_branches_table', 1),(12, '2020_04_06_093559_create_customer_transactions_table', 1),(13, '2020_04_06_093559_create_customers_table', 1),(14, '2020_04_06_093559_create_departments_table', 1),(15, '2020_04_06_093559_create_deposits_table', 1),(16, '2020_04_06_093559_create_email_configurations_table', 1),(17, '2020_04_06_093559_create_email_templates_table', 1),(18, '2020_04_06_093559_create_exchange_rates_table', 1),(19, '2020_04_06_093559_create_expenses_table', 1),(20, '2020_04_06_093559_create_files_table', 1),(21, '2020_04_06_093559_create_general_ledger_transactions_table', 1),(22, '2020_04_06_093559_create_income_expense_categories_table', 1),(23, '2020_04_06_093559_create_item_custom_variants_table', 1),(24, '2020_04_06_093559_create_item_units_table', 1),(25, '2020_04_06_093559_create_items_table', 1),(26, '2020_04_06_093559_create_jobs_table', 1),(27, '2020_04_06_093559_create_languages_table', 1),(28, '2020_04_06_093559_create_lead_sources_table', 1),(29, '2020_04_06_093559_create_lead_statuses_table', 1),(30, '2020_04_06_093559_create_leads_table', 1),(31, '2020_04_06_093559_create_locations_table', 1),(32, '2020_04_06_093559_create_milestones_table', 1),(33, '2020_04_06_093559_create_months_table', 1),(34, '2020_04_06_093559_create_notes_table', 1),(35, '2020_04_06_093559_create_password_resets_table', 1),(36, '2020_04_06_093559_create_payment_gateways_table', 1),(37, '2020_04_06_093559_create_payment_methods_table', 1),(38, '2020_04_06_093559_create_payment_terms_table', 1),(39, '2020_04_06_093559_create_permission_roles_table', 1),(40, '2020_04_06_093559_create_permissions_table', 1),(41, '2020_04_06_093559_create_preferences_table', 1),(42, '2020_04_06_093559_create_priorities_table', 1),(43, '2020_04_06_093559_create_project_members_table', 1),(44, '2020_04_06_093559_create_project_settings_table', 1),(45, '2020_04_06_093559_create_project_statuses_table', 1),(46, '2020_04_06_093559_create_projects_table', 1),(47, '2020_04_06_093559_create_purchase_order_details_table', 1),(48, '2020_04_06_093559_create_purchase_orders_table', 1),(49, '2020_04_06_093559_create_purchase_prices_table', 1),(50, '2020_04_06_093559_create_purchase_receive_types_table', 1),(51, '2020_04_06_093559_create_purchase_taxes_table', 1),(52, '2020_04_06_093559_create_received_order_details_table', 1),(53, '2020_04_06_093559_create_received_orders_table', 1),(54, '2020_04_06_093559_create_role_users_table', 1),(55, '2020_04_06_093559_create_roles_table', 1),(56, '2020_04_06_093559_create_sale_order_details_table', 1),(57, '2020_04_06_093559_create_sale_orders_table', 1),(58, '2020_04_06_093559_create_sale_prices_table', 1),(59, '2020_04_06_093559_create_sale_taxes_table', 1),(60, '2020_04_06_093559_create_sale_types_table', 1),(61, '2020_04_06_093559_create_security_roles_table', 1),(62, '2020_04_06_093559_create_shipment_details_table', 1),(63, '2020_04_06_093559_create_shipments_table', 1),(64, '2020_04_06_093559_create_sms_config_table', 1),(65, '2020_04_06_093559_create_stock_adjustment_details_table', 1),(66, '2020_04_06_093559_create_stock_adjustments_table', 1),(67, '2020_04_06_093559_create_stock_categories_table', 1),(68, '2020_04_06_093559_create_stock_moves_table', 1),(69, '2020_04_06_093559_create_stock_transfers_table', 1),(70, '2020_04_06_093559_create_supplier_transactions_table', 1),(71, '2020_04_06_093559_create_suppliers_table', 1),(72, '2020_04_06_093559_create_tag_assigns_table', 1),(73, '2020_04_06_093559_create_tags_table', 1),(74, '2020_04_06_093559_create_task_assigns_table', 1),(75, '2020_04_06_093559_create_task_comments_table', 1),(76, '2020_04_06_093559_create_task_statuses_table', 1),(77, '2020_04_06_093559_create_task_timers_table', 1),(78, '2020_04_06_093559_create_tasks_table', 1),(79, '2020_04_06_093559_create_tax_types_table', 1),(80, '2020_04_06_093559_create_ticket_replies_table', 1),(81, '2020_04_06_093559_create_ticket_statuses_table', 1),(82, '2020_04_06_093559_create_tickets_table', 1),(83, '2020_04_06_093559_create_transaction_references_table', 1),(84, '2020_04_06_093559_create_transactions_table', 1),(85, '2020_04_06_093559_create_transfers_table', 1),(86, '2020_04_06_093559_create_url_shortner_config_table', 1),(87, '2020_04_06_093559_create_user_departments_table', 1),(88, '2020_04_06_093559_create_users_table', 1),(89, '2020_04_06_093606_add_foreign_keys_to_accounts_table', 1),(90, '2020_04_06_093606_add_foreign_keys_to_activities_table', 1),(91, '2020_04_06_093606_add_foreign_keys_to_calendar_events_table', 1),(92, '2020_04_06_093606_add_foreign_keys_to_checklist_items_table', 1),(93, '2020_04_06_093606_add_foreign_keys_to_custom_item_orders_table', 1),(94, '2020_04_06_093606_add_foreign_keys_to_customer_activations_table', 1),(95, '2020_04_06_093606_add_foreign_keys_to_customer_branches_table', 1),(96, '2020_04_06_093606_add_foreign_keys_to_customer_transactions_table', 1),(97, '2020_04_06_093606_add_foreign_keys_to_customers_table', 1),(98, '2020_04_06_093606_add_foreign_keys_to_deposits_table', 1),(99, '2020_04_06_093606_add_foreign_keys_to_email_templates_table', 1),(100, '2020_04_06_093606_add_foreign_keys_to_exchange_rates_table', 1),(101, '2020_04_06_093606_add_foreign_keys_to_expenses_table', 1),(102, '2020_04_06_093606_add_foreign_keys_to_item_custom_variants_table', 1),(103, '2020_04_06_093606_add_foreign_keys_to_items_table', 1),(104, '2020_04_06_093606_add_foreign_keys_to_leads_table', 1),(105, '2020_04_06_093606_add_foreign_keys_to_milestones_table', 1),(106, '2020_04_06_093606_add_foreign_keys_to_notes_table', 1),(107, '2020_04_06_093606_add_foreign_keys_to_permission_roles_table', 1),(108, '2020_04_06_093606_add_foreign_keys_to_project_members_table', 1),(109, '2020_04_06_093606_add_foreign_keys_to_project_settings_table', 1),(110, '2020_04_06_093606_add_foreign_keys_to_projects_table', 1),(111, '2020_04_06_093606_add_foreign_keys_to_purchase_order_details_table', 1),(112, '2020_04_06_093606_add_foreign_keys_to_purchase_orders_table', 1),(113, '2020_04_06_093606_add_foreign_keys_to_purchase_prices_table', 1),(114, '2020_04_06_093606_add_foreign_keys_to_purchase_taxes_table', 1),(115, '2020_04_06_093606_add_foreign_keys_to_received_order_details_table', 1),(116, '2020_04_06_093606_add_foreign_keys_to_received_orders_table', 1),(117, '2020_04_06_093606_add_foreign_keys_to_role_users_table', 1),(118, '2020_04_06_093606_add_foreign_keys_to_sale_order_details_table', 1),(119, '2020_04_06_093606_add_foreign_keys_to_sale_orders_table', 1),(120, '2020_04_06_093606_add_foreign_keys_to_sale_prices_table', 1),(121, '2020_04_06_093606_add_foreign_keys_to_sale_taxes_table', 1),(122, '2020_04_06_093606_add_foreign_keys_to_shipment_details_table', 1),(123, '2020_04_06_093606_add_foreign_keys_to_shipments_table', 1),(124, '2020_04_06_093606_add_foreign_keys_to_stock_adjustment_details_table', 1),(125, '2020_04_06_093606_add_foreign_keys_to_stock_adjustments_table', 1),(126, '2020_04_06_093606_add_foreign_keys_to_stock_categories_table', 1),(127, '2020_04_06_093606_add_foreign_keys_to_stock_moves_table', 1),(128, '2020_04_06_093606_add_foreign_keys_to_stock_transfers_table', 1),(129, '2020_04_06_093606_add_foreign_keys_to_supplier_transactions_table', 1),(130, '2020_04_06_093606_add_foreign_keys_to_suppliers_table', 1),(131, '2020_04_06_093606_add_foreign_keys_to_tag_assigns_table', 1),(132, '2020_04_06_093606_add_foreign_keys_to_task_assigns_table', 1),(133, '2020_04_06_093606_add_foreign_keys_to_task_comments_table', 1),(134, '2020_04_06_093606_add_foreign_keys_to_task_timers_table', 1),(135, '2020_04_06_093606_add_foreign_keys_to_tasks_table', 1),(136, '2020_04_06_093606_add_foreign_keys_to_ticket_replies_table', 1),(137, '2020_04_06_093606_add_foreign_keys_to_tickets_table', 1),(138, '2020_04_06_093606_add_foreign_keys_to_transactions_table', 1),(139, '2020_04_06_093606_add_foreign_keys_to_transfers_table', 1),(140, '2020_04_06_093606_add_foreign_keys_to_user_departments_table', 1),(141, '2020_04_06_093606_add_foreign_keys_to_users_table', 1),(142, '2020_08_13_061520_create_ip_addresses_table', 1),(143, '2021_06_17_131601_create_canned_messages_table', 1),(144, '2021_06_17_145137_create_canned_links_table', 1),(145, '2021_06_19_055035_create_groups_table', 1),(146, '2021_06_19_055555_create_knowledge_bases_table', 1),(147, '2021_06_29_054604_create_captcha_configurations_table', 1),(148, '2021_06_29_054929_create_currency_converter_configurations_table', 1),(149, '2021_07_06_044441_add_foreign_keys_to_knowledge_bases_table', 1);
UNLOCK TABLES;
COMMIT;
BEGIN;
LOCK TABLES `cka_crm`.`milestones` WRITE;
DELETE FROM `cka_crm`.`milestones`;
UNLOCK TABLES;
COMMIT;
BEGIN;
LOCK TABLES `cka_crm`.`months` WRITE;
DELETE FROM `cka_crm`.`months`;
INSERT INTO `cka_crm`.`months` (`id`,`name`) VALUES (4, 'Appril'),(8, 'August'),(12, 'December'),(2, 'February'),(1, 'January'),(7, 'July'),(6, 'June'),(3, 'March'),(5, 'May'),(11, 'November'),(10, 'October'),(9, 'September');
UNLOCK TABLES;
COMMIT;
BEGIN;
LOCK TABLES `cka_crm`.`notes` WRITE;
DELETE FROM `cka_crm`.`notes`;
UNLOCK TABLES;
COMMIT;
BEGIN;
LOCK TABLES `cka_crm`.`password_resets` WRITE;
DELETE FROM `cka_crm`.`password_resets`;
UNLOCK TABLES;
COMMIT;
BEGIN;
LOCK TABLES `cka_crm`.`payment_gateways` WRITE;
DELETE FROM `cka_crm`.`payment_gateways`;
INSERT INTO `cka_crm`.`payment_gateways` (`id`,`name`,`value`,`site`) VALUES (1, 'username', 'techvillage_business_api1.gmail.com', 'PayPal'),(2, 'password', '9DDYZX2JLA6QL668', 'PayPal'),(3, 'signature', 'AFcWxV21C7fd0v3bYYYRCpSSRl31ABayz5pdk84jno7.Udj6-U8ffwbT', 'PayPal'),(4, 'mode', 'sandcard', 'PayPal'),(6, 'bank_account_id', '1', 'PayPal'),(11, 'bank_account_id', '1', 'Bank');
UNLOCK TABLES;
COMMIT;
BEGIN;
LOCK TABLES `cka_crm`.`payment_methods` WRITE;
DELETE FROM `cka_crm`.`payment_methods`;
INSERT INTO `cka_crm`.`payment_methods` (`id`,`name`,`mode`,`client_id`,`consumer_key`,`consumer_secret`,`approve`,`is_default`,`is_active`) VALUES (1, 'Paypal', 'sandbox', 'AavnhZLU2Z3AKlVkdDCftpvOAWaH8acCzsBciHQz0Cif1aE-K0-BTmcean862hlYlnSeGwRvV6Dnjr6N', NULL, 'EC5gE_BS6oHlQUvCM9HW_KPPT8CW2tSsf4VbWj7hdKcGISfu2teTH3OmNpyoRslFUplOnDGwNKUQI7DA', NULL, 0, 1),(2, 'Bank', NULL, '1', NULL, NULL, 'manual', 1, 1),(3, 'Stripe', NULL, NULL, 'pk_test_F6LAUawJNJFrdtKWPOcV60VV00NGAE6hgK', 'sk_test_oJJYy5TYtZNxr4erRlxIUE0K00vMlXcl4E', NULL, 0, 1);
UNLOCK TABLES;
COMMIT;
BEGIN;
LOCK TABLES `cka_crm`.`payment_terms` WRITE;
DELETE FROM `cka_crm`.`payment_terms`;
INSERT INTO `cka_crm`.`payment_terms` (`id`,`name`,`days_before_due`,`is_default`) VALUES (1, 'Cash Payment', 0, 1),(2, 'Net 10', 10, 0),(3, 'Net 30', 30, 0);
UNLOCK TABLES;
COMMIT;
BEGIN;
LOCK TABLES `cka_crm`.`permission_roles` WRITE;
DELETE FROM `cka_crm`.`permission_roles`;
INSERT INTO `cka_crm`.`permission_roles` (`permission_id`,`role_id`) VALUES (2, 1),(3, 1),(4, 1),(5, 1),(6, 1),(7, 1),(8, 1),(9, 1),(10, 1),(11, 1),(12, 1),(13, 1),(15, 1),(16, 1),(17, 1),(18, 1),(19, 1),(19, 4),(20, 1),(20, 4),(21, 1),(21, 4),(22, 1),(22, 4),(23, 1),(24, 1),(25, 1),(26, 1),(27, 1),(28, 1),(29, 1),(30, 1),(31, 1),(32, 1),(33, 1),(34, 1),(35, 1),(36, 1),(37, 1),(38, 1),(39, 1),(40, 1),(41, 1),(42, 1),(43, 1),(44, 1),(45, 1),(46, 1),(47, 1),(48, 1),(50, 1),(50, 3),(51, 1),(51, 4),(52, 1),(52, 4),(53, 1),(54, 1),(55, 1),(56, 1),(57, 1),(58, 1),(59, 1),(60, 1),(61, 1),(62, 1),(63, 1),(64, 1),(65, 1),(66, 1),(67, 1),(68, 1),(69, 1),(70, 1),(71, 1),(72, 1),(73, 1),(74, 1),(75, 1),(76, 1),(77, 1),(78, 1),(79, 1),(80, 1),(81, 1),(82, 1),(83, 1),(84, 1),(85, 1),(86, 1),(87, 1),(88, 1),(89, 1),(90, 1),(91, 1),(92, 1),(93, 1),(94, 1),(95, 1),(96, 1),(97, 1),(98, 1),(99, 1),(100, 1),(101, 1),(102, 1),(104, 1),(107, 1),(108, 1),(111, 1),(112, 1),(113, 1),(114, 1),(115, 1),(116, 1),(117, 1),(118, 1),(119, 1),(120, 1),(121, 1),(122, 1),(122, 2),(123, 1),(123, 2),(124, 1),(124, 2),(125, 1),(125, 2),(126, 1),(126, 2),(127, 1),(127, 2),(128, 1),(128, 2),(129, 1),(129, 2),(130, 1),(131, 1),(132, 1),(133, 1),(134, 1),(135, 1),(136, 1),(137, 1),(141, 1),(142, 1),(143, 1),(144, 1),(145, 1),(146, 1),(146, 2),(147, 1),(147, 2),(151, 1),(151, 2),(152, 1),(152, 2),(153, 1),(153, 2),(154, 1),(154, 2),(155, 1),(155, 2),(158, 1),(168, 1),(169, 1),(169, 3),(170, 1),(170, 3),(171, 1),(171, 3),(172, 1),(172, 2),(173, 1),(174, 1),(174, 2),(175, 1),(176, 1),(177, 1),(178, 1),(179, 1),(179, 2),(180, 1),(180, 2),(191, 1),(192, 1),(193, 1),(194, 1),(195, 1),(196, 1),(197, 1),(198, 1),(199, 1),(200, 1),(201, 1),(202, 1),(203, 1),(204, 1),(205, 1),(211, 1),(212, 1),(213, 1),(214, 1),(215, 1),(215, 4),(216, 1),(217, 1),(218, 1),(219, 1),(220, 1),(221, 1),(222, 1),(223, 1),(224, 1),(225, 1),(228, 1),(229, 1),(230, 1),(231, 1),(232, 1),(233, 1),(234, 1),(235, 1),(236, 1),(237, 1),(238, 1),(239, 1),(240, 1),(241, 1),(242, 1),(243, 1),(244, 1),(245, 1),(246, 1),(247, 1),(248, 1),(249, 1),(250, 1),(251, 1),(252, 1),(253, 1),(254, 1),(255, 1);
UNLOCK TABLES;
COMMIT;
BEGIN;
LOCK TABLES `cka_crm`.`permissions` WRITE;
DELETE FROM `cka_crm`.`permissions`;
INSERT INTO `cka_crm`.`permissions` (`id`,`name`,`display_name`,`description`,`permission_group`,`created_at`,`updated_at`) VALUES (2, 'manage_customer', 'Manage Customers', 'Manage Customers', 'Customers', '0000-00-00 00:00:00', '0000-00-00 00:00:00'),(3, 'add_customer', 'Add Customer', 'Add Customer', 'Customers', '0000-00-00 00:00:00', '0000-00-00 00:00:00'),(4, 'edit_customer', 'Edit Customer', 'Edit Customer', 'Customers', '0000-00-00 00:00:00', '0000-00-00 00:00:00'),(5, 'delete_customer', 'Delete Customer', 'Delete Customer', 'Customers', '0000-00-00 00:00:00', '0000-00-00 00:00:00'),(6, 'manage_supplier', 'Manage Suppliers', 'Manage Suppliers', 'Suppliers', '0000-00-00 00:00:00', '0000-00-00 00:00:00'),(7, 'add_supplier', 'Add Supplier', 'Add Supplier', 'Suppliers', '0000-00-00 00:00:00', '0000-00-00 00:00:00'),(8, 'edit_supplier', 'Edit Supplier', 'Edit Supplier', 'Suppliers', '0000-00-00 00:00:00', '0000-00-00 00:00:00'),(9, 'delete_supplier', 'Delete Supplier', 'Delete Supplier', 'Suppliers', '0000-00-00 00:00:00', '0000-00-00 00:00:00'),(10, 'manage_item', 'Manage Items', 'Manage Items', 'Items', '0000-00-00 00:00:00', '0000-00-00 00:00:00'),(11, 'add_item', 'Add Item', 'Add Item', 'Items', '0000-00-00 00:00:00', '0000-00-00 00:00:00'),(12, 'edit_item', 'Edit Item', 'Edit Item', 'Items', '0000-00-00 00:00:00', '0000-00-00 00:00:00'),(13, 'delete_item', 'Delete Item', 'Delete Item', 'Items', '0000-00-00 00:00:00', '0000-00-00 00:00:00'),(15, 'manage_quotation', 'Manage Quotations', 'Manage Quotations', 'Quotations', '0000-00-00 00:00:00', '0000-00-00 00:00:00'),(16, 'add_quotation', 'Add Quotation', 'Add Quotation', 'Quotations', '0000-00-00 00:00:00', '0000-00-00 00:00:00'),(17, 'edit_quotation', 'Edit Quotation', 'Edit Quotation', 'Quotations', '0000-00-00 00:00:00', '0000-00-00 00:00:00'),(18, 'delete_quotation', 'Delete Quotation', 'Delete Quotation', 'Quotations', '0000-00-00 00:00:00', '0000-00-00 00:00:00'),(19, 'manage_invoice', 'Manage Invoices', 'Manage Invoices', 'Invoices', '0000-00-00 00:00:00', '0000-00-00 00:00:00'),(20, 'add_invoice', 'Add Invoice', 'Add Invoice', 'Invoices', '0000-00-00 00:00:00', '0000-00-00 00:00:00'),(21, 'edit_invoice', 'Edit Invoice', 'Edit Invoice', 'Invoices', '0000-00-00 00:00:00', '0000-00-00 00:00:00'),(22, 'delete_invoice', 'Delete Invoice', 'Delete Invoice', 'Invoices', '0000-00-00 00:00:00', '0000-00-00 00:00:00'),(23, 'manage_payment', 'Manage Payment', 'Manage Payment', 'Customer Payments', '0000-00-00 00:00:00', '0000-00-00 00:00:00'),(24, 'add_payment', 'Add Payment', 'Add Payment', 'Customer Payments', '0000-00-00 00:00:00', '0000-00-00 00:00:00'),(25, 'edit_payment', 'Edit Payment', 'Edit Payment', 'Customer Payments', '0000-00-00 00:00:00', '0000-00-00 00:00:00'),(26, 'delete_payment', 'Delete Payment', 'Delete Payment', 'Customer Payments', '0000-00-00 00:00:00', '0000-00-00 00:00:00'),(27, 'manage_purchase', 'Manage Purchase', 'Manage Purchase', 'Purchases', '0000-00-00 00:00:00', '0000-00-00 00:00:00'),(28, 'add_purchase', 'Add Purchase', 'Add Purchase', 'Purchases', '0000-00-00 00:00:00', '0000-00-00 00:00:00'),(29, 'edit_purchase', 'Edit Purchase', 'Edit Purchase', 'Purchases', '0000-00-00 00:00:00', '0000-00-00 00:00:00'),(30, 'delete_purchase', 'Delete Purchase', 'Delete Purchase', 'Purchases', '0000-00-00 00:00:00', '0000-00-00 00:00:00'),(31, 'manage_banking_transaction', 'Manage Banking & Transactions', 'Manage Banking & Transactions', 'Banking and Transactions', '0000-00-00 00:00:00', '0000-00-00 00:00:00'),(32, 'manage_bank_account', 'Manage Bank Accounts', 'Manage Bank Accounts', 'Bank Accounts', '0000-00-00 00:00:00', '0000-00-00 00:00:00'),(33, 'add_bank_account', 'Add Bank Account', 'Add Bank Account', 'Bank Accounts', '0000-00-00 00:00:00', '0000-00-00 00:00:00'),(34, 'edit_bank_account', 'Edit Bank Account', 'Edit Bank Account', 'Bank Accounts', '0000-00-00 00:00:00', '0000-00-00 00:00:00'),(35, 'delete_bank_account', 'Delete Bank Account', 'Delete Bank Account', 'Bank Accounts', '0000-00-00 00:00:00', '0000-00-00 00:00:00'),(36, 'manage_deposit', 'Manage Deposit', 'Manage Deposit', 'Bank Account Deposits', '0000-00-00 00:00:00', '0000-00-00 00:00:00'),(37, 'add_deposit', 'Add Deposit', 'Add Deposit', 'Bank Account Deposits', '0000-00-00 00:00:00', '0000-00-00 00:00:00'),(38, 'edit_deposit', 'Edit Deposit', 'Edit Deposit', 'Bank Account Deposits', '0000-00-00 00:00:00', '0000-00-00 00:00:00'),(39, 'delete_deposit', 'Delete Deposit', 'Delete Deposit', 'Bank Account Deposits', '0000-00-00 00:00:00', '0000-00-00 00:00:00'),(40, 'manage_balance_transfer', 'Manage Balance Transfer', 'Manage Balance Transfer', 'Bank Account Transfers', '0000-00-00 00:00:00', '0000-00-00 00:00:00'),(41, 'add_balance_transfer', 'Add Balance Transfer', 'Add Balance Transfer', 'Bank Account Transfers', '0000-00-00 00:00:00', '0000-00-00 00:00:00'),(42, 'edit_balance_transfer', 'Edit Balance Transfer', 'Edit Balance Transfer', 'Bank Account Transfers', '0000-00-00 00:00:00', '0000-00-00 00:00:00'),(43, 'delete_balance_transfer', 'Delete Balance Transfer', 'Delete Balance Transfer', 'Bank Account Transfers', '0000-00-00 00:00:00', '0000-00-00 00:00:00'),(44, 'manage_transaction', 'Manage Transactions', 'Manage Transactions', 'Transactions', '0000-00-00 00:00:00', '0000-00-00 00:00:00'),(45, 'manage_expense', 'Manage Expense', 'Manage Expense', 'Expenses', '0000-00-00 00:00:00', '0000-00-00 00:00:00'),(46, 'add_expense', 'Add Expense', 'Add Expense', 'Expenses', '0000-00-00 00:00:00', '0000-00-00 00:00:00'),(47, 'edit_expense', 'Edit Expense', 'Edit Expense', 'Expenses', '0000-00-00 00:00:00', '0000-00-00 00:00:00'),(48, 'delete_expense', 'Delete Expense', 'Delete Expense', 'Expenses', '0000-00-00 00:00:00', '0000-00-00 00:00:00'),(50, 'manage_stock_on_hand', 'Manage Inventory Stock On Hand', 'Manage Inventory Stock On Hand', 'Stock On Hand', '0000-00-00 00:00:00', '0000-00-00 00:00:00'),(51, 'manage_sale_report', 'Manage Sales Report', 'Manage Sales Report', 'Sale Reports', '0000-00-00 00:00:00', '0000-00-00 00:00:00'),(52, 'manage_sale_history_report', 'Manage Sales History Report', 'Manage Sales History Report', 'Sale History Reports', '0000-00-00 00:00:00', '0000-00-00 00:00:00'),(53, 'manage_purchase_report', 'Manage Purchase Report', 'Manage Purchase Report', 'Purchase Reports', '0000-00-00 00:00:00', '0000-00-00 00:00:00'),(54, 'manage_team_report', 'Manage Team Member Report', 'Manage Team Member Report', 'Team Reports', '0000-00-00 00:00:00', '0000-00-00 00:00:00'),(55, 'manage_expense_report', 'Manage Expense Report', 'Manage Expense Report', 'Expense Reports', '0000-00-00 00:00:00', '0000-00-00 00:00:00'),(56, 'manage_income_report', 'Manage Income Report', 'Manage Income Report', 'Income Reports', '0000-00-00 00:00:00', '0000-00-00 00:00:00'),(57, 'manage_income_vs_expense', 'Manage Income vs Expense', 'Manage Income vs Expense', 'Income vs Expense', '0000-00-00 00:00:00', '0000-00-00 00:00:00'),(58, 'manage_setting', 'Manage Settings', 'Manage Settings', 'Settings', '0000-00-00 00:00:00', '0000-00-00 00:00:00'),(59, 'manage_company_setting', 'Manage Company Setting', 'Manage Company Setting', 'Company Settings', '0000-00-00 00:00:00', '0000-00-00 00:00:00'),(60, 'manage_team_member', 'Manage Team Member', 'Manage Team Member', 'Team Members', '0000-00-00 00:00:00', '0000-00-00 00:00:00'),(61, 'add_team_member', 'Add Team Member', 'Add Team Member', 'Team Members', '0000-00-00 00:00:00', '0000-00-00 00:00:00'),(62, 'edit_team_member', 'Edit Team Member', 'Edit Team Member', 'Team Members', '0000-00-00 00:00:00', '0000-00-00 00:00:00'),(63, 'delete_team_member', 'Delete Team Member', 'Delete Team Member', 'Team Members', '0000-00-00 00:00:00', '0000-00-00 00:00:00'),(64, 'manage_role', 'Manage Roles', 'Manage Roles', 'Roles', '0000-00-00 00:00:00', '0000-00-00 00:00:00'),(65, 'add_role', 'Add Role', 'Add Role', 'Roles', '0000-00-00 00:00:00', '0000-00-00 00:00:00'),(66, 'edit_role', 'Edit Role', 'Edit Role', 'Roles', '0000-00-00 00:00:00', '0000-00-00 00:00:00'),(67, 'delete_role', 'Delete Role', 'Delete Role', 'Roles', '0000-00-00 00:00:00', '0000-00-00 00:00:00'),(68, 'manage_location', 'Manage Location', 'Manage Location', 'Locations', '0000-00-00 00:00:00', '0000-00-00 00:00:00'),(69, 'add_location', 'Add Location', 'Add Location', 'Locations', '0000-00-00 00:00:00', '0000-00-00 00:00:00'),(70, 'edit_location', 'Edit Location', 'Edit Location', 'Locations', '0000-00-00 00:00:00', '0000-00-00 00:00:00'),(71, 'delete_location', 'Delete Location', 'Delete Location', 'Locations', '0000-00-00 00:00:00', '0000-00-00 00:00:00'),(72, 'manage_general_setting', 'Manage General Settings', 'Manage General Settings', 'General Settings', '0000-00-00 00:00:00', '0000-00-00 00:00:00'),(73, 'manage_item_category', 'Manage Item Category', 'Manage Item Category', 'Item Categories', '0000-00-00 00:00:00', '0000-00-00 00:00:00'),(74, 'add_item_category', 'Add Item Category', 'Add Item Category', 'Item Categories', '0000-00-00 00:00:00', '0000-00-00 00:00:00'),(75, 'edit_item_category', 'Edit Item Category', 'Edit Item Category', 'Item Categories', '0000-00-00 00:00:00', '0000-00-00 00:00:00'),(76, 'delete_item_category', 'Delete Item Category', 'Delete Item Category', 'Item Categories', '0000-00-00 00:00:00', '0000-00-00 00:00:00'),(77, 'manage_income_expense_category', 'Manage Income Expense Category', 'Manage Income Expense Category', 'Income Expense Categories', '0000-00-00 00:00:00', '0000-00-00 00:00:00'),(78, 'add_income_expense_category', 'Add Income Expense Category', 'Add Income Expense Category', 'Income Expense Categories', '0000-00-00 00:00:00', '0000-00-00 00:00:00'),(79, 'edit_income_expense_category', 'Edit Income Expense Category', 'Edit Income Expense Category', 'Income Expense Categories', '0000-00-00 00:00:00', '0000-00-00 00:00:00'),(80, 'delete_income_expense_category', 'Delete Income Expense Category', 'Delete Income Expense Category', 'Income Expense Categories', '0000-00-00 00:00:00', '0000-00-00 00:00:00'),(81, 'manage_unit', 'Manage Unit', 'Manage Unit', 'Units', '0000-00-00 00:00:00', '0000-00-00 00:00:00'),(82, 'add_unit', 'Add Unit', 'Add Unit', 'Units', '0000-00-00 00:00:00', '0000-00-00 00:00:00'),(83, 'edit_unit', 'Edit Unit', 'Edit Unit', 'Units', '0000-00-00 00:00:00', '0000-00-00 00:00:00'),(84, 'delete_unit', 'Delete Unit', 'Delete Unit', 'Units', '0000-00-00 00:00:00', '0000-00-00 00:00:00'),(85, 'manage_db_backup', 'Manage Database Backup', 'Manage Database Backup', 'Database Backups', '0000-00-00 00:00:00', '0000-00-00 00:00:00'),(86, 'add_db_backup', 'Add Database Backup', 'Add Database Backup', 'Database Backups', '0000-00-00 00:00:00', '0000-00-00 00:00:00'),(87, 'delete_db_backup', 'Delete Database Backup', 'Delete Database Backup', 'Database Backups', '0000-00-00 00:00:00', '0000-00-00 00:00:00'),(88, 'manage_email_setup', 'Manage Email Setup', 'Manage Email Setup', 'Email Setup', '0000-00-00 00:00:00', '0000-00-00 00:00:00'),(89, 'manage_finance', 'Manage Finance', 'Manage Finance', 'Finances', '0000-00-00 00:00:00', '0000-00-00 00:00:00'),(90, 'manage_tax', 'Manage Taxs', 'Manage Taxs', 'Taxes', '0000-00-00 00:00:00', '0000-00-00 00:00:00'),(91, 'add_tax', 'Add Tax', 'Add Tax', 'Taxes', '0000-00-00 00:00:00', '0000-00-00 00:00:00'),(92, 'edit_tax', 'Edit Tax', 'Edit Tax', 'Taxes', '0000-00-00 00:00:00', '0000-00-00 00:00:00'),(93, 'delete_tax', 'Delete Tax', 'Delete Tax', 'Taxes', '0000-00-00 00:00:00', '0000-00-00 00:00:00'),(94, 'manage_currency', 'Manage Currency', 'Manage Currency', 'Currencies', '0000-00-00 00:00:00', '0000-00-00 00:00:00'),(95, 'add_currency', 'Add Currency', 'Add Currency', 'Currencies', '0000-00-00 00:00:00', '0000-00-00 00:00:00'),(96, 'edit_currency', 'Edit Currency', 'Edit Currency', 'Currencies', '0000-00-00 00:00:00', '0000-00-00 00:00:00'),(97, 'delete_currency', 'Delete Currency', 'Delete Currency', 'Currencies', '0000-00-00 00:00:00', '0000-00-00 00:00:00'),(98, 'manage_payment_term', 'Manage Payment Term', 'Manage Payment Term', 'Payment Terms', '0000-00-00 00:00:00', '0000-00-00 00:00:00'),(99, 'add_payment_term', 'Add Payment Term', 'Add Payment Term', 'Payment Terms', '0000-00-00 00:00:00', '0000-00-00 00:00:00'),(100, 'edit_payment_term', 'Edit Payment Term', 'Edit Payment Term', 'Payment Terms', '0000-00-00 00:00:00', '0000-00-00 00:00:00'),(101, 'delete_payment_term', 'Delete Payment Term', 'Delete Payment Term', 'Payment Terms', '0000-00-00 00:00:00', '0000-00-00 00:00:00'),(102, 'manage_payment_method', 'Manage Payment Method', 'Manage Payment Method', 'Payment Methods', '0000-00-00 00:00:00', '0000-00-00 00:00:00'),(104, 'edit_payment_method', 'Edit Payment Method', 'Edit Payment Method', 'Payment Methods', '0000-00-00 00:00:00', '0000-00-00 00:00:00'),(107, 'manage_email_template', 'Manage Email Template', 'Manage Email Template', 'Email Templates', '0000-00-00 00:00:00', '0000-00-00 00:00:00'),(108, 'manage_quotation_email_template', 'Manage Quotation Template', 'Manage Quotation Email Template', 'Quotation Email Templates', '0000-00-00 00:00:00', '0000-00-00 00:00:00'),(111, 'manage_preference', 'Manage Preference', 'Manage Preference', 'Preferences', '0000-00-00 00:00:00', '0000-00-00 00:00:00'),(112, 'manage_barcode', 'Manage barcode/label', 'Manage barcode/label', 'Barcode', '0000-00-00 00:00:00', '0000-00-00 00:00:00'),(113, 'edit_db_backup', 'Download Database Backup', 'Download Database Backup', 'Database Backups', '0000-00-00 00:00:00', '0000-00-00 00:00:00'),(114, 'manage_purch_payment', 'Manage Purchase Payment', 'Manage Purchase Payment', 'Purchase Payments', '0000-00-00 00:00:00', '0000-00-00 00:00:00'),(115, 'add_purch_payment', 'Add Purchase Payment', 'Add Purchase Payment', 'Purchase Payments', '0000-00-00 00:00:00', '0000-00-00 00:00:00'),(116, 'edit_purch_payment', 'Edit Purchase Payment', 'Edit Purchase Payment', 'Purchase Payments', '0000-00-00 00:00:00', '0000-00-00 00:00:00'),(117, 'delete_purch_payment', 'Delete Purchase Payment', 'Delete Purchase Payment', 'Purchase Payments', '0000-00-00 00:00:00', '0000-00-00 00:00:00'),(118, 'manage_ticket', 'Manage Ticket', 'Manage Ticket', 'Tickets', '0000-00-00 00:00:00', '0000-00-00 00:00:00'),(119, 'add_ticket', 'Add Ticket', 'Add Ticket', 'Tickets', '0000-00-00 00:00:00', '0000-00-00 00:00:00'),(120, 'edit_ticket', 'Edit Ticket', 'Edit Ticket', 'Tickets', '0000-00-00 00:00:00', '0000-00-00 00:00:00'),(121, 'delete_ticket', 'Delete Ticket', 'Delete Ticket', 'Tickets', '0000-00-00 00:00:00', '0000-00-00 00:00:00'),(122, 'manage_project', 'Manage Project', 'Manage Project', 'Projects', '0000-00-00 00:00:00', '0000-00-00 00:00:00'),(123, 'add_project', 'Add Project', 'Add Project', 'Projects', '0000-00-00 00:00:00', '0000-00-00 00:00:00'),(124, 'edit_project', 'Edit Project', 'Edit Project', 'Projects', '0000-00-00 00:00:00', '0000-00-00 00:00:00'),(125, 'delete_project', 'Delete Project', 'Delete Project', 'Projects', '0000-00-00 00:00:00', '0000-00-00 00:00:00'),(126, 'manage_task', 'Manage Task', 'Manage Task', 'Tasks', '0000-00-00 00:00:00', '0000-00-00 00:00:00'),(127, 'add_task', 'Add Task', 'Add Task', 'Tasks', '0000-00-00 00:00:00', '0000-00-00 00:00:00'),(128, 'edit_task', 'Edit Task', 'Edit Task', 'Tasks', '0000-00-00 00:00:00', '0000-00-00 00:00:00'),(129, 'delete_task', 'Delete Task', 'Delete Task', 'Tasks', '0000-00-00 00:00:00', '0000-00-00 00:00:00'),(130, 'manage_milestone', 'Manage Milestone', 'Manage Milestone', 'Milestones', '0000-00-00 00:00:00', '0000-00-00 00:00:00'),(131, 'add_milestone', 'Add Milestone', 'Add Milestone', 'Milestones', '0000-00-00 00:00:00', '0000-00-00 00:00:00'),(132, 'edit_milestone', 'Edit Milestone', 'Edit Milestone', 'Milestones', '0000-00-00 00:00:00', '0000-00-00 00:00:00'),(133, 'delete_milestone', 'Delete Milestone', 'Delete Milestone', 'Milestones', '0000-00-00 00:00:00', '0000-00-00 00:00:00'),(134, 'manage_department', 'Manage Department', 'Manage Department', 'Departments', '0000-00-00 00:00:00', '0000-00-00 00:00:00'),(135, 'add_department', 'Add Department', 'Add Department', 'Departments', '0000-00-00 00:00:00', '0000-00-00 00:00:00'),(136, 'edit_department', 'Edit Department', 'Edit Department', 'Departments', '0000-00-00 00:00:00', '0000-00-00 00:00:00'),(137, 'delete_department', 'Delete Department', 'Delete Department', 'Departments', '0000-00-00 00:00:00', '0000-00-00 00:00:00'),(140, 'manage_purch_receive', 'Manage Purchase Receive', 'Manage Purchase Receive', 'Purchase Receive', '0000-00-00 00:00:00', '0000-00-00 00:00:00'),(141, 'edit_purchase_receive', 'Edit Purchase Receive', 'Edit Purchase Receive', 'Purchase Receive', '0000-00-00 00:00:00', '0000-00-00 00:00:00'),(142, 'delete_purchase_receive', 'Delete Purchase Receive', 'Delete Purchase Receive', 'Purchase Receive', '0000-00-00 00:00:00', '0000-00-00 00:00:00'),(143, 'add_calendar_event', 'Add Calendar Event', 'Add Calendar Event', 'Calendar', '0000-00-00 00:00:00', '0000-00-00 00:00:00'),(144, 'edit_calendar_event', 'Edit Calendar Event', 'Edit Calendar Event', 'Calendar', '0000-00-00 00:00:00', '0000-00-00 00:00:00'),(145, 'delete_calendar_event', 'Delete Calendar Event', 'Delete Calendar Event', 'Calendar', '0000-00-00 00:00:00', '0000-00-00 00:00:00'),(146, 'edit_task_comment', 'Edit Task Comment', 'Edit Task Comment', 'Task Comments', '0000-00-00 00:00:00', '0000-00-00 00:00:00'),(147, 'delete_task_comment', 'Delete Task Comment', 'Delete Task Comment', 'Task Comments', '0000-00-00 00:00:00', '0000-00-00 00:00:00'),(151, 'add_task_assignee', 'Add Task Assignee', 'Add Task Assignee', 'Task Assignees', '0000-00-00 00:00:00', '0000-00-00 00:00:00'),(152, 'delete_task_assignee', 'Delete Task Assignee', 'Delete Task Assignee', 'Task Assignees', '0000-00-00 00:00:00', '0000-00-00 00:00:00'),(153, 'delete_project_file', 'Delete Project File', 'Delete Project File', 'Project Files', '0000-00-00 00:00:00', '0000-00-00 00:00:00'),(154, 'add_project_note', 'Add Project Note', 'Add Project Note', 'Project Notes', '0000-00-00 00:00:00', '0000-00-00 00:00:00'),(155, 'edit_project_note', 'Edit Project Note', 'Edit Project Note', 'Project Notes', '0000-00-00 00:00:00', '0000-00-00 00:00:00'),(158, 'manage_sms_setup', ' Manage SMS Setup', ' Manage SMS Setup', 'SMS Setup', '0000-00-00 00:00:00', '0000-00-00 00:00:00'),(159, 'own_quotation', 'View Own Quotations', 'View Own Quotations', 'Quotations', '0000-00-00 00:00:00', '0000-00-00 00:00:00'),(160, 'own_invoice', 'View Own Invoice', 'View Own Invoice', 'Invoices', '0000-00-00 00:00:00', '0000-00-00 00:00:00'),(161, 'own_payment', 'View Own Payment', 'View Own Payment', 'Customer Payments', '0000-00-00 00:00:00', '0000-00-00 00:00:00'),(162, 'own_purchase', 'View Own Purchase', 'View Own Purchase', 'Purchases', '0000-00-00 00:00:00', '0000-00-00 00:00:00'),(163, 'own_deposit', 'View Own Deposit', 'View Own Deposit', 'Bank Account Deposits', '0000-00-00 00:00:00', '0000-00-00 00:00:00'),(164, 'own_balance_transfer', 'View Own Balance Transfer', 'View Own Balance Transfer', 'Bank Account Transfers', '0000-00-00 00:00:00', '0000-00-00 00:00:00'),(165, 'own_transaction', 'View Own Transactions', 'View Own Transactions', 'Transactions', '0000-00-00 00:00:00', '0000-00-00 00:00:00'),(166, 'own_expense', 'View Own Expense', 'View Own Expense', 'Expenses', '0000-00-00 00:00:00', '0000-00-00 00:00:00'),(167, 'own_purchase_payment', 'View Own Purchase Payment', 'View Own Purchase Payment', 'Purchase Payments', '0000-00-00 00:00:00', '0000-00-00 00:00:00'),(168, 'own_purchase_receive', 'View Own Purchase Receive', 'View Own Purchase Receive', 'Purchase Receives', '0000-00-00 00:00:00', '0000-00-00 00:00:00'),(169, 'delete_stock_transfer', 'Delete Stock Transfer', 'Delete Stock Transfer', 'Stock Transfers', '0000-00-00 00:00:00', '0000-00-00 00:00:00'),(170, 'edit_stock_adjustment', 'Edit Stock Adjustment', 'Edit Stock Adjustment', 'Stock Adjustments', '0000-00-00 00:00:00', '0000-00-00 00:00:00'),(171, 'delete_stock_adjustment', 'Delete Stock Adjustment', 'Delete Stock Adjustment', 'Stock Adjustments', '0000-00-00 00:00:00', '0000-00-00 00:00:00'),(172, 'own_task', 'View Own Task', 'View Own Task', 'Tasks', '0000-00-00 00:00:00', '0000-00-00 00:00:00'),(173, 'own_ticket', 'View Own Ticket', 'View Own Ticket', 'Tickets', '0000-00-00 00:00:00', '0000-00-00 00:00:00'),(174, 'own_project', 'View Own Project', 'View Own Project', 'Projects', '0000-00-00 00:00:00', '0000-00-00 00:00:00'),(175, 'manage_language', 'Manage Languages', 'Manage Languages', 'Languages', '0000-00-00 00:00:00', '0000-00-00 00:00:00'),(176, 'add_language', 'Add Language', 'Add Language', 'Languages', '0000-00-00 00:00:00', '0000-00-00 00:00:00'),(177, 'delete_language', 'Delete Languages', 'Delete Languages', 'Languages', '0000-00-00 00:00:00', '0000-00-00 00:00:00'),(178, 'edit_language', 'Edit Language', 'Edit Language', 'Languages', '0000-00-00 00:00:00', '0000-00-00 00:00:00'),(179, 'add_task_timer', 'Add Task Timer', 'Add Task Timer', 'Task Timers', '0000-00-00 00:00:00', '0000-00-00 00:00:00'),(180, 'delete_task_timer', 'Delete Task Timer', 'Delete Task Timer', 'Task Timers', '0000-00-00 00:00:00', '0000-00-00 00:00:00'),(191, 'add_customer_note', 'Add Customer Note', 'Add Customer Note', 'Customer Notes', '0000-00-00 00:00:00', '0000-00-00 00:00:00'),(192, 'edit_customer_note', 'Edit Customer Note', 'Edit Customer Note', 'Customer Notes', '0000-00-00 00:00:00', '0000-00-00 00:00:00'),(193, 'delete_customer_note', 'Delete Customer Note', 'Delete Customer Note', 'Customer Notes', '0000-00-00 00:00:00', '0000-00-00 00:00:00'),(194, 'manage_lead_status', 'Manage Lead Status', 'Manage Lead Status', 'Lead Statuses', '0000-00-00 00:00:00', '0000-00-00 00:00:00'),(195, 'add_lead_status', 'Add Lead Status', 'Add Lead Status', 'Lead Statuses', '0000-00-00 00:00:00', '0000-00-00 00:00:00'),(196, 'edit_lead_status', 'Edit Lead Status', 'Edit Lead Status', 'Lead Statuses', '0000-00-00 00:00:00', '0000-00-00 00:00:00'),(197, 'delete_lead_status', 'Delete Lead Status', 'Delete Lead Status', 'Lead Statuses', '0000-00-00 00:00:00', '0000-00-00 00:00:00'),(198, 'manage_lead_source', 'Manage Lead Source', 'Manage Lead Source', 'Lead Sources', '0000-00-00 00:00:00', '0000-00-00 00:00:00'),(199, 'add_lead_source', 'Add Lead Source', 'Add Lead Source', 'Lead Sources', '0000-00-00 00:00:00', '0000-00-00 00:00:00'),(200, 'edit_lead_source', 'Edit Lead Source', 'Edit Lead Source', 'Lead Sources', '0000-00-00 00:00:00', '0000-00-00 00:00:00'),(201, 'delete_lead_source', 'Delete Lead Source', 'Delete Lead Source', 'Lead Sources', '0000-00-00 00:00:00', '0000-00-00 00:00:00'),(202, 'manage_lead', 'Manage Lead', 'Manage Lead', 'Leads', '0000-00-00 00:00:00', '0000-00-00 00:00:00'),(203, 'add_lead', 'Add Lead', 'Add Lead', 'Leads', '0000-00-00 00:00:00', '0000-00-00 00:00:00'),(204, 'edit_lead', 'Edit Lead', 'Edit Lead', 'Leads', '0000-00-00 00:00:00', '0000-00-00 00:00:00'),(205, 'delete_lead', 'Delete Lead', 'Delete Lead', 'Leads', '0000-00-00 00:00:00', '0000-00-00 00:00:00'),(211, 'manage_account_type', 'Manage Account Type', 'Manage Account Type', 'Bank Account Types', '0000-00-00 00:00:00', '0000-00-00 00:00:00'),(212, 'add_account_type', 'Add Account Type', 'Add Account Type ', 'Bank Account Types', '0000-00-00 00:00:00', '0000-00-00 00:00:00'),(213, 'edit_account_type', 'Edit Account Type', 'Edit Account Type', 'Bank Account Types', '0000-00-00 00:00:00', '0000-00-00 00:00:00'),(214, 'delete_account_type', 'Delete Account Type', 'Delete Account Type', 'Bank Account Types', '0000-00-00 00:00:00', '0000-00-00 00:00:00'),(215, 'manage_pos', 'Manage POs', 'Manage Point of Sale', 'POS', '0000-00-00 00:00:00', '0000-00-00 00:00:00'),(216, 'manage_url_shortner', 'URL Shortner', 'Manage url shortner', 'URL Shortner', '0000-00-00 00:00:00', '0000-00-00 00:00:00'),(217, 'manage_sms_template', 'Manage SMS Template', 'manage sms template', 'SMS Templates', '0000-00-00 00:00:00', '0000-00-00 00:00:00'),(218, 'edit_ticket_reply', 'Edit Ticket Reply', 'Edit Ticket Reply', 'Ticket Reply', '0000-00-00 00:00:00', '0000-00-00 00:00:00'),(219, 'manage_calendar', 'Manage Calendar', 'Manage Calendar', 'Calendar', '0000-00-00 00:00:00', '0000-00-00 00:00:00'),(220, 'edit_url_shortner', 'Edit URL Shortner', 'Edit URL Shortner', 'URL Shortner', '0000-00-00 00:00:00', '0000-00-00 00:00:00'),(221, 'manage_stock_transfer', 'Manage Stock Transfer', 'Manage Stock Transfer', 'Stock Transfers', '0000-00-00 00:00:00', '0000-00-00 00:00:00'),(222, 'add_stock_transfer', 'Add Stock Transfer', 'Add Stock Transfer', 'Stock Transfers', '0000-00-00 00:00:00', '0000-00-00 00:00:00'),(223, 'edit_stock_transfer', 'Edit Stock Transfer', 'Edit Stock Transfer', 'Stock Transfers', '0000-00-00 00:00:00', '0000-00-00 00:00:00'),(224, 'manage_stock_adjustment', 'Manage Stock Adjustment', 'Manage Stock Adjustment', 'Stock Adjustments', '0000-00-00 00:00:00', '0000-00-00 00:00:00'),(225, 'add_stock_adjustment', 'Add Stock Adjustment', 'Add Stock Adjustment', 'Stock Adjustments', '0000-00-00 00:00:00', '0000-00-00 00:00:00'),(228, 'manage_ticket_reply', 'Manage Ticket Reply', 'Manage Ticket Reply', 'Ticket Reply', '0000-00-00 00:00:00', '0000-00-00 00:00:00'),(229, 'own_stock_transfer', 'View Own Stock Transfer', 'View Own Stock Transfer', 'Stock Transfers', '0000-00-00 00:00:00', '0000-00-00 00:00:00'),(230, 'own_stock_adjustment', 'View Own Stock Adjustment', 'View Own Stock Adjustment', 'Stock Adjustments', '0000-00-00 00:00:00', '0000-00-00 00:00:00'),(231, 'delete_project_note', 'Delete Project Note', 'Delete Project Note', 'Project Notes', '0000-00-00 00:00:00', '0000-00-00 00:00:00'),(232, 'manage_theme_preference', 'Manage Theme Preference', 'Manage Theme Preference', 'Theme Preference', '0000-00-00 00:00:00', '0000-00-00 00:00:00'),(233, 'manage_timesheet', 'Manage Timesheet', 'Manage Timesheet', 'Timesheets', '0000-00-00 00:00:00', '0000-00-00 00:00:00'),(234, 'add_timesheet', 'Add Timesheet', 'Add Timesheet', 'Timesheets', '0000-00-00 00:00:00', '0000-00-00 00:00:00'),(235, 'edit_timesheet', 'Edit Timesheet', 'Edit Timesheet', 'Timesheets', '0000-00-00 00:00:00', '0000-00-00 00:00:00'),(236, 'delete_timesheet', 'Delete Timesheet', 'Delete Timesheet', 'Timesheets', '0000-00-00 00:00:00', '0000-00-00 00:00:00'),(237, 'own_timesheet', 'View Own Timesheet', 'View Own Timesheet', 'Timesheets', '0000-00-00 00:00:00', '0000-00-00 00:00:00'),(238, 'manage_captcha_setup', 'Manage Captcha Setup', 'Manage Captcha Setup', 'Captcha Setup', '2021-06-01 15:16:42', '2021-06-09 15:16:42'),(239, 'manage_currency_converter_setup', 'Manage Currency Converter Setup', 'Manage Currency Converter Setup', 'Currency Converter Setup', '2021-06-01 15:16:42', '2021-06-09 15:16:42'),(240, 'manage_canned_message', 'Manage Canned Message', 'Manage Canned Message', 'Canned Messages', '2021-06-05 16:10:21', NULL),(241, 'add_canned_message', 'Add Canned Message', 'Add Canned Message', 'Canned Messages', '2021-06-05 16:10:21', NULL),(242, 'edit_canned_message', 'Edit Canned Message', 'Edit Canned Message', 'Canned Messages', '2021-06-05 16:10:21', NULL),(243, 'delete_canned_message', 'Delete Canned Message', 'Delete Canned Message', 'Canned Messages', '2021-06-05 16:10:21', NULL),(244, 'manage_canned_link', 'Manage Canned Link', 'Manage Canned Link', 'Canned Links', '2021-06-05 16:10:21', NULL),(245, 'add_canned_link', 'Add Canned Link', 'Add Canned Link', 'Canned Links', '2021-06-05 16:10:21', NULL),(246, 'edit_canned_link', 'Edit Canned Link', 'Edit Canned Link', 'Canned Links', '2021-06-05 16:10:21', NULL),(247, 'delete_canned_link', 'Delete Canned Link', 'Delete Canned Link', 'Canned Links', '2021-06-05 16:10:21', NULL),(248, 'manage_group', 'Manage Group', 'Manage Group', 'Groups', '2021-06-05 16:10:21', NULL),(249, 'add_group', 'Add Group', 'Add Group', 'Groups', '2021-06-05 16:10:21', NULL),(250, 'edit_group', 'Edit Group', 'Edit Group', 'Groups', '2021-06-05 16:10:21', NULL),(251, 'delete_group', 'Delete Group', 'Delete Group', 'Groups', '2021-06-05 16:10:21', NULL),(252, 'manage_knowledge_base', 'Manage Knowledge Base', 'Manage Knowledge Base', 'Knowledge Base', '2021-06-05 16:10:21', NULL),(253, 'add_knowledge_base', 'Add Knowledge Base', 'Add Knowledge Base', 'Knowledge Base', '2021-06-05 16:10:21', NULL),(254, 'edit_knowledge_base', 'Edit Knowledge Base', 'Edit Knowledge Base', 'Knowledge Base', '2021-06-05 16:10:21', NULL),(255, 'delete_knowledge_base', 'Delete Knowledge Base', 'Delete Knowledge Base', 'Knowledge Base', '2021-06-05 16:10:21', NULL);
UNLOCK TABLES;
COMMIT;
BEGIN;
LOCK TABLES `cka_crm`.`preferences` WRITE;
DELETE FROM `cka_crm`.`preferences`;
INSERT INTO `cka_crm`.`preferences` (`id`,`category`,`field`,`value`) VALUES (1, 'preference', 'row_per_page', '25'),(2, 'preference', 'date_format', '3'),(3, 'preference', 'date_sepa', '-'),(4, 'preference', 'soft_name', 'goBilling'),(5, 'company', 'site_short_name', '1T'),(6, 'preference', 'percentage', '0'),(7, 'preference', 'quantity', '0'),(8, 'preference', 'date_format_type', 'dd-M-yyyy'),(9, 'company', 'company_name', 'ckaCRM'),(10, 'company', 'company_email', 'admin@techvill.net'),(11, 'company', 'company_phone', '+12013828901'),(12, 'company', 'company_street', 'City Hall Park Path'),(13, 'company', 'company_city', 'New york'),(14, 'company', 'company_state', 'New york'),(15, 'company', 'company_zip_code', ''),(17, 'company', 'dflt_lang', 'en'),(18, 'company', 'dflt_currency_id', '3'),(19, 'company', 'sates_type_id', '1'),(21, 'company', 'company_gstin', '15'),(22, 'gl_account', 'supplier_debit_gl_acc', '4'),(23, 'gl_account', 'supplier_credit_gl_acc', '4'),(24, 'gl_account', 'customer_debit_gl_acc', '4'),(25, 'gl_account', 'customer_credit_gl_acc', '4'),(26, 'gl_account', 'user_transaction_debit_gl_acc', '4'),(27, 'gl_account', 'user_transaction_credit_gl_acc', '4'),(28, 'gl_account', 'bank_charge_gl_acc', '3'),(29, 'preference', 'default_timezone', 'Asia/Dhaka'),(39, 'company', 'company_country', '2'),(40, 'company', 'pic', '18a05b02131187c59cfa129159845d9f_1_2531033-1366x768-[desktopnexus.jpg'),(43, 'company', 'icon', 'fav.1575289980.ico'),(44, 'preference', 'thousand_separator', ','),(45, 'preference', 'decimal_digits', '3'),(46, 'preference', 'symbol_position', 'after'),(47, 'company', 'company_icon', '2ab717068febd8df9eaa02836da58b4c_1_faviconico.ico'),(48, 'company', 'company_logo', '0f5af83d90766696bc8aa3e0af2a233e_1_rover_logo_transparent1png.png'),(49, 'preference', 'pdf', 'mPdf'),(50, 'preference', 'exchange_rate_decimal_digits', '4'),(51, 'preference', 'file_size', '10'),(52, 'preference', 'captcha', 'disable'),(53, 'preference', 'facebook_comments', 'disable');
UNLOCK TABLES;
COMMIT;
BEGIN;
LOCK TABLES `cka_crm`.`priorities` WRITE;
DELETE FROM `cka_crm`.`priorities`;
INSERT INTO `cka_crm`.`priorities` (`id`,`name`) VALUES (3, 'High'),(1, 'Low'),(2, 'Medium');
UNLOCK TABLES;
COMMIT;
BEGIN;
LOCK TABLES `cka_crm`.`project_members` WRITE;
DELETE FROM `cka_crm`.`project_members`;
INSERT INTO `cka_crm`.`project_members` (`id`,`project_id`,`user_id`) VALUES (1, 1, 1),(2, 1, 2),(3, 1, 3),(4, 1, 5),(5, 2, 2),(6, 2, 4),(7, 2, 5),(8, 3, 2),(9, 3, 5),(10, 4, 2),(11, 4, 4),(12, 5, 3),(13, 5, 4),(14, 3, 1);
UNLOCK TABLES;
COMMIT;
BEGIN;
LOCK TABLES `cka_crm`.`project_settings` WRITE;
DELETE FROM `cka_crm`.`project_settings`;
UNLOCK TABLES;
COMMIT;
BEGIN;
LOCK TABLES `cka_crm`.`project_statuses` WRITE;
DELETE FROM `cka_crm`.`project_statuses`;
INSERT INTO `cka_crm`.`project_statuses` (`id`,`name`) VALUES (6, 'Archive'),(4, 'Cancelled'),(5, 'Finished'),(2, 'In Progress'),(1, 'Not Started'),(3, 'On Hold');
UNLOCK TABLES;
COMMIT;
BEGIN;
LOCK TABLES `cka_crm`.`projects` WRITE;
DELETE FROM `cka_crm`.`projects`;
INSERT INTO `cka_crm`.`projects` (`id`,`name`,`detail`,`project_type`,`customer_id`,`user_id`,`project_status_id`,`charge_type`,`begin_date`,`due_date`,`improvement`,`improvement_from_task`,`completed_date`,`cost`,`per_hour_project_scale`,`estimated_hours`,`created_at`) VALUES (1, 'CRM-Expert', '<p><i>Project</i> Description is a<strong> formally written declaration of the </strong><i><strong>project</strong></i><strong> </strong>and its idea and context to explain the goals and objectives to be reached, the business need and problem to be addressed, potentials pitfalls and challenges, approaches and<strong> execution methods, resource estimates, people and organizations involved</strong>.</p>', 'product', NULL, 1, 2, 1, '2021-09-10', NULL, 85, 1, NULL, 129.00000000, NULL, 50.00, '2020-04-13 20:23:24'),(2, 'Pay-Money', '<p><i>Project</i> Description is a formally written declaration of the <i>project</i> and its idea and context to explain the goals and objectives to be reached, the business need and<strong> problem to be addressed, potentials pitfalls and challenges, approaches and execution methods, resource estimates, people and organizations involved</strong></p>', 'product', NULL, 1, 3, 1, '2021-09-10', '2020-10-31', 98, 1, NULL, 158.00000000, NULL, 350.00, '2020-04-13 20:26:53'),(3, 'vRent', '<p><i>Project</i> Description is a formally written declaration of the <i>project</i> and its idea and context to explain the goals and objectives to be reached, the business need and problem to be addressed, potentials pitfalls and challenges, approaches and execution methods, resource estimates, people and organizations involved</p>', 'product', NULL, 1, 5, 1, '2021-09-10', '2021-09-15', 98, 1, NULL, 90.00000000, NULL, 320.00, '2020-04-13 20:30:10'),(4, 'Inventory with POS', '<p><i>Project</i> Description is a formally written declaration of the <i>project</i> and its idea and context to explain the goals and objectives to be reached, the business need and problem to be addressed, potentials pitfalls and challenges, approaches and execution methods, resource estimates, people and organizations involved</p>', 'in_house', NULL, 1, 1, 2, '2021-09-10', '2021-09-14', 7, 1, NULL, NULL, 5.00000000, 600.00, '2020-04-13 20:31:41'),(5, 'BillMaster', '<p><i>Project</i> Description is a formally written declaration of the <i>project</i> and its idea and context to explain the goals and objectives to be reached, the business need and problem to be addressed, potentials pitfalls and challenges, approaches and execution methods, resource estimates, people and organizations involved.</p>', 'customer', 2, 1, 2, 2, '2021-09-10', '2021-09-16', 90, 1, NULL, NULL, 30.00000000, 600.00, '2020-04-13 20:34:20');
UNLOCK TABLES;
COMMIT;
BEGIN;
LOCK TABLES `cka_crm`.`purchase_order_details` WRITE;
DELETE FROM `cka_crm`.`purchase_order_details`;
INSERT INTO `cka_crm`.`purchase_order_details` (`id`,`purchase_order_id`,`item_id`,`description`,`item_name`,`discount`,`discount_type`,`hsn`,`sorting_no`,`discount_amount`,`unit_price`,`quantity_ordered`,`quantity_received`) VALUES (1, 1, 2, NULL, 'iPhone 11 pro', 2.00000000, '%', '', 1, 59.94000000, 999.00000000, 3.00000000, 3.00000000),(2, 1, 5, NULL, 'Huawei P30 Pro', 3.00000000, '%', '', 2, 32.76000000, 546.00000000, 2.00000000, 2.00000000),(3, 1, 12, NULL, 'Oats', 5.00000000, '%', '', 3, 1.20000000, 4.00000000, 6.00000000, 6.00000000),(4, 2, 9, NULL, 'Blender', 0.00000000, '%', '', 1, 0.00000000, 70.00000000, 2.00000000, 2.00000000),(5, 2, 6, NULL, 'Apple Watch Series 4', 0.00000000, '%', '', 2, 0.00000000, 910.00000000, 4.00000000, 3.00000000),(6, 3, 8, NULL, 'Havit Alarm Clock Wireless Speaker', 0.00000000, '%', '', 1, 0.00000000, 46.20000000, 10.00000000, 10.00000000),(7, 3, 4, 'The phone comes with a 6.10-inch touchscreen display and an aspect ratio of 19:9. Samsung Galaxy S10 is powered by a 1.9GHz octa-core Samsung Exynos 9820 processor. It comes with 8GB of RAM.', 'Samsung Galaxy S10', 0.00000000, '%', '', 2, 0.00000000, 1234.20000000, 5.00000000, 5.00000000),(8, 4, 13, NULL, 'Corn Flakes', 0.00000000, '%', '', 1, 0.00000000, 5.20000000, 5.00000000, 0.00000000),(9, 4, 12, NULL, 'Oats', 0.00000000, '%', '', 2, 0.00000000, 9.20000000, 4.00000000, 0.00000000),(10, 5, 3, NULL, 'iPhone 11', 0.00000000, '%', '', 1, 0.00000000, 556.00000000, 1.00000000, 0.00000000),(11, 5, 6, NULL, 'Apple Watch Series 4', 0.00000000, '%', '', 2, 0.00000000, 520.00000000, 2.00000000, 0.00000000),(12, 5, 8, NULL, 'Havit Alarm Clock Wireless Speaker', 0.00000000, '%', '', 3, 0.00000000, 22.40000000, 3.00000000, 0.00000000),(13, 6, 4, 'The phone comes with a 6.10-inch touchscreen display and an aspect ratio of 19:9. Samsung Galaxy S10 is powered by a 1.9GHz octa-core Samsung Exynos 9820 processor. It comes with 8GB of RAM.', 'Samsung Galaxy S10', 10.00000000, '%', '', 1, 733.04000000, 1047.20000000, 7.00000000, 7.00000000),(14, 6, 6, NULL, 'Apple Watch Series 4', 20.00000000, '%', '', 2, 1638.00000000, 910.00000000, 9.00000000, 9.00000000),(15, 7, 4, 'The phone comes with a 6.10-inch touchscreen display and an aspect ratio of 19:9. Samsung Galaxy S10 is powered by a 1.9GHz octa-core Samsung Exynos 9820 processor. It comes with 8GB of RAM.', 'Samsung Galaxy S10', 10.00000000, '%', '', 1, 733.04000000, 1047.20000000, 7.00000000, 0.00000000),(16, 7, 6, NULL, 'Apple Watch Series 4', 20.00000000, '%', '', 2, 1638.00000000, 910.00000000, 9.00000000, 0.00000000),(17, 8, 5, NULL, 'Huawei P30 Pro', 10.00000000, '%', '', 1, 273.00000000, 546.00000000, 5.00000000, 3.00000000),(18, 9, 3, NULL, 'iPhone 11', 0.00000000, '%', '', 1, 0.00000000, 695.00000000, 3.00000000, 3.00000000),(19, 9, 2, NULL, 'iPhone 11 pro', 0.00000000, '%', '', 2, 0.00000000, 999.00000000, 2.00000000, 2.00000000),(20, 9, 4, 'The phone comes with a 6.10-inch touchscreen display and an aspect ratio of 19:9. Samsung Galaxy S10 is powered by a 1.9GHz octa-core Samsung Exynos 9820 processor. It comes with 8GB of RAM.', 'Samsung Galaxy S10', 0.00000000, '%', '', 3, 0.00000000, 748.00000000, 1.00000000, 1.00000000),(27, 12, 9, NULL, 'Blender', 0.00000000, '%', '', 1, 0.00000000, 1500.50000000, 4.00000000, 4.00000000),(28, 12, 13, NULL, 'Corn Flakes', 0.00000000, '%', '', 2, 0.00000000, 2500.04000000, 3.00000000, 3.00000000),(29, 12, 12, NULL, 'Oats', 0.00000000, '%', '', 3, 0.00000000, 1500.04000000, 2.00000000, 2.00000000),(30, 13, 8, NULL, 'Havit Alarm Clock Wireless Speaker', 0.00000000, '%', '', 1, 0.00000000, 46.20000000, 11.00000000, 11.00000000),(31, 13, 4, 'The phone comes with a 6.10-inch touchscreen display and an aspect ratio of 19:9. Samsung Galaxy S10 is powered by a 1.9GHz octa-core Samsung Exynos 9820 processor. It comes with 8GB of RAM.', 'Samsung Galaxy S10', 0.00000000, '%', '', 2, 0.00000000, 1234.20000000, 5.00000000, 5.00000000),(32, 13, 5, NULL, 'Huawei P30 Pro', 0.00000000, '%', '', 3, 0.00000000, 900.90000000, 7.00000000, 7.00000000),(33, 14, 9, NULL, 'Blender', 0.00000000, '%', '', 1, 0.00000000, 1500.50000000, 4.00000000, 4.00000000),(34, 14, 13, NULL, 'Corn Flakes', 0.00000000, '%', '', 2, 0.00000000, 2500.04000000, 3.00000000, 3.00000000),(35, 14, 12, NULL, 'Oats', 0.00000000, '%', '', 3, 0.00000000, 1500.04000000, 2.00000000, 2.00000000),(36, 14, 8, NULL, 'Havit Alarm Clock Wireless Speaker', 0.00000000, '%', '', 4, 0.00000000, 9.28000000, 16.00000000, 16.00000000),(46, 22, 9, NULL, 'Blender', 0.00000000, '%', '', 1, 0.00000000, 50.00000000, 20.00000000, 20.00000000),(47, 22, 8, NULL, 'Havit Alarm Clock Wireless Speaker', 0.00000000, '%', '', 2, 0.00000000, 28.00000000, 10.00000000, 10.00000000),(48, 23, 4, 'The phone comes with a 6.10-inch touchscreen display and an aspect ratio of 19:9. Samsung Galaxy S10 is powered by a 1.9GHz octa-core Samsung Exynos 9820 processor. It comes with 8GB of RAM.', 'Samsung Galaxy S10', 0.00000000, '%', '', 1, 0.00000000, 748.00000000, 12.00000000, 12.00000000),(49, 23, 6, NULL, 'Apple Watch Series 4', 0.00000000, '%', '', 2, 0.00000000, 650.00000000, 15.00000000, 15.00000000),(50, 24, 13, NULL, 'Corn Flakes', 0.00000000, '%', '', 1, 0.00000000, 4.00000000, 100.00000000, 100.00000000),(51, 24, 12, NULL, 'Oats', 0.00000000, '%', '', 2, 0.00000000, 4.00000000, 30.00000000, 30.00000000),(52, 25, 2, NULL, 'iPhone 11 pro', 0.00000000, '%', '', 1, 0.00000000, 999.00000000, 80.00000000, 80.00000000),(53, 26, 3, NULL, 'iPhone 11', 0.00000000, '%', '', 1, 0.00000000, 695.00000000, 10.00000000, 10.00000000),(54, 26, 8, NULL, 'Havit Alarm Clock Wireless Speaker', 0.00000000, '%', '', 2, 0.00000000, 28.00000000, 55.00000000, 55.00000000),(55, 27, 5, NULL, 'Huawei P30 Pro', 0.00000000, '%', '', 1, 0.00000000, 546.00000000, 16.00000000, 16.00000000),(56, 28, 6, NULL, 'Apple Watch Series 4', 0.00000000, '%', '', 1, 0.00000000, 650.00000000, 10.00000000, 10.00000000),(57, 28, 2, NULL, 'iPhone 11 pro', 0.00000000, '%', '', 2, 0.00000000, 999.00000000, 15.00000000, 15.00000000),(58, 29, 5, NULL, 'Huawei P30 Pro', 0.00000000, '%', '', 1, 0.00000000, 546.00000000, 10.00000000, 10.00000000),(59, 29, 9, NULL, 'Blender', 0.00000000, '%', '', 2, 0.00000000, 50.00000000, 10.00000000, 10.00000000),(60, 30, 6, NULL, 'Apple Watch Series 4', 0.00000000, '%', '', 1, 0.00000000, 650.00000000, 13.00000000, 13.00000000),(61, 30, 2, NULL, 'iPhone 11 pro', 0.00000000, '%', '', 2, 0.00000000, 999.00000000, 15.00000000, 15.00000000),(62, 31, 5, NULL, 'Huawei P30 Pro', 0.00000000, '%', '', 1, 0.00000000, 546.00000000, 15.00000000, 15.00000000),(63, 31, 8, NULL, 'Havit Alarm Clock Wireless Speaker', 0.00000000, '%', '', 2, 0.00000000, 28.00000000, 80.00000000, 80.00000000),(64, 32, 4, 'The phone comes with a 6.10-inch touchscreen display and an aspect ratio of 19:9. Samsung Galaxy S10 is powered by a 1.9GHz octa-core Samsung Exynos 9820 processor. It comes with 8GB of RAM.', 'Samsung Galaxy S10', 0.00000000, '%', '', 1, 0.00000000, 748.00000000, 15.00000000, 15.00000000),(65, 32, 6, NULL, 'Apple Watch Series 4', 0.00000000, '%', '', 2, 0.00000000, 650.00000000, 1.00000000, 1.00000000);
UNLOCK TABLES;
COMMIT;
BEGIN;
LOCK TABLES `cka_crm`.`purchase_orders` WRITE;
DELETE FROM `cka_crm`.`purchase_orders`;
INSERT INTO `cka_crm`.`purchase_orders` (`id`,`supplier_id`,`user_id`,`invoice_type`,`discount_on`,`tax_type`,`has_tax`,`has_description`,`has_item_discount`,`has_hsn`,`has_other_discount`,`has_shipping_charge`,`has_custom_charge`,`other_discount_amount`,`other_discount_type`,`shipping_charge`,`custom_charge_title`,`custom_charge_amount`,`currency_id`,`exchange_rate`,`purchase_receive_type_id`,`comments`,`has_comment`,`order_date`,`reference`,`location_id`,`payment_method_id`,`total`,`paid`,`payment_term_id`,`created_at`,`updated_at`) VALUES (1, 5, 1, 'quantity', 'before', 'exclusive', 1, 1, 1, 0, 0, 1, 0, 5.00000000, '%', 30.00000000, NULL, 0.00000000, 3, 1.00000000, 1, 'A statement outlining the essential characteristics and functions of an item, service, or materiel required to meet the minimum needs of the Government.', 1, '2021-09-10', 'PO-0001', 1, NULL, 3918.57000000, 3918.57000000, 1, '2021-09-10 08:12:41', '2021-09-10 08:12:41'),(2, 1, 1, 'quantity', 'before', 'exclusive', 1, 1, 0, 0, 0, 1, 0, 10.00000000, '%', 50.00000000, NULL, 0.00000000, 2, 1.40000000, 2, 'Purchase description means the words used in a solicitation to describe the supplies, services, or construction to be purchased, and includes specifications attached to or made a part of the solicitation.', 1, '2021-09-10', 'PO-0002', 3, NULL, 3541.04000000, 0.00000000, 1, '2021-09-10 08:12:41', '2021-09-10 08:12:41'),(3, 3, 1, 'quantity', 'before', 'exclusive', 1, 1, 0, 0, 0, 1, 0, 6.00000000, '%', 15.00000000, NULL, 0.00000000, 4, 1.65000000, 1, 'Purchase description means the words used in a solicitation to describe the supplies, services, or construction to be purchased, and includes specifications attached to or made a part of the solicitation.', 1, '2021-09-12', 'PO-0003', 2, NULL, 6491.45000000, 0.00000000, 2, '2021-09-12 08:12:41', '2021-09-12 08:12:41'),(4, 2, 1, 'quantity', 'before', 'exclusive', 1, 1, 0, 0, 0, 1, 0, 4.00000000, '%', 20.00000000, NULL, 0.00000000, 2, 1.30000000, 2, 'Purchase description means the words used in a solicitation to describe the supplies, services, or construction to be purchased, and includes specifications attached to or made a part of the solicitation.', 1, '2021-09-14', 'PO-0004', 1, NULL, 81.83000000, 81.83000000, 1, '2021-09-14 08:12:41', '2021-09-14 08:12:41'),(5, 4, 1, 'quantity', 'before', 'exclusive', 1, 1, 0, 0, 0, 1, 1, 3.00000000, '%', 10.00000000, 'Misc. Charge', 10.00000000, 1, 0.80000000, 2, 'Purchase description means the words used in a solicitation to describe the supplies, services, or construction to be purchased, and includes specifications attached to or made a part of the solicitation.', 1, '2021-09-15', 'PO-0005', 2, NULL, 1682.17000000, 0.00000000, 2, '2021-09-15 08:12:41', '2021-09-15 08:12:41'),(6, 2, 1, 'quantity', 'before', 'exclusive', 1, 1, 1, 0, 0, 1, 1, 30.00000000, '%', 90.00000000, 'Air charge', 20.00000000, 2, 1.40000000, 2, 'Purchase description means the words used in a solicitation to describe the supplies, services, or construction to be purchased, and includes specifications attached to or made a part of the solicitation.', 1, '2021-09-16', 'PO-0006', 1, NULL, 9612.88000000, 0.00000000, 3, '2021-09-16 08:12:41', '2021-09-16 08:12:41'),(7, 2, 1, 'quantity', 'before', 'exclusive', 1, 1, 1, 0, 0, 1, 1, 30.00000000, '%', 90.00000000, 'Air charge', 20.00000000, 2, 1.40000000, 2, 'Purchase description means the words used in a solicitation to describe the supplies, services, or construction to be purchased, and includes specifications attached to or made a part of the solicitation.', 1, '2021-09-11', 'PO-0007', 1, NULL, 9612.88000000, 9612.88000000, 3, '2021-09-11 08:12:41', '2021-09-11 08:12:41'),(8, 5, 1, 'quantity', 'before', 'exclusive', 1, 1, 1, 0, 0, 1, 0, 8.00000000, '%', 12.00000000, NULL, 0.00000000, 3, 1.00000000, 2, 'Purchase description means the words used in a solicitation to describe the supplies, services, or construction to be purchased, and includes specifications attached to or made a part of the solicitation.', 1, '2021-09-14', 'PO-0008', 2, NULL, 2335.23000000, 0.00000000, 2, '2021-09-14 08:12:41', '2021-09-14 08:12:41'),(9, 5, 1, 'quantity', 'after', 'inclusive', 1, 1, 0, 0, 0, 1, 0, 10.00000000, '%', 15.00000000, NULL, 0.00000000, 3, 1.00000000, 1, 'Purchase description means the words used in a solicitation to describe the supplies, services, or construction to be purchased, and includes specifications attached to or made a part of the solicitation.', 1, '2021-09-12', 'PO-0009', 3, NULL, 4362.90000000, 0.00000000, 1, '2021-09-12 08:12:41', '2021-09-12 08:12:41'),(12, 4, 1, 'quantity', 'before', 'exclusive', 1, 1, 0, 0, 0, 1, 1, 3.00000000, '%', 25.00000000, 'Misc. Charge', 30.00000000, 1, 0.01000000, 1, 'Purchase description means the words used in a solicitation to describe the supplies, services, or construction to be purchased, and includes specifications attached to or made a part of the solicitation.', 1, '2021-09-14', 'PO-0010', 3, NULL, 16507.68000000, 16507.68000000, 1, '2021-09-14 08:12:41', '2021-09-14 08:12:41'),(13, 3, 1, 'quantity', 'before', 'exclusive', 1, 1, 0, 0, 0, 1, 0, 0.00000000, '%', 15.00000000, '', 0.00000000, 4, 1.65000000, 1, 'Purchase description means the words used in a solicitation to describe the supplies, services, or construction to be purchased, and includes specifications attached to or made a part of the solicitation.', 1, '2021-09-10', 'PO-0011', 2, NULL, 13387.66000000, 0.00000000, 2, '2021-09-10 08:12:41', '2021-09-10 08:12:41'),(14, 4, 1, 'quantity', 'before', 'exclusive', 1, 1, 0, 0, 0, 1, 1, 0.00000000, '%', 25.00000000, 'Misc. Charge', 30.00000000, 1, 0.01000000, 1, 'Purchase description means the words used in a solicitation to describe the supplies, services, or construction to be purchased, and includes specifications attached to or made a part of the solicitation.', 1, '2021-09-16', 'PO-0012', 3, NULL, 17042.46000000, 17042.46000000, 1, '2021-09-16 08:12:41', '2021-09-16 08:12:41'),(22, 5, 1, 'quantity', 'before', 'exclusive', 1, 1, 0, 0, 1, 1, 0, 10.00000000, '%', 50.00000000, NULL, 0.00000000, 3, 1.00000000, 1, NULL, 1, '2021-09-17', 'PO-0013', 3, NULL, 1244.20000000, 0.00000000, 1, '2021-09-17 08:12:41', '2021-09-17 08:12:41'),(23, 5, 1, 'quantity', 'before', 'exclusive', 1, 1, 0, 0, 1, 1, 0, 500.00000000, '$', 70.00000000, '', 0.00000000, 3, 1.00000000, 1, NULL, 1, '2021-09-14', 'PO-0014', 2, NULL, 18296.00000000, 0.00000000, 1, '2021-09-14 08:12:41', '2021-09-14 08:12:41'),(24, 5, 1, 'quantity', 'before', 'exclusive', 1, 1, 0, 0, 1, 1, 0, 0.00000000, '%', 20.00000000, NULL, 0.00000000, 3, 1.00000000, 1, NULL, 1, '2021-09-22', 'PO-0015', 2, NULL, 559.76000000, 0.00000000, 1, '2021-09-22 08:12:41', '2021-09-22 08:12:41'),(25, 5, 1, 'quantity', 'before', 'exclusive', 1, 1, 0, 0, 1, 1, 0, 0.00000000, '%', 0.00000000, NULL, 0.00000000, 3, 1.00000000, 1, NULL, 1, '2021-09-09', 'PO-0016', 2, NULL, 81118.80000000, 0.00000000, 1, '2021-09-09 08:12:41', '2021-09-09 08:12:41'),(26, 5, 1, 'quantity', 'before', 'exclusive', 1, 1, 0, 0, 1, 1, 0, 0.00000000, '%', 25.00000000, '', 0.00000000, 3, 1.00000000, 1, NULL, 1, '2021-09-11', 'PO-0017', 3, NULL, 8515.00000000, 0.00000000, 1, '2021-09-11 08:12:41', '2021-09-11 08:12:41'),(27, 5, 1, 'quantity', 'before', 'exclusive', 1, 1, 0, 0, 1, 1, 0, 0.00000000, '%', 30.00000000, '', 0.00000000, 3, 1.00000000, 1, NULL, 1, '2021-09-10', 'PO-0018', 2, NULL, 8766.00000000, 0.00000000, 1, '2021-09-10 08:12:41', '2021-09-10 08:12:41'),(28, 5, 1, 'quantity', 'before', 'exclusive', 1, 1, 0, 0, 1, 1, 0, 15.00000000, '%', 50.00000000, NULL, 0.00000000, 3, 1.00000000, 1, NULL, 1, '2021-09-16', 'PO-0019', 2, NULL, 18686.52400000, 0.00000000, 1, '2021-09-16 08:12:41', '2021-09-16 08:12:41'),(29, 5, 1, 'quantity', 'before', 'exclusive', 1, 1, 0, 0, 1, 1, 0, 0.00000000, '%', 0.00000000, NULL, 0.00000000, 3, 1.00000000, 1, NULL, 1, '2021-08-29', 'PO-0020', 2, NULL, 6093.07900000, 0.00000000, 1, '2021-08-29 08:12:41', '2021-08-29 08:12:41'),(30, 5, 1, 'quantity', 'before', 'exclusive', 1, 1, 0, 0, 1, 1, 0, 0.00000000, '%', 0.00000000, NULL, 0.00000000, 3, 1.00000000, 1, NULL, 1, '2021-07-19', 'PO-0021', 3, NULL, 23854.12500000, 0.00000000, 1, '2021-07-19 08:12:41', '2021-07-19 08:12:41'),(31, 5, 1, 'quantity', 'before', 'exclusive', 1, 1, 0, 0, 1, 1, 0, 5.00000000, '%', 0.00000000, '', 0.00000000, 3, 1.00000000, 1, NULL, 1, '2021-06-19', 'PO-0022', 1, NULL, 9908.50000000, 0.00000000, 1, '2021-06-19 08:12:41', '2021-06-19 08:12:41'),(32, 5, 1, 'quantity', 'before', 'exclusive', 1, 1, 0, 0, 1, 1, 0, 0.00000000, '%', 0.00000000, '', 0.00000000, 3, 1.00000000, 1, NULL, 1, '2021-05-22', 'PO-0023', 3, NULL, 11870.00000000, 0.00000000, 1, '2021-05-22 08:12:41', '2021-05-22 08:12:41');
UNLOCK TABLES;
COMMIT;
BEGIN;
LOCK TABLES `cka_crm`.`purchase_prices` WRITE;
DELETE FROM `cka_crm`.`purchase_prices`;
INSERT INTO `cka_crm`.`purchase_prices` (`id`,`item_id`,`currency_id`,`price`) VALUES (2, 2, 1, 999.00000000),(3, 3, 1, 695.00000000),(4, 4, 1, 748.00000000),(5, 5, 1, 546.00000000),(6, 6, 1, 650.00000000),(7, 7, 1, 50.00000000),(8, 8, 1, 28.00000000),(9, 9, 1, 50.00000000),(10, 10, 1, 0.00000000),(11, 11, 1, 0.00000000),(12, 12, 1, 4.00000000),(13, 13, 1, 4.00000000),(14, 14, 1, 1680.00000000),(15, 15, 1, 1080.00000000),(16, 16, 1, 180.00000000),(17, 17, 1, 240.00000000),(18, 18, 1, 575.00000000),(19, 19, 1, 275.00000000),(20, 20, 1, 17.00000000),(21, 21, 1, 0.75000000),(22, 22, 1, 115.00000000),(23, 23, 1, 75.00000000),(24, 24, 1, 12.00000000),(25, 25, 1, 6.00000000),(26, 26, 1, 4.00000000);
UNLOCK TABLES;
COMMIT;
BEGIN;
LOCK TABLES `cka_crm`.`purchase_receive_types` WRITE;
DELETE FROM `cka_crm`.`purchase_receive_types`;
INSERT INTO `cka_crm`.`purchase_receive_types` (`id`,`receive_type`,`is_default`) VALUES (1, 'auto', 0),(2, 'manually', 0);
UNLOCK TABLES;
COMMIT;
BEGIN;
LOCK TABLES `cka_crm`.`purchase_taxes` WRITE;
DELETE FROM `cka_crm`.`purchase_taxes`;
INSERT INTO `cka_crm`.`purchase_taxes` (`id`,`purchase_order_detail_id`,`tax_type_id`,`tax_amount`) VALUES (1, 1, 1, 44.95500000),(2, 2, 2, 25.11600000),(3, 3, 1, 0.36000000),(4, 4, 1, 2.10000000),(5, 4, 2, 3.22000000),(6, 5, 2, 83.72000000),(7, 6, 1, 6.93000000),(8, 7, 1, 92.56500000),(9, 7, 2, 141.93300000),(10, 8, 1, 0.39000000),(11, 8, 2, 0.59800000),(12, 9, 1, 0.55200000),(13, 10, 1, 8.34000000),(14, 11, 1, 15.60000000),(15, 11, 2, 23.92000000),(16, 12, 1, 1.00800000),(17, 13, 1, 109.95600000),(18, 14, 2, 188.37000000),(19, 15, 1, 109.95600000),(20, 16, 2, 188.37000000),(21, 17, 2, 62.79000000),(22, 18, 1, 30.81280788),(23, 19, 1, 29.52709360),(24, 20, 1, 11.05418719),(25, 20, 2, 16.81720430),(34, 27, 2, 138.04600000),(35, 28, 1, 112.50180000),(36, 29, 1, 45.00120000),(37, 29, 2, 69.00184000),(45, 30, 1, 7.62300000),(46, 31, 1, 92.56500000),(47, 31, 2, 141.93300000),(48, 32, 2, 145.04490000),(53, 33, 2, 138.04600000),(54, 34, 1, 112.50180000),(55, 35, 1, 45.00120000),(56, 35, 2, 69.00184000),(57, 36, 1, 2.22720000);
UNLOCK TABLES;
COMMIT;
BEGIN;
LOCK TABLES `cka_crm`.`received_order_details` WRITE;
DELETE FROM `cka_crm`.`received_order_details`;
INSERT INTO `cka_crm`.`received_order_details` (`id`,`purchase_order_id`,`purchase_order_detail_id`,`received_order_id`,`item_id`,`item_name`,`unit_price`,`quantity`) VALUES (1, 1, 1, 1, 2, 'iPhone 11 pro', 999.00000000, 3.00000000),(2, 1, 2, 1, 5, 'Huawei P30 Pro', 546.00000000, 2.00000000),(3, 1, 3, 1, 12, 'Oats', 4.00000000, 6.00000000),(4, 3, 6, 2, 8, 'Havit Alarm Clock Wireless Speaker', 46.20000000, 10.00000000),(5, 3, 7, 2, 4, 'Samsung Galaxy S10', 1234.20000000, 5.00000000),(6, 9, 18, 3, 3, 'iPhone 11', 695.00000000, 3.00000000),(7, 9, 19, 3, 2, 'iPhone 11 pro', 999.00000000, 2.00000000),(8, 9, 20, 3, 4, 'Samsung Galaxy S10', 748.00000000, 1.00000000),(9, 12, 27, 4, 9, 'Blender', 1500.50000000, 4.00000000),(10, 12, 28, 4, 13, 'Corn Flakes', 2500.04000000, 3.00000000),(11, 12, 29, 4, 12, 'Oats', 1500.04000000, 2.00000000),(12, 13, 30, 5, 8, 'Havit Alarm Clock Wireless Speaker', 46.20000000, 1.00000000),(13, 13, 31, 5, 4, 'Samsung Galaxy S10', 1234.20000000, 0.00000000),(14, 13, 32, 5, 5, 'Huawei P30 Pro', 900.90000000, 3.00000000),(15, 13, 30, 6, 8, 'Havit Alarm Clock Wireless Speaker', 46.20000000, 0.00000000),(16, 13, 31, 6, 4, 'Samsung Galaxy S10', 1234.20000000, 0.00000000),(17, 13, 32, 6, 5, 'Huawei P30 Pro', 900.90000000, 4.00000000),(18, 14, 33, 7, 9, 'Blender', 1500.50000000, 0.00000000),(19, 14, 34, 7, 13, 'Corn Flakes', 2500.04000000, 0.00000000),(20, 14, 35, 7, 12, 'Oats', 1500.04000000, 0.00000000),(21, 14, 36, 7, 8, 'Havit Alarm Clock Wireless Speaker', 9.28000000, 16.00000000),(22, 8, 17, 8, 5, 'Huawei P30 Pro', 546.00000000, 2.00000000),(23, 8, 17, 9, 5, 'Huawei P30 Pro', 546.00000000, 1.00000000),(24, 6, 13, 10, 4, 'Samsung Galaxy S10', 1047.20000000, 3.00000000),(25, 6, 14, 10, 6, 'Apple Watch Series 4', 910.00000000, 2.00000000),(26, 6, 13, 11, 4, 'Samsung Galaxy S10', 1047.20000000, 4.00000000),(27, 6, 14, 11, 6, 'Apple Watch Series 4', 910.00000000, 7.00000000),(28, 2, 4, 12, 9, 'Blender', 70.00000000, 2.00000000),(29, 2, 5, 12, 6, 'Apple Watch Series 4', 910.00000000, 3.00000000);
UNLOCK TABLES;
COMMIT;
BEGIN;
LOCK TABLES `cka_crm`.`received_orders` WRITE;
DELETE FROM `cka_crm`.`received_orders`;
INSERT INTO `cka_crm`.`received_orders` (`id`,`purchase_order_id`,`user_id`,`supplier_id`,`reference`,`location_id`,`receive_date`,`order_receive_no`,`created_at`,`updated_at`) VALUES (1, 1, 1, 5, 'PO-0001', 1, '2021-09-10', NULL, NULL, NULL),(2, 3, 1, 3, 'PO-0003', 2, '2021-09-10', NULL, NULL, NULL),(3, 9, 1, 5, 'PO-0009', 3, '2021-09-10', NULL, NULL, NULL),(4, 12, 1, 4, 'PO-0010', 3, '2021-09-10', NULL, NULL, NULL),(5, 13, 1, 3, 'PO-0011', 2, '2021-09-10', NULL, NULL, NULL),(6, 13, 1, 3, 'PO-0011', 2, '2021-09-10', NULL, NULL, NULL),(7, 14, 1, 4, 'PO-0012', 3, '2021-09-10', NULL, NULL, NULL),(8, 8, 1, 5, 'PO-0008', 2, '2021-09-10', NULL, NULL, NULL),(9, 8, 1, 5, 'PO-0008', 2, '2021-09-10', NULL, NULL, NULL),(10, 6, 1, 2, 'PO-0006', 1, '2021-09-10', NULL, NULL, NULL),(11, 6, 1, 2, 'PO-0006', 1, '2021-09-10', NULL, NULL, NULL),(12, 2, 1, 1, 'PO-0002', 3, '2021-09-10', NULL, NULL, NULL);
UNLOCK TABLES;
COMMIT;
BEGIN;
LOCK TABLES `cka_crm`.`role_users` WRITE;
DELETE FROM `cka_crm`.`role_users`;
INSERT INTO `cka_crm`.`role_users` (`user_id`,`role_id`) VALUES (1, 1),(2, 1),(3, 4),(4, 3),(5, 2);
UNLOCK TABLES;
COMMIT;
BEGIN;
LOCK TABLES `cka_crm`.`roles` WRITE;
DELETE FROM `cka_crm`.`roles`;
INSERT INTO `cka_crm`.`roles` (`id`,`name`,`display_name`,`description`,`created_at`,`updated_at`) VALUES (1, 'admin', 'Admin', 'Admin User', NULL, NULL),(2, 'project-manager', 'Project Manager', 'Project Manager role can manage all the functionality of projects', '2020-04-08 00:36:51', '2020-04-08 00:41:01'),(3, 'stock-manager', 'Stock Manager', 'Stock Manager can manage all the functionality related of stocks.', '2020-04-08 00:44:04', '2020-04-08 00:44:04'),(4, 'sales-manager', 'Sales Manager', 'Sales Manager can sales related functionality.', '2020-04-08 00:52:10', '2020-04-08 00:52:10');
UNLOCK TABLES;
COMMIT;
BEGIN;
LOCK TABLES `cka_crm`.`sale_order_details` WRITE;
DELETE FROM `cka_crm`.`sale_order_details`;
INSERT INTO `cka_crm`.`sale_order_details` (`id`,`sale_order_id`,`item_id`,`description`,`item_name`,`unit_price`,`quantity_sent`,`quantity`,`discount_amount`,`discount`,`discount_type`,`hsn`,`sorting_no`,`created_at`,`updated_at`) VALUES (9, 6, 8, 'A speaker with alarm clock.', 'Havit Alarm Clock Wireless Speaker', 30.00000000, 0.00000000, 1.00000000, 0.00000000, 0.00000000, '%', NULL, 1, '2020-04-08 12:09:19', NULL),(10, 6, 3, 'The phone is powered by Hexa Core (2.65 GHz, Dual-core, Lightning + 1.8 GHz, Quad-core, Thunder) processor.', 'iPhone 11', 705.00000000, 0.00000000, 1.00000000, 0.00000000, 0.00000000, '%', NULL, 2, '2020-04-08 12:09:19', NULL),(11, 6, 6, 'The Apple Watch Series 4 runs Apple\'s new WatchOS 5 operating system. It comes along with a variety of improvements, like enhanced fitness and health tracking, a walkie-talkie mode, and more.', 'Apple Watch Series 4', 700.00000000, 0.00000000, 1.00000000, 0.00000000, 0.00000000, '%', NULL, 3, '2020-04-08 12:09:19', NULL),(14, 9, 4, 'The phone comes with a 6.10-inch touchscreen display and an aspect ratio of 19:9. Samsung Galaxy S10 is powered by a 1.9GHz octa-core Samsung Exynos 9820 processor.', 'Samsung Galaxy S10', 757.00000000, 0.00000000, 1.00000000, 0.00000000, 0.00000000, '%', NULL, 1, '2020-04-08 12:13:35', NULL),(15, 9, 5, 'Huawei P30 Pro smartphone has a OLED display.', 'Huawei P30 Pro', 550.00000000, 0.00000000, 1.00000000, 0.00000000, 0.00000000, '%', NULL, 2, '2020-04-08 12:13:36', NULL),(19, 14, 8, 'A speaker with alarm clock', 'Havit Alarm Clock Wireless Speaker', 19.50000000, 0.00000000, 4.00000000, 0.00000000, 0.00000000, '%', NULL, 1, '2020-04-08 12:17:08', NULL),(20, 14, 12, 'Oats are annual grasses belonging to the genus Avena, in the family Poaceae and are grown primarily for use as livestock feed', 'Oats', 3.25000000, 0.00000000, 5.00000000, 0.00000000, 0.00000000, '%', NULL, 2, '2020-04-08 12:17:09', NULL),(23, 16, 9, 'A blender (sometimes called a liquidizer in British English) is a kitchen and laboratory appliance used to mix, pure, or emulsify food and other substances.', 'Blender', 52.00000000, 0.00000000, 2.00000000, 0.00000000, 0.00000000, '%', NULL, 1, '2020-04-08 12:18:48', NULL),(24, 16, 5, 'Huawei P30 Pro smartphone has an OLED display.', 'Huawei P30 Pro', 550.00000000, 0.00000000, 1.00000000, 0.00000000, 0.00000000, '%', NULL, 2, '2020-04-08 12:18:48', NULL),(27, 18, 4, 'The phone comes with a 6.10-inch touchscreen display and an aspect ratio of 19:9. Samsung Galaxy S10 is powered by a 1.9GHz octa-core Samsung Exynos 9820 processor. It comes with 8GB of RAM.', 'Samsung Galaxy S10', 492.05000000, 0.00000000, 6.00000000, 0.00000000, 0.00000000, '%', NULL, 1, '2020-04-08 12:20:35', NULL),(28, 18, 5, 'Huawei P30 Pro smartphone has an OLED display.', 'Huawei P30 Pro', 357.50000000, 0.00000000, 2.00000000, 0.00000000, 0.00000000, '%', NULL, 2, '2020-04-08 12:20:35', NULL),(32, 22, 2, 'The iPhone 11 Pro is Apple\'s most powerful phone that comes in a one-hand-friendly size.', 'iPhone 11 pro', 999.00000000, 0.00000000, 2.00000000, 0.00000000, 0.00000000, '%', NULL, 1, '2020-04-08 12:23:37', NULL),(33, 22, 3, 'The phone is powered by Hexa Core (2.65 GHz, Dual-core, Lightning + 1.8 GHz, Quad-core, Thunder) processor.', 'iPhone 11', 705.00000000, 0.00000000, 2.00000000, 0.00000000, 0.00000000, '%', NULL, 2, '2020-04-08 12:23:37', NULL),(34, 22, 13, 'Corn flakes are a packaged cereal product formed from small toasted flakes of corn, usually served cold with milk and sometimes sugar.', 'Corn Flakes', 5.00000000, 0.00000000, 10.00000000, 0.00000000, 0.00000000, '%', NULL, 3, '2020-04-08 12:23:37', NULL),(38, 26, 14, 'MacBook Pro has a high-resolution, LED-backlit glossy widescreen display.', 'Mac Book Pro', 1105.00000000, 0.00000000, 1.00000000, 0.00000000, 0.00000000, '%', NULL, 1, '2020-04-08 12:25:34', NULL),(39, 26, 8, 'A speaker with alarm clock', 'Havit Alarm Clock Wireless Speaker', 19.50000000, 0.00000000, 10.00000000, 0.00000000, 0.00000000, '%', NULL, 2, '2020-04-08 12:25:35', NULL),(40, 26, 6, 'The Apple Watch Series 4 runs Apple\'s new WatchOS 5 operating system. It comes along with a variety of improvements, like enhanced fitness and health tracking, a walkie-talkie mode, and more.', 'Apple Watch Series 4', 455.00000000, 0.00000000, 5.00000000, 0.00000000, 0.00000000, '%', NULL, 3, '2020-04-08 12:25:35', NULL),(55, 9, 9, 'A blender (sometimes called a liquidizer in British English) is a kitchen and laboratory appliance used to mix, pure, or emulsify food and other substances.', 'Blender', 52.00000000, 0.00000000, 10.00000000, 0.00000000, 0.00000000, '%', NULL, 3, '2020-04-08 12:56:19', NULL),(60, 10, 2, 'The iPhone 11 Pro is Apple\'s most powerful phone that comes in a one-hand-friendly size.', 'iPhone 11 pro', 999.00000000, 0.00000000, 1.00000000, 0.00000000, 0.00000000, '%', NULL, 1, '2020-04-08 01:02:26', NULL),(61, 10, 3, 'The phone is powered by Hexa Core (2.65 GHz, Dual-core, Lightning + 1.8 GHz, Quad-core, Thunder) processor.', 'iPhone 11', 705.00000000, 0.00000000, 1.00000000, 0.00000000, 0.00000000, '%', NULL, 2, '2020-04-08 01:02:27', NULL),(62, 10, 13, 'Corn flakes are a packaged cereal product formed from small toasted flakes of corn, usually served cold with milk and sometimes sugar.', 'Corn Flakes', 5.00000000, 0.00000000, 1.00000000, 0.00000000, 0.00000000, '%', NULL, 3, '2020-04-08 01:02:27', NULL),(69, 14, 9, 'A blender (sometimes called a liquidizer in British English) is a kitchen and laboratory appliance used to mix, pure, or emulsify food and other substances.', 'Blender', 33.80000000, 0.00000000, 1.00000000, 0.00000000, 0.00000000, '%', NULL, 3, '2020-04-08 01:05:00', NULL),(70, 13, 8, 'A speaker with alarm clock', 'Havit Alarm Clock Wireless Speaker', 19.50000000, 0.00000000, 4.00000000, 0.00000000, 0.00000000, '%', '', 1, '2020-04-08 01:07:19', NULL),(71, 13, 12, 'Oats are annual grasses belonging to the genus Avena, in the family Poaceae and are grown primarily for use as livestock feed', 'Oats', 3.25000000, 0.00000000, 5.00000000, 0.00000000, 0.00000000, '%', '', 2, '2020-04-08 01:07:19', NULL),(72, 13, 9, 'A blender (sometimes called a liquidizer in British English) is a kitchen and laboratory appliance used to mix, pure, or emulsify food and other substances.', 'Blender', 33.80000000, 0.00000000, 1.00000000, 0.00000000, 0.00000000, '%', '', 3, '2020-04-08 01:07:19', NULL),(73, 13, 13, 'Corn flakes are a packaged cereal product formed from small toasted flakes of corn, usually served cold with milk and sometimes sugar.', 'Corn Flakes', 3.25000000, 0.00000000, 1.00000000, 0.00000000, 0.00000000, '%', '', 4, '2020-04-08 01:07:19', NULL),(74, 14, 13, 'Corn flakes are a packaged cereal product formed from small toasted flakes of corn, usually served cold with milk and sometimes sugar.', 'Corn Flakes', 3.25000000, 0.00000000, 1.00000000, 0.00000000, 0.00000000, '%', '', 4, '2020-04-08 01:07:19', NULL),(75, 5, 4, 'The phone comes with a 6.10-inch touchscreen display and an aspect ratio of 19:9. Samsung Galaxy S10 is powered by a 1.9GHz octa-core Samsung Exynos 9820 processor.', 'Samsung Galaxy S10', 757.00000000, 0.00000000, 1.00000000, 0.00000000, 0.00000000, '%', '', 1, '2020-04-08 01:09:14', NULL),(76, 5, 5, 'Huawei P30 Pro smartphone has a OLED display.', 'Huawei P30 Pro', 550.00000000, 0.00000000, 1.00000000, 0.00000000, 0.00000000, '%', '', 2, '2020-04-08 01:09:14', NULL),(77, 5, 9, 'A blender (sometimes called a liquidizer in British English) is a kitchen and laboratory appliance used to mix, pure, or emulsify food and other substances.', 'Blender', 52.00000000, 0.00000000, 10.00000000, 0.00000000, 0.00000000, '%', '', 3, '2020-04-08 01:09:14', NULL),(78, 15, 9, 'A blender (sometimes called a liquidizer in British English) is a kitchen and laboratory appliance used to mix, pure, or emulsify food and other substances.', 'Blender', 52.00000000, 0.00000000, 2.00000000, 0.00000000, 0.00000000, '%', '', 1, '2020-04-08 01:09:41', NULL),(79, 15, 5, 'Huawei P30 Pro smartphone has an OLED display.', 'Huawei P30 Pro', 550.00000000, 0.00000000, 1.00000000, 0.00000000, 0.00000000, '%', '', 2, '2020-04-08 01:09:41', NULL),(80, 15, 4, 'The phone comes with a 6.10-inch touchscreen display and an aspect ratio of 19:9. Samsung Galaxy S10 is powered by a 1.9GHz octa-core Samsung Exynos 9820 processor.', 'Samsung Galaxy S10', 757.00000000, 0.00000000, 1.00000000, 0.00000000, 0.00000000, '%', '', 3, '2020-04-08 01:09:41', NULL),(81, 16, 4, 'The phone comes with a 6.10-inch touchscreen display and an aspect ratio of 19:9. Samsung Galaxy S10 is powered by a 1.9GHz octa-core Samsung Exynos 9820 processor.', 'Samsung Galaxy S10', 757.00000000, 0.00000000, 1.00000000, 0.00000000, 0.00000000, '%', '', 3, '2020-04-08 01:09:41', NULL),(85, 18, 9, 'A blender (sometimes called a liquidizer in British English) is a kitchen and laboratory appliance used to mix, pure, or emulsify food and other substances.', 'Blender', 33.80000000, 0.00000000, 1.00000000, 0.00000000, 0.00000000, '%', NULL, 3, '2020-04-08 01:10:24', NULL),(86, 21, 2, 'The iPhone 11 Pro is Apple\'s most powerful phone that comes in a one-hand-friendly size.', 'iPhone 11 pro', 999.00000000, 0.00000000, 2.00000000, 0.00000000, 0.00000000, '%', '', 1, '2020-04-08 01:11:47', NULL),(87, 21, 3, 'The phone is powered by Hexa Core (2.65 GHz, Dual-core, Lightning + 1.8 GHz, Quad-core, Thunder) processor.', 'iPhone 11', 705.00000000, 0.00000000, 2.00000000, 0.00000000, 0.00000000, '%', '', 2, '2020-04-08 01:11:47', NULL),(88, 21, 13, 'Corn flakes are a packaged cereal product formed from small toasted flakes of corn, usually served cold with milk and sometimes sugar.', 'Corn Flakes', 5.00000000, 0.00000000, 10.00000000, 0.00000000, 0.00000000, '%', '', 3, '2020-04-08 01:11:47', NULL),(92, 25, 14, 'MacBook Pro has a high-resolution, LED-backlit glossy widescreen display.', 'Mac Book Pro', 1105.00000000, 0.00000000, 1.00000000, 0.00000000, 0.00000000, '%', '', 1, '2020-04-09 03:08:24', NULL),(93, 25, 8, 'A speaker with alarm clock', 'Havit Alarm Clock Wireless Speaker', 19.50000000, 0.00000000, 10.00000000, 0.00000000, 0.00000000, '%', '', 2, '2020-04-09 03:08:24', NULL),(94, 25, 6, 'The Apple Watch Series 4 runs Apple\'s new WatchOS 5 operating system. It comes along with a variety of improvements, like enhanced fitness and health tracking, a walkie-talkie mode, and more.', 'Apple Watch Series 4', 455.00000000, 0.00000000, 5.00000000, 0.00000000, 0.00000000, '%', '', 3, '2020-04-09 03:08:24', NULL),(95, 25, 12, 'Oats are annual grasses belonging to the genus Avena, in the family Poaceae and are grown primarily for use as livestock feed.', 'Oats', 3.25000000, 0.00000000, 2.00000000, 0.00000000, 0.00000000, '%', '', 4, '2020-04-09 03:08:24', NULL),(96, 25, 13, 'Corn flakes are a packaged cereal product formed from small toasted flakes of corn, usually served cold with milk and sometimes sugar.', 'Corn Flakes', 3.25000000, 0.00000000, 2.00000000, 0.00000000, 0.00000000, '%', '', 5, '2020-04-09 03:08:24', NULL),(97, 26, 12, 'Oats are annual grasses belonging to the genus Avena, in the family Poaceae and are grown primarily for use as livestock feed.', 'Oats', 3.25000000, 0.00000000, 2.00000000, 0.00000000, 0.00000000, '%', '', 4, '2020-04-09 03:08:24', NULL),(98, 26, 13, 'Corn flakes are a packaged cereal product formed from small toasted flakes of corn, usually served cold with milk and sometimes sugar.', 'Corn Flakes', 3.25000000, 0.00000000, 2.00000000, 0.00000000, 0.00000000, '%', '', 5, '2020-04-09 03:08:24', NULL),(99, 33, 14, 'MacBook Pro has a high-resolution, LED-backlit glossy widescreen display.', 'Mac Book Pro', 1105.00000000, 0.00000000, 1.00000000, 0.00000000, 0.00000000, '%', '', 1, '2020-04-09 03:10:32', NULL),(100, 34, 14, 'MacBook Pro has a high-resolution, LED-backlit glossy widescreen display.', 'Mac Book Pro', 1105.00000000, 0.00000000, 1.00000000, 0.00000000, 0.00000000, '%', '', 1, '2020-04-09 03:10:33', NULL),(101, 33, 8, 'A speaker with alarm clock', 'Havit Alarm Clock Wireless Speaker', 19.50000000, 0.00000000, 3.00000000, 0.00000000, 0.00000000, '%', '', 2, '2020-04-09 03:10:33', NULL),(102, 34, 8, 'A speaker with alarm clock', 'Havit Alarm Clock Wireless Speaker', 19.50000000, 0.00000000, 3.00000000, 0.00000000, 0.00000000, '%', '', 2, '2020-04-09 03:10:33', NULL),(103, 33, 6, 'The Apple Watch Series 4 runs Apple\'s new WatchOS 5 operating system. It comes along with a variety of improvements, like enhanced fitness and health tracking, a walkie-talkie mode, and more.', 'Apple Watch Series 4', 455.00000000, 0.00000000, 1.00000000, 0.00000000, 0.00000000, '%', '', 3, '2020-04-09 03:10:33', NULL),(104, 34, 6, 'The Apple Watch Series 4 runs Apple\'s new WatchOS 5 operating system. It comes along with a variety of improvements, like enhanced fitness and health tracking, a walkie-talkie mode, and more.', 'Apple Watch Series 4', 455.00000000, 0.00000000, 1.00000000, 0.00000000, 0.00000000, '%', '', 3, '2020-04-09 03:10:33', NULL),(105, 33, 12, 'Oats are annual grasses belonging to the genus Avena, in the family Poaceae and are grown primarily for use as livestock feed.', 'Oats', 3.25000000, 0.00000000, 2.00000000, 0.00000000, 0.00000000, '%', '', 4, '2020-04-09 03:10:33', NULL),(106, 34, 12, 'Oats are annual grasses belonging to the genus Avena, in the family Poaceae and are grown primarily for use as livestock feed.', 'Oats', 3.25000000, 0.00000000, 2.00000000, 0.00000000, 0.00000000, '%', '', 4, '2020-04-09 03:10:33', NULL),(107, 33, 13, 'Corn flakes are a packaged cereal product formed from small toasted flakes of corn, usually served cold with milk and sometimes sugar.', 'Corn Flakes', 3.25000000, 0.00000000, 2.00000000, 0.00000000, 0.00000000, '%', '', 5, '2020-04-09 03:10:33', NULL),(108, 34, 13, 'Corn flakes are a packaged cereal product formed from small toasted flakes of corn, usually served cold with milk and sometimes sugar.', 'Corn Flakes', 3.25000000, 0.00000000, 2.00000000, 0.00000000, 0.00000000, '%', '', 5, '2020-04-09 03:10:33', NULL),(109, 35, 2, 'The iPhone 11 Pro is Apple\'s most powerful phone that comes in a one-hand-friendly size.', 'iPhone 11 pro', 999.00000000, 0.00000000, 1.00000000, 0.00000000, 0.00000000, '%', '', 1, '2020-04-09 03:11:25', NULL),(110, 36, 2, 'The iPhone 11 Pro is Apple\'s most powerful phone that comes in a one-hand-friendly size.', 'iPhone 11 pro', 999.00000000, 0.00000000, 1.00000000, 0.00000000, 0.00000000, '%', '', 1, '2020-04-09 03:11:25', NULL),(111, 35, 3, 'The phone is powered by Hexa Core (2.65 GHz, Dual-core, Lightning + 1.8 GHz, Quad-core, Thunder) processor.', 'iPhone 11', 705.00000000, 0.00000000, 1.00000000, 0.00000000, 0.00000000, '%', '', 2, '2020-04-09 03:11:25', NULL),(112, 36, 3, 'The phone is powered by Hexa Core (2.65 GHz, Dual-core, Lightning + 1.8 GHz, Quad-core, Thunder) processor.', 'iPhone 11', 705.00000000, 0.00000000, 1.00000000, 0.00000000, 0.00000000, '%', '', 2, '2020-04-09 03:11:25', NULL),(113, 35, 13, 'Corn flakes are a packaged cereal product formed from small toasted flakes of corn, usually served cold with milk and sometimes sugar.', 'Corn Flakes', 5.00000000, 0.00000000, 2.00000000, 0.00000000, 0.00000000, '%', '', 3, '2020-04-09 03:11:25', NULL),(114, 36, 13, 'Corn flakes are a packaged cereal product formed from small toasted flakes of corn, usually served cold with milk and sometimes sugar.', 'Corn Flakes', 5.00000000, 0.00000000, 2.00000000, 0.00000000, 0.00000000, '%', '', 3, '2020-04-09 03:11:25', NULL),(115, 37, 9, 'A blender (sometimes called a liquidizer in British English) is a kitchen and laboratory appliance used to mix, pure, or emulsify food and other substances.', 'Blender', 52.00000000, 0.00000000, 2.00000000, 0.00000000, 0.00000000, '%', '', 1, '2020-04-09 03:12:00', NULL),(116, 38, 9, 'A blender (sometimes called a liquidizer in British English) is a kitchen and laboratory appliance used to mix, pure, or emulsify food and other substances.', 'Blender', 52.00000000, 0.00000000, 2.00000000, 0.00000000, 0.00000000, '%', '', 1, '2020-04-09 03:12:00', NULL),(117, 37, 5, 'Huawei P30 Pro smartphone has an OLED display.', 'Huawei P30 Pro', 550.00000000, 0.00000000, 1.00000000, 0.00000000, 0.00000000, '%', '', 2, '2020-04-09 03:12:00', NULL),(118, 38, 5, 'Huawei P30 Pro smartphone has an OLED display.', 'Huawei P30 Pro', 550.00000000, 0.00000000, 1.00000000, 0.00000000, 0.00000000, '%', '', 2, '2020-04-09 03:12:00', NULL),(119, 37, 4, 'The phone comes with a 6.10-inch touchscreen display and an aspect ratio of 19:9. Samsung Galaxy S10 is powered by a 1.9GHz octa-core Samsung Exynos 9820 processor.', 'Samsung Galaxy S10', 757.00000000, 0.00000000, 1.00000000, 0.00000000, 0.00000000, '%', '', 3, '2020-04-09 03:12:00', NULL),(120, 38, 4, 'The phone comes with a 6.10-inch touchscreen display and an aspect ratio of 19:9. Samsung Galaxy S10 is powered by a 1.9GHz octa-core Samsung Exynos 9820 processor.', 'Samsung Galaxy S10', 757.00000000, 0.00000000, 1.00000000, 0.00000000, 0.00000000, '%', '', 3, '2020-04-09 03:12:00', NULL),(121, 39, 2, 'The iPhone 11 Pro is Apple\'s most powerful phone that comes in a one-hand-friendly size.', 'iPhone 11 pro', 999.00000000, 0.00000000, 1.00000000, 0.00000000, 0.00000000, '%', NULL, 1, '2020-04-09 03:14:14', NULL),(122, 39, 3, 'The phone is powered by Hexa Core (2.65 GHz, Dual-core, Lightning + 1.8 GHz, Quad-core, Thunder) processor.', 'iPhone 11', 705.00000000, 0.00000000, 1.00000000, 0.00000000, 0.00000000, '%', NULL, 2, '2020-04-09 03:14:14', NULL),(123, 39, 5, 'Huawei P30 Pro smartphone has an OLED display.', 'Huawei P30 Pro', 550.00000000, 0.00000000, 1.00000000, 0.00000000, 0.00000000, '%', NULL, 3, '2020-04-09 03:14:14', NULL),(124, 39, 6, 'The Apple Watch Series 4 runs Apple\'s new WatchOS 5 operating system. It comes along with a variety of improvements, like enhanced fitness and health tracking, a walkie-talkie mode, and more.', 'Apple Watch Series 4', 700.00000000, 0.00000000, 1.00000000, 0.00000000, 0.00000000, '%', NULL, 4, '2020-04-09 03:14:14', NULL),(125, 39, 8, 'A speaker with alarm clock.', 'Havit Alarm Clock Wireless Speaker', 30.00000000, 0.00000000, 1.00000000, 0.00000000, 0.00000000, '%', NULL, 5, '2020-04-09 03:14:14', NULL),(126, 40, 2, 'The iPhone 11 Pro is Apple\'s most powerful phone that comes in a one-hand-friendly size.', 'iPhone 11 pro', 999.00000000, 0.00000000, 1.00000000, 0.00000000, 0.00000000, '%', NULL, 1, '2020-04-09 09:14:51', NULL),(127, 40, 3, 'The phone is powered by Hexa Core (2.65 GHz, Dual-core, Lightning + 1.8 GHz, Quad-core, Thunder) processor.', 'iPhone 11', 705.00000000, 0.00000000, 1.00000000, 0.00000000, 0.00000000, '%', NULL, 2, '2020-04-09 09:14:52', NULL),(128, 40, 5, 'Huawei P30 Pro smartphone has an OLED display.', 'Huawei P30 Pro', 550.00000000, 0.00000000, 1.00000000, 0.00000000, 0.00000000, '%', NULL, 3, '2020-04-09 09:14:52', NULL),(129, 40, 6, 'The Apple Watch Series 4 runs Apple\'s new WatchOS 5 operating system. It comes along with a variety of improvements, like enhanced fitness and health tracking, a walkie-talkie mode, and more.', 'Apple Watch Series 4', 700.00000000, 0.00000000, 1.00000000, 0.00000000, 0.00000000, '%', NULL, 4, '2020-04-09 09:14:52', NULL),(130, 40, 8, 'A  speaker with alarm clock.', 'Havit Alarm Clock Wireless Speaker', 30.00000000, 0.00000000, 1.00000000, 0.00000000, 0.00000000, '%', NULL, 5, '2020-04-09 09:14:52', NULL),(131, 7, 2, 'The iPhone 11 Pro is Apple\'s most powerful phone that comes in a one-hand-friendly size.', 'iPhone 11 pro', 999.00000000, 0.00000000, 1.00000000, 0.00000000, 0.00000000, '%', '', 1, '2020-04-09 03:32:24', NULL),(132, 7, 3, 'The phone is powered by Hexa Core (2.65 GHz, Dual-core, Lightning + 1.8 GHz, Quad-core, Thunder) processor.', 'iPhone 11', 705.00000000, 0.00000000, 1.00000000, 0.00000000, 0.00000000, '%', '', 2, '2020-04-09 03:32:24', NULL),(133, 7, 13, 'Corn flakes are a packaged cereal product formed from small toasted flakes of corn, usually served cold with milk and sometimes sugar.', 'Corn Flakes', 5.00000000, 0.00000000, 1.00000000, 0.00000000, 0.00000000, '%', '', 3, '2020-04-09 03:32:24', NULL),(134, 17, 4, 'The phone comes with a 6.10-inch touchscreen display and an aspect ratio of 19:9. Samsung Galaxy S10 is powered by a 1.9GHz octa-core Samsung Exynos 9820 processor. It comes with 8GB of RAM.', 'Samsung Galaxy S10', 492.05000000, 0.00000000, 6.00000000, 0.00000000, 0.00000000, '%', '', 1, '2020-04-09 03:34:36', NULL),(135, 17, 5, 'Huawei P30 Pro smartphone has an OLED display.', 'Huawei P30 Pro', 357.50000000, 0.00000000, 2.00000000, 0.00000000, 0.00000000, '%', '', 2, '2020-04-09 03:34:36', NULL),(136, 17, 9, 'A blender (sometimes called a liquidizer in British English) is a kitchen and laboratory appliance used to mix, pure, or emulsify food and other substances.', 'Blender', 33.80000000, 0.00000000, 1.00000000, 0.00000000, 0.00000000, '%', '', 3, '2020-04-09 03:34:36', NULL),(137, 42, 2, '', 'iPhone 11 pro', 999.00000000, 0.00000000, 1.00000000, 0.00000000, 0.00000000, '$', '', 0, '2020-04-15 12:40:50', NULL),(138, 42, 3, '', 'iPhone 11', 705.00000000, 0.00000000, 1.00000000, 0.00000000, 0.00000000, '$', '', 0, '2020-04-15 12:40:50', NULL),(139, 42, 6, '', 'Apple Watch Series 4', 700.00000000, 0.00000000, 1.00000000, 0.00000000, 0.00000000, '$', '', 0, '2020-04-15 12:40:51', NULL),(140, 42, 13, '', 'Corn Flakes', 5.00000000, 0.00000000, 1.00000000, 0.00000000, 0.00000000, '$', '', 0, '2020-04-15 12:40:51', NULL),(141, 42, 9, '', 'Blender', 52.00000000, 0.00000000, 1.00000000, 0.00000000, 0.00000000, '$', '', 0, '2020-04-15 12:40:51', NULL),(142, 43, 9, NULL, 'Blender', 52.00000000, 0.00000000, 1.00000000, 0.00000000, 0.00000000, '$', '', 1, '2021-09-20 08:46:36', NULL),(143, 43, 4, 'The phone comes with a 6.10-inch touchscreen display and an aspect ratio of 19:9. Samsung Galaxy S10 is powered by a 1.9GHz octa-core Samsung Exynos 9820 processor. It comes with 8GB of RAM.', 'Samsung Galaxy S10', 757.00000000, 0.00000000, 2.00000000, 0.00000000, 0.00000000, '$', '', 2, '2021-09-20 08:46:36', NULL),(144, 43, 5, NULL, 'Huawei P30 Pro', 550.00000000, 0.00000000, 1.00000000, 0.00000000, 0.00000000, '$', '', 3, '2021-09-20 08:46:36', NULL);
UNLOCK TABLES;
COMMIT;
BEGIN;
LOCK TABLES `cka_crm`.`sale_orders` WRITE;
DELETE FROM `cka_crm`.`sale_orders`;
INSERT INTO `cka_crm`.`sale_orders` (`id`,`transaction_type`,`invoice_type`,`order_type`,`project_id`,`customer_id`,`customer_branch_id`,`user_id`,`tax_type`,`reference`,`order_reference_id`,`comment`,`has_comment`,`order_date`,`due_date`,`location_id`,`payment_method_id`,`discount_on`,`currency_id`,`exchange_rate`,`has_tax`,`has_description`,`has_item_discount`,`has_hsn`,`has_other_discount`,`has_shipping_charge`,`has_custom_charge`,`other_discount_amount`,`other_discount_type`,`shipping_charge`,`custom_charge_title`,`custom_charge_amount`,`total`,`paid`,`amount_received`,`payment_term_id`,`pos_invoice_status`,`pos_discount_amount`,`pos_order_title`,`pos_tax_on_order`,`pos_shipping`,`created_at`,`updated_at`) VALUES (5, 'SALESORDER', 'quantity', 'Direct Order', NULL, 1, 1, 1, 'exclusive', 'QN-0002', 0, 'galaxy s10, p30 pro', 1, '2021-09-10', '2021-09-10', 2, NULL, 'before', 3, 1.00000000, 1, 1, 0, 0, 1, 1, 0, 3.00000000, '%', 2.00000000, NULL, 0.00000000, 1806.00000000, 0.00000000, NULL, 1, 'clear', 0.00000000, NULL, 0.00000000, NULL, '2020-04-08 12:07:35', '2020-04-08 13:09:14'),(6, 'SALESORDER', 'quantity', 'Direct Order', NULL, 2, 2, 1, 'exclusive', 'QN-0001', 0, 'apple watch, iPhone 11, alarm clock', 1, '2021-09-10', '2021-09-10', 1, NULL, 'before', 3, 1.00000000, 1, 1, 0, 0, 1, 1, 0, 0.00000000, '%', 0.00000000, NULL, 0.00000000, 1462.12000000, 0.00000000, NULL, 2, 'clear', 0.00000000, NULL, 0.00000000, NULL, '2020-04-08 12:09:19', '2020-04-09 03:13:47'),(7, 'SALESORDER', 'quantity', 'Direct Order', NULL, 3, 3, 1, 'exclusive', 'QN-0003', 0, NULL, 1, '2021-09-10', '2021-09-10', 1, NULL, 'before', 3, 1.00000000, 1, 1, 0, 0, 1, 1, 0, 0.00000000, '%', 0.00000000, NULL, 0.00000000, 1734.62000000, 0.00000000, NULL, 1, 'clear', 0.00000000, NULL, 0.00000000, NULL, '2020-04-09 03:32:24', '2020-04-09 03:32:24'),(9, 'SALESINVOICE', 'quantity', 'Direct Invoice', NULL, 1, 1, 1, 'exclusive', 'INV-0001', 5, 'galaxy s10, p30 pro', 1, '2021-09-10', '2021-09-17', 2, NULL, 'before', 3, 1.00000000, 1, 1, 0, 0, 1, 1, 0, 3.00000000, '%', 2.00000000, NULL, 0.00000000, 1806.00000000, 60.00000000, NULL, 1, 'clear', 0.00000000, NULL, 0.00000000, NULL, '2020-04-08 12:13:35', '2020-04-15 13:05:33'),(10, 'SALESINVOICE', 'quantity', 'Direct Invoice', NULL, 3, 3, 1, 'exclusive', 'INV-0002', 7, NULL, 1, '2021-09-10', '2021-09-17', 1, NULL, 'before', 3, 1.00000000, 1, 1, 0, 0, 1, 1, 0, 0.00000000, '%', 0.00000000, NULL, 0.00000000, 1734.62000000, 0.00000000, NULL, 1, 'clear', 0.00000000, NULL, 0.00000000, NULL, '2020-04-08 12:13:56', '2020-04-08 13:04:04'),(13, 'SALESORDER', 'quantity', 'Direct Order', NULL, 4, 4, 1, 'exclusive', 'QN-0006', 0, NULL, 1, '2021-09-10', '2021-09-17', 3, NULL, 'before', 4, 0.65000000, 1, 1, 0, 0, 1, 1, 0, 0.00000000, '%', 0.00000000, NULL, 0.00000000, 133.27000000, 0.00000000, NULL, 1, 'clear', 0.00000000, NULL, 0.00000000, NULL, '2020-04-08 12:17:08', '2020-04-08 13:07:19'),(14, 'SALESINVOICE', 'quantity', 'Direct Invoice', NULL, 4, 4, 1, 'exclusive', 'INV-0003', 13, NULL, 1, '2021-09-10', '2021-09-17', 3, NULL, 'before', 4, 0.65000000, 1, 1, 0, 0, 1, 1, 0, 0.00000000, '%', 0.00000000, NULL, 0.00000000, 133.27000000, 0.00000000, NULL, 1, 'clear', 0.00000000, NULL, 0.00000000, NULL, '2020-04-08 12:17:08', '2020-04-08 13:07:18'),(15, 'SALESORDER', 'quantity', 'Direct Order', NULL, 2, 2, 1, 'exclusive', 'QN-0007', 0, NULL, 1, '2021-09-10', '2021-09-17', 2, NULL, 'before', 3, 1.00000000, 1, 1, 0, 0, 1, 1, 0, 1.00000000, '%', 8.00000000, NULL, 0.00000000, 1430.46000000, 0.00000000, NULL, 1, 'clear', 0.00000000, NULL, 0.00000000, NULL, '2020-04-08 12:18:47', '2020-04-08 13:09:41'),(16, 'SALESINVOICE', 'quantity', 'Direct Invoice', NULL, 2, 2, 1, 'exclusive', 'INV-0004', 15, NULL, 1, '2021-09-10', '2021-09-17', 2, NULL, 'before', 3, 1.00000000, 1, 1, 0, 0, 1, 1, 0, 1.00000000, '%', 8.00000000, NULL, 0.00000000, 1430.46000000, 0.00000000, NULL, 1, 'clear', 0.00000000, NULL, 0.00000000, NULL, '2020-04-08 12:18:47', '2020-04-08 13:09:41'),(17, 'SALESORDER', 'quantity', 'Direct Order', NULL, 5, 5, 1, 'exclusive', 'QN-0008', 0, 'phone and blendar', 1, '2021-09-10', '2021-09-17', 2, NULL, 'before', 4, 0.65000000, 1, 1, 0, 0, 1, 1, 0, 1.00000000, '%', 10.00000000, NULL, 0.00000000, 3735.32000000, 0.00000000, NULL, 1, 'clear', 0.00000000, NULL, 0.00000000, NULL, '2020-04-08 12:20:35', '2020-04-09 03:34:36'),(18, 'SALESINVOICE', 'quantity', 'Direct Invoice', NULL, 5, 5, 1, 'exclusive', 'INV-0005', 17, 'phone and blendar', 1, '2021-09-10', '2021-09-17', 2, NULL, 'before', 4, 0.65000000, 1, 1, 0, 0, 1, 1, 0, 1.00000000, '%', 10.00000000, NULL, 0.00000000, 3735.32000000, 3735.32000000, NULL, 1, 'clear', 0.00000000, NULL, 0.00000000, NULL, '2020-04-08 12:20:35', '2020-04-15 13:11:43'),(21, 'SALESORDER', 'quantity', 'Direct Order', NULL, 1, 1, 1, 'exclusive', 'QN-0009', 0, NULL, 1, '2021-09-10', '2021-09-17', 1, NULL, 'before', 3, 1.00000000, 1, 1, 0, 0, 1, 1, 0, 0.00000000, '%', 0.00000000, NULL, 0.00000000, 3509.87000000, 0.00000000, NULL, 1, 'clear', 0.00000000, NULL, 0.00000000, NULL, '2020-04-08 12:23:37', '2020-04-08 13:11:47'),(22, 'SALESINVOICE', 'quantity', 'Direct Invoice', NULL, 1, 1, 1, 'exclusive', 'INV-0006', 21, NULL, 1, '2021-09-10', '2021-09-17', 1, NULL, 'before', 3, 1.00000000, 1, 1, 0, 0, 1, 1, 0, 0.00000000, '%', 0.00000000, NULL, 0.00000000, 3509.87000000, 0.00000000, NULL, 1, 'clear', 0.00000000, NULL, 0.00000000, NULL, '2020-04-08 12:23:37', '2020-04-08 13:11:47'),(25, 'SALESORDER', 'quantity', 'Direct Order', NULL, 4, 4, 1, 'exclusive', 'QN-0010', 0, NULL, 1, '2021-09-10', '2021-09-17', 3, NULL, 'before', 4, 0.65000000, 1, 1, 0, 0, 1, 1, 0, 0.00000000, '%', 10.00000000, NULL, 0.00000000, 3670.02000000, 0.00000000, NULL, 1, 'clear', 0.00000000, NULL, 0.00000000, NULL, '2020-04-08 12:25:34', '2020-04-09 03:08:23'),(26, 'SALESINVOICE', 'quantity', 'Direct Invoice', NULL, 4, 4, 1, 'exclusive', 'INV-0007', 25, NULL, 1, '2021-09-10', '2021-09-17', 3, NULL, 'before', 4, 0.65000000, 1, 1, 0, 0, 1, 1, 0, 0.00000000, '%', 10.00000000, NULL, 0.00000000, 3670.02000000, 0.00000000, NULL, 1, 'clear', 0.00000000, NULL, 0.00000000, NULL, '2020-04-08 12:25:34', '2020-04-09 03:08:23'),(33, 'SALESORDER', 'quantity', 'Direct Order', NULL, 4, 4, 1, 'exclusive', 'QN-0011', 0, NULL, 1, '2021-09-10', '2021-09-17', 3, NULL, 'before', 4, 0.65000000, 1, 1, 0, 0, 1, 1, 0, 0.00000000, '%', 10.00000000, NULL, 0.00000000, 1669.61000000, 0.00000000, NULL, 1, 'clear', 0.00000000, NULL, 0.00000000, NULL, '2020-04-09 03:10:32', '2020-04-09 03:10:32'),(34, 'SALESINVOICE', 'quantity', 'Direct Invoice', NULL, 4, 4, 1, 'exclusive', 'INV-0008', 33, NULL, 1, '2021-09-10', '2021-09-17', 3, NULL, 'before', 4, 0.65000000, 1, 1, 0, 0, 1, 1, 0, 0.00000000, '%', 10.00000000, NULL, 0.00000000, 1669.61000000, 1669.61000000, NULL, 1, 'clear', 0.00000000, NULL, 0.00000000, NULL, '2020-04-09 03:10:32', '2020-04-15 13:10:58'),(35, 'SALESORDER', 'quantity', 'Direct Order', NULL, 3, 3, 1, 'exclusive', 'QN-0012', 0, NULL, 1, '2021-09-10', '2021-09-17', 1, NULL, 'before', 3, 1.00000000, 1, 1, 0, 0, 1, 1, 0, 0.00000000, '%', 0.00000000, NULL, 0.00000000, 1739.70000000, 0.00000000, NULL, 1, 'clear', 0.00000000, NULL, 0.00000000, NULL, '2020-04-09 03:11:25', '2020-04-09 03:11:25'),(36, 'SALESINVOICE', 'quantity', 'Direct Invoice', NULL, 3, 3, 1, 'exclusive', 'INV-0009', 35, NULL, 1, '2021-09-10', '2021-09-17', 1, NULL, 'before', 3, 1.00000000, 1, 1, 0, 0, 1, 1, 0, 0.00000000, '%', 0.00000000, NULL, 0.00000000, 1739.70000000, 775.00000000, NULL, 1, 'clear', 0.00000000, NULL, 0.00000000, NULL, '2020-04-09 03:11:25', '2020-04-15 13:12:59'),(37, 'SALESORDER', 'quantity', 'Direct Order', NULL, 2, 2, 1, 'exclusive', 'QN-0013', 0, NULL, 1, '2021-09-10', '2021-09-17', 2, NULL, 'before', 3, 1.00000000, 1, 1, 0, 0, 1, 1, 0, 1.00000000, '%', 8.00000000, NULL, 0.00000000, 1430.46000000, 0.00000000, NULL, 1, 'clear', 0.00000000, NULL, 0.00000000, NULL, '2020-04-09 03:12:00', '2020-04-09 03:12:00'),(38, 'SALESINVOICE', 'quantity', 'Direct Invoice', NULL, 2, 2, 1, 'exclusive', 'INV-0010', 37, NULL, 1, '2021-09-10', '2021-09-17', 2, NULL, 'before', 3, 1.00000000, 1, 1, 0, 0, 1, 1, 0, 1.00000000, '%', 8.00000000, NULL, 0.00000000, 1430.46000000, 1430.46000000, NULL, 1, 'clear', 0.00000000, NULL, 0.00000000, NULL, '2020-04-09 03:12:00', '2020-04-15 13:10:21'),(39, 'SALESORDER', 'quantity', 'Direct Order', NULL, 3, 3, 1, 'exclusive', 'QN-0004', 0, NULL, 1, '2021-09-10', '2021-09-17', 3, NULL, 'before', 3, 1.00000000, 1, 1, 0, 0, 1, 1, 0, 0.00000000, '%', 0.00000000, NULL, 0.00000000, 3038.75000000, 0.00000000, NULL, 1, 'clear', 0.00000000, NULL, 0.00000000, NULL, '2020-04-09 03:14:14', '2020-04-09 03:35:58'),(40, 'SALESORDER', 'quantity', 'Direct Order', NULL, 3, 3, 1, 'exclusive', 'QN-0014', 0, NULL, 1, '2021-09-10', '2021-09-17', 3, NULL, 'before', 3, 1.00000000, 1, 1, 0, 0, 1, 1, 0, 0.00000000, '%', 0.00000000, NULL, 0.00000000, 3038.75000000, 0.00000000, NULL, 1, 'clear', 0.00000000, NULL, 0.00000000, NULL, '2020-04-09 03:14:51', '2020-04-09 03:16:56'),(42, 'POSINVOICE', 'quantity', 'directPOS', NULL, 1, 1, 1, 'exclusive', 'POS-0001', 0, NULL, 0, '2021-09-10', '2021-09-17', 1, NULL, 'before', 1, 1.00000000, 1, 1, 1, 0, 0, 0, 0, 0.00000000, '%', 0.00000000, '', 0.00000000, 2503.51500000, 2503.51500000, 2503.51500000, 1, 'clear', 0.00000000, 'Unknown', 0.00000000, NULL, '2020-04-15 12:40:50', '2020-04-15 12:40:50'),(43, 'POSINVOICE', 'quantity', 'directPOS', NULL, 1, 1, 1, 'exclusive', 'POS-0002', 0, NULL, 0, '2021-09-20', '2021-09-20', 1, NULL, 'before', 3, 1.00000000, 1, 1, 1, 0, 1, 0, 0, 5.00000000, '%', 0.00000000, '', 0.00000000, 2046.34000000, 2046.34000000, 3000.00000000, 1, 'clear', 0.00000000, 'Walking customer-2021.09.20.14.09', 0.00000000, NULL, '2021-09-20 08:46:36', '2021-09-20 08:46:36');
UNLOCK TABLES;
COMMIT;
BEGIN;
LOCK TABLES `cka_crm`.`sale_prices` WRITE;
DELETE FROM `cka_crm`.`sale_prices`;
INSERT INTO `cka_crm`.`sale_prices` (`id`,`item_id`,`sale_type_id`,`currency_id`,`price`) VALUES (3, 2, 1, 1, 999.00000000),(4, 2, 2, 1, 0.00000000),(5, 3, 1, 1, 705.00000000),(6, 3, 2, 1, 0.00000000),(7, 4, 1, 1, 757.00000000),(8, 4, 2, 1, 0.00000000),(9, 5, 1, 1, 550.00000000),(10, 5, 2, 1, 0.00000000),(11, 6, 1, 1, 700.00000000),(12, 6, 2, 1, 0.00000000),(13, 7, 1, 1, 55.00000000),(14, 7, 2, 1, 0.00000000),(15, 8, 1, 1, 30.00000000),(16, 8, 2, 1, 0.00000000),(17, 9, 1, 1, 52.00000000),(18, 9, 2, 1, 0.00000000),(19, 10, 1, 1, 0.00000000),(20, 10, 2, 1, 0.00000000),(21, 11, 1, 1, 0.00000000),(22, 11, 2, 1, 0.00000000),(23, 12, 1, 1, 5.00000000),(24, 12, 2, 1, 0.00000000),(25, 13, 1, 1, 5.00000000),(26, 13, 2, 1, 0.00000000),(27, 14, 1, 1, 1700.00000000),(28, 14, 2, 1, 0.00000000),(29, 15, 1, 1, 1090.00000000),(30, 15, 2, 1, 0.00000000),(31, 16, 1, 1, 190.00000000),(32, 17, 1, 1, 250.00000000),(33, 18, 1, 1, 595.00000000),(34, 19, 1, 1, 299.00000000),(35, 20, 1, 1, 20.00000000),(36, 21, 1, 1, 1.00000000),(37, 22, 1, 1, 120.00000000),(38, 23, 1, 1, 85.00000000),(39, 24, 1, 1, 15.00000000),(40, 25, 1, 1, 8.00000000),(41, 26, 1, 1, 5.00000000);
UNLOCK TABLES;
COMMIT;
BEGIN;
LOCK TABLES `cka_crm`.`sale_taxes` WRITE;
DELETE FROM `cka_crm`.`sale_taxes`;
INSERT INTO `cka_crm`.`sale_taxes` (`id`,`sale_order_detail_id`,`tax_type_id`,`tax_amount`) VALUES (71, 60, 1, 14.98500000),(72, 61, 1, 10.57500000),(73, 62, 1, 0.07500000),(80, 70, 1, 1.17000000),(81, 71, 1, 0.24375000),(82, 72, 1, 0.50700000),(83, 19, 1, 1.17000000),(84, 20, 1, 0.24375000),(85, 69, 1, 0.50700000),(86, 73, 1, 0.04875000),(87, 74, 1, 0.04875000),(88, 75, 1, 11.35500000),(89, 76, 2, 12.65000000),(90, 77, 1, 7.80000000),(91, 14, 1, 11.35500000),(92, 15, 2, 12.65000000),(93, 55, 1, 7.80000000),(94, 78, 1, 1.56000000),(95, 79, 2, 12.65000000),(96, 23, 1, 1.56000000),(97, 24, 2, 12.65000000),(98, 80, 1, 11.35500000),(99, 81, 1, 11.35500000),(106, 86, 1, 29.97000000),(107, 87, 1, 21.15000000),(108, 88, 1, 0.75000000),(109, 32, 1, 29.97000000),(110, 33, 1, 21.15000000),(111, 34, 1, 0.75000000),(118, 92, 1, 16.57500000),(119, 93, 1, 2.92500000),(120, 94, 2, 52.32500000),(121, 38, 1, 16.57500000),(122, 39, 1, 2.92500000),(123, 40, 2, 52.32500000),(124, 95, 1, 0.09750000),(125, 96, 1, 0.09750000),(126, 97, 1, 0.09750000),(127, 98, 1, 0.09750000),(128, 99, 1, 16.57500000),(129, 100, 1, 16.57500000),(130, 101, 1, 0.87750000),(131, 102, 1, 0.87750000),(132, 103, 2, 10.46500000),(133, 104, 2, 10.46500000),(134, 105, 1, 0.09750000),(135, 106, 1, 0.09750000),(136, 107, 1, 0.09750000),(137, 108, 1, 0.09750000),(138, 109, 1, 14.98500000),(139, 110, 1, 14.98500000),(140, 111, 1, 10.57500000),(141, 112, 1, 10.57500000),(142, 113, 1, 0.15000000),(143, 114, 1, 0.15000000),(144, 115, 1, 1.56000000),(145, 116, 1, 1.56000000),(146, 117, 2, 12.65000000),(147, 118, 2, 12.65000000),(148, 119, 1, 11.35500000),(149, 120, 1, 11.35500000),(150, 9, 1, 0.45000000),(151, 10, 1, 10.57500000),(152, 11, 2, 16.10000000),(163, 126, 1, 14.98500000),(164, 127, 1, 10.57500000),(165, 128, 2, 12.65000000),(166, 129, 2, 16.10000000),(167, 130, 1, 0.45000000),(168, 131, 1, 14.98500000),(169, 132, 1, 10.57500000),(170, 133, 1, 0.07500000),(171, 134, 1, 44.28450000),(172, 135, 2, 16.44500000),(173, 136, 1, 0.50700000),(174, 27, 1, 44.28450000),(175, 28, 2, 16.44500000),(176, 85, 1, 0.50700000),(177, 121, 1, 14.98500000),(178, 122, 1, 10.57500000),(179, 123, 2, 12.65000000),(180, 124, 2, 16.10000000),(181, 125, 1, 0.45000000),(182, 137, 1, 101.89800000),(183, 138, 1, 71.91000000),(184, 139, 2, 87.92000000),(185, 140, 1, 0.51000000),(186, 141, 1, 5.30400000),(187, 142, 1, 0.78000000),(188, 143, 1, 22.71000000),(189, 144, 2, 12.65000000);
UNLOCK TABLES;
COMMIT;
BEGIN;
LOCK TABLES `cka_crm`.`sale_types` WRITE;
DELETE FROM `cka_crm`.`sale_types`;
INSERT INTO `cka_crm`.`sale_types` (`id`,`sale_type`,`is_tax_included`,`is_default`) VALUES (1, 'Retail', 1, 1),(2, 'Wholesale', 0, 0);
UNLOCK TABLES;
COMMIT;
BEGIN;
LOCK TABLES `cka_crm`.`security_roles` WRITE;
DELETE FROM `cka_crm`.`security_roles`;
INSERT INTO `cka_crm`.`security_roles` (`id`,`role`,`description`,`sections`,`areas`,`is_active`,`created_at`,`updated_at`) VALUES (1, 'System Administrator', 'System Administrator', 'a:26:{s:8:\"category\";s:3:\"100\";s:4:\"unit\";s:3:\"600\";s:3:\"loc\";s:3:\"200\";s:4:\"item\";s:3:\"300\";s:4:\"user\";s:3:\"400\";s:4:\"role\";s:3:\"500\";s:8:\"customer\";s:3:\"700\";s:8:\"purchase\";s:3:\"900\";s:8:\"supplier\";s:4:\"1000\";s:7:\"payment\";s:4:\"1400\";s:6:\"backup\";s:4:\"1500\";s:5:\"email\";s:4:\"1600\";s:9:\"emailtemp\";s:4:\"1700\";s:10:\"preference\";s:4:\"1800\";s:3:\"tax\";s:4:\"1900\";s:10:\"currencies\";s:4:\"2100\";s:11:\"paymentterm\";s:4:\"2200\";s:13:\"paymentmethod\";s:4:\"2300\";s:14:\"companysetting\";s:4:\"2400\";s:10:\"iecategory\";s:4:\"2600\";s:7:\"expense\";s:4:\"2700\";s:7:\"deposit\";s:4:\"3000\";s:9:\"quotation\";s:4:\"2800\";s:7:\"invoice\";s:4:\"2900\";s:12:\"bank_account\";s:4:\"3100\";s:21:\"bank_account_transfer\";s:4:\"3200\";}', 'a:59:{s:7:\"cat_add\";s:3:\"101\";s:8:\"cat_edit\";s:3:\"102\";s:10:\"cat_delete\";s:3:\"103\";s:8:\"unit_add\";s:3:\"601\";s:9:\"unit_edit\";s:3:\"602\";s:11:\"unit_delete\";s:3:\"603\";s:7:\"loc_add\";s:3:\"201\";s:8:\"loc_edit\";s:3:\"202\";s:10:\"loc_delete\";s:3:\"203\";s:8:\"item_add\";s:3:\"301\";s:9:\"item_edit\";s:3:\"302\";s:11:\"item_delete\";s:3:\"303\";s:8:\"user_add\";s:3:\"401\";s:9:\"user_edit\";s:3:\"402\";s:11:\"user_delete\";s:3:\"403\";s:12:\"customer_add\";s:3:\"701\";s:13:\"customer_edit\";s:3:\"702\";s:15:\"customer_delete\";s:3:\"703\";s:12:\"purchase_add\";s:3:\"901\";s:13:\"purchase_edit\";s:3:\"902\";s:15:\"purchase_delete\";s:3:\"903\";s:12:\"supplier_add\";s:4:\"1001\";s:13:\"supplier_edit\";s:4:\"1002\";s:15:\"supplier_delete\";s:4:\"1003\";s:11:\"payment_add\";s:4:\"1401\";s:12:\"payment_edit\";s:4:\"1402\";s:14:\"payment_delete\";s:4:\"1403\";s:10:\"backup_add\";s:4:\"1501\";s:15:\"backup_download\";s:4:\"1502\";s:7:\"tax_add\";s:4:\"1901\";s:8:\"tax_edit\";s:4:\"1902\";s:10:\"tax_delete\";s:4:\"1903\";s:14:\"currencies_add\";s:4:\"2101\";s:15:\"currencies_edit\";s:4:\"2102\";s:17:\"currencies_delete\";s:4:\"2103\";s:15:\"paymentterm_add\";s:4:\"2201\";s:16:\"paymentterm_edit\";s:4:\"2202\";s:18:\"paymentterm_delete\";s:4:\"2203\";s:17:\"paymentmethod_add\";s:4:\"2301\";s:18:\"paymentmethod_edit\";s:4:\"2302\";s:20:\"paymentmethod_delete\";s:4:\"2303\";s:11:\"expense_add\";s:4:\"2701\";s:12:\"expense_edit\";s:4:\"2702\";s:14:\"expense_delete\";s:4:\"2703\";s:11:\"deposit_add\";s:4:\"3001\";s:12:\"deposit_edit\";s:4:\"3002\";s:14:\"deposit_delete\";s:4:\"3003\";s:13:\"quotation_add\";s:4:\"2801\";s:14:\"quotation_edit\";s:4:\"2802\";s:16:\"quotation_delete\";s:4:\"2803\";s:11:\"invoice_add\";s:4:\"2901\";s:12:\"invoice_edit\";s:4:\"2902\";s:14:\"invoice_delete\";s:4:\"2903\";s:16:\"bank_account_add\";s:4:\"3101\";s:17:\"bank_account_edit\";s:4:\"3102\";s:19:\"bank_account_delete\";s:4:\"3103\";s:25:\"bank_account_transfer_add\";s:4:\"3201\";s:26:\"bank_account_transfer_edit\";s:4:\"3202\";s:28:\"bank_account_transfer_delete\";s:4:\"3203\";}', 0, '2018-11-05 07:21:57', '0000-00-00 00:00:00');
UNLOCK TABLES;
COMMIT;
BEGIN;
LOCK TABLES `cka_crm`.`shipment_details` WRITE;
DELETE FROM `cka_crm`.`shipment_details`;
UNLOCK TABLES;
COMMIT;
BEGIN;
LOCK TABLES `cka_crm`.`shipments` WRITE;
DELETE FROM `cka_crm`.`shipments`;
UNLOCK TABLES;
COMMIT;
BEGIN;
LOCK TABLES `cka_crm`.`sms_config` WRITE;
DELETE FROM `cka_crm`.`sms_config`;
UNLOCK TABLES;
COMMIT;
BEGIN;
LOCK TABLES `cka_crm`.`stock_adjustment_details` WRITE;
DELETE FROM `cka_crm`.`stock_adjustment_details`;
INSERT INTO `cka_crm`.`stock_adjustment_details` (`id`,`stock_adjustment_id`,`item_id`,`description`,`quantity`,`created_at`) VALUES (1, 1, 2, 'iPhone 11 pro', 6.00000000, '2020-04-13 21:12:55'),(2, 2, 4, 'Samsung Galaxy S10', 9.00000000, '2020-04-13 21:12:55'),(3, 2, 12, 'Oats', 3.00000000, '2020-04-13 21:12:55'),(4, 3, 3, 'iPhone 11', 6.00000000, '2020-04-13 21:13:35'),(5, 4, 8, 'Havit Alarm Clock Wireless Speaker', 3.00000000, '2020-04-13 21:13:35'),(6, 2, 5, 'Huawei P30 Pro', 4.00000000, '2020-04-13 21:13:35'),(8, 2, 8, 'Havit Alarm Clock Wireless Speaker', 6.00000000, '2020-04-13 21:14:50'),(9, 2, 9, 'Blender', 9.00000000, '2020-04-13 21:14:50'),(10, 3, 4, 'Samsung Galaxy S10', 10.00000000, '2020-04-13 21:15:23'),(11, 3, 9, 'Blender', 6.00000000, '2020-04-13 21:15:23'),(13, 1, 13, 'Corn Flakes', 4.00000000, '2020-04-13 21:16:06'),(14, 5, 4, 'Samsung Galaxy S10', 3.00000000, '2020-04-13 21:39:16'),(15, 5, 6, 'Apple Watch Series 4', 2.00000000, '2020-04-13 21:39:16');
UNLOCK TABLES;
COMMIT;
BEGIN;
LOCK TABLES `cka_crm`.`stock_adjustments` WRITE;
DELETE FROM `cka_crm`.`stock_adjustments`;
INSERT INTO `cka_crm`.`stock_adjustments` (`id`,`user_id`,`location_id`,`transaction_type`,`total_quantity`,`note`,`transaction_date`) VALUES (1, 1, 1, 'STOCKIN', 10.00000000, 'It is a long established fact that a reader will be distracted by the readable content of a page when looking at its layout. The point of using Lorem Ipsum is that it has a more-or-less normal distribution of letters, as opposed to using \'Content here, content here\', making it look like readable English. Many desktop publishing packages and web page editors now use Lorem Ipsum as their default model text, and a search for \'lorem ipsum\' will uncover many web sites still in their infancy. Various versions have evolved over the years, sometimes by accident, sometimes on purpose (injected humour and the like).', '2021-09-10'),(2, 1, 2, 'STOCKIN', 31.00000000, 'It is a long established fact that a reader will be distracted by the readable content of a page when looking at its layout. The point of using Lorem Ipsum is that it has a more-or-less normal distribution of letters, as opposed to using \'Content here, content here\', making it look like readable English. Many desktop publishing packages and web page editors now use Lorem Ipsum as their default model text, and a search for \'lorem ipsum\' will uncover many web sites still in their infancy. Various versions have evolved over the years, sometimes by accident, sometimes on purpose (injected humour and the like).', '2021-09-10'),(3, 1, 2, 'STOCKOUT', 22.00000000, 'There are many variations of passages of Lorem Ipsum available, but the majority have suffered alteration in some form, by injected humour, or randomised words which don\'t look even slightly believable. If you are going to use a passage of Lorem Ipsum, you need to be sure there isn\'t anything embarrassing hidden in the middle of text. All the Lorem Ipsum generators on the Internet tend to repeat predefined chunks as necessary, making this the first true generator on the Internet. It uses a dictionary of over 200 Latin words, combined with a handful of model sentence structures, to generate Lorem Ipsum which looks reasonable. The generated Lorem Ipsum is therefore always free from repetition, injected humour, or non-characteristic words etc.', '2021-09-10'),(4, 1, 3, 'STOCKIN', 3.00000000, 'The standard chunk of Lorem Ipsum used since the 1500s is reproduced below for those interested. Sections 1.10.32 and 1.10.33 from \"de Finibus Bonorum et Malorum\" by Cicero are also reproduced in their exact original form, accompanied by English versions from the 1914 translation by H. Rackham.', '2021-09-10'),(5, 1, 1, 'STOCKOUT', 5.00000000, 'Lorem ipsum dolor sit amet, consectetur adipiscing elit, sed do eiusmod tempor incididunt ut labore et dolore magna aliqua. Ut enim ad minim veniam, quis nostrud exercitation ullamco laboris nisi ut aliquip ex ea commodo consequat. Duis aute irure dolor in reprehenderit in voluptate velit esse cillum dolore eu fugiat nulla pariatur. Excepteur sint occaecat cupidatat non proident, sunt in culpa qui officia deserunt mollit anim id est laborum.', '2021-09-10');
UNLOCK TABLES;
COMMIT;
BEGIN;
LOCK TABLES `cka_crm`.`stock_categories` WRITE;
DELETE FROM `cka_crm`.`stock_categories`;
INSERT INTO `cka_crm`.`stock_categories` (`id`,`name`,`item_unit_id`,`is_active`,`created_at`,`updated_at`) VALUES (1, 'Electronics', 1, 1, '2020-04-07 09:15:41', '2020-04-07 09:15:41'),(2, 'Home & Lifestyle', 1, 1, '2020-04-07 09:16:29', '2020-04-07 09:16:29'),(3, 'Grocery', 2, 1, '2020-04-07 09:17:51', '2020-04-07 09:17:51'),(4, 'Cloths', 1, 1, '2020-04-07 09:17:51', '2020-04-07 09:17:51'),(5, 'Food & Beverage', 1, 1, '2020-04-07 09:17:51', '2020-04-07 09:17:51');
UNLOCK TABLES;
COMMIT;
BEGIN;
LOCK TABLES `cka_crm`.`stock_moves` WRITE;
DELETE FROM `cka_crm`.`stock_moves`;
INSERT INTO `cka_crm`.`stock_moves` (`id`,`item_id`,`transaction_type_id`,`transaction_type`,`location_id`,`transaction_date`,`user_id`,`transaction_type_detail_id`,`reference`,`note`,`quantity`,`price`) VALUES (2, 2, NULL, 'INITIALSTOCKIN', 1, '2020-04-08', 1, NULL, 'store_in_2', 'Added from initial stock', 10.00000000, 997.00000000),(3, 3, NULL, 'INITIALSTOCKIN', 1, '2020-04-08', 1, NULL, 'store_in_3', 'Added from initial stock', 20.00000000, 690.00000000),(4, 4, NULL, 'INITIALSTOCKIN', 2, '2020-04-08', 1, NULL, 'store_in_4', 'Added from initial stock', 20.00000000, 746.00000000),(5, 5, NULL, 'INITIALSTOCKIN', 2, '2020-04-08', 1, NULL, 'store_in_5', 'Added from initial stock', 10.00000000, 546.00000000),(6, 6, NULL, 'INITIALSTOCKIN', 3, '2020-04-08', 1, NULL, 'store_in_6', 'Added from initial stock', 5.00000000, 650.00000000),(7, 8, NULL, 'INITIALSTOCKIN', 3, '2020-04-08', 1, NULL, 'store_in_8', 'Added from initial stock', 30.00000000, 28.00000000),(8, 9, NULL, 'INITIALSTOCKIN', 2, '2020-04-08', 1, NULL, 'store_in_9', 'Added from initial stock', 50.00000000, 50.00000000),(9, 12, NULL, 'INITIALSTOCKIN', 3, '2020-04-08', 1, NULL, 'store_in_12', 'Added from initial stock', 30.00000000, 4.00000000),(10, 13, NULL, 'INITIALSTOCKIN', 1, '2020-04-08', 1, NULL, 'store_in_13', 'Added from initial stock', 50.00000000, 4.00000000),(11, 14, NULL, 'INITIALSTOCKIN', 3, '2020-04-08', 1, NULL, 'store_in_14', 'Added from initial stock', 10.00000000, 1680.00000000),(12, 15, NULL, 'INITIALSTOCKIN', 2, '2020-04-08', 1, NULL, 'store_in_15', 'Added from initial stock', 10.00000000, 1080.00000000),(13, 4, 9, 'SALESINVOICE', 2, '2020-04-08', 1, 14, 'store_out_9', NULL, -1.00000000, 757.00000000),(14, 5, 9, 'SALESINVOICE', 2, '2020-04-08', 1, 15, 'store_out_9', NULL, -1.00000000, 550.00000000),(16, 8, 14, 'SALESINVOICE', 3, '2020-04-08', 1, 19, 'store_out_14', NULL, -4.00000000, 19.50000000),(17, 12, 14, 'SALESINVOICE', 3, '2020-04-08', 1, 20, 'store_out_14', NULL, -5.00000000, 3.25000000),(18, 9, 16, 'SALESINVOICE', 2, '2020-04-08', 1, 23, 'store_out_16', NULL, -2.00000000, 52.00000000),(19, 5, 16, 'SALESINVOICE', 2, '2020-04-08', 1, 24, 'store_out_16', NULL, -1.00000000, 550.00000000),(20, 4, 18, 'SALESINVOICE', 2, '2020-04-08', 1, 27, 'store_out_18', NULL, -6.00000000, 492.05000000),(21, 5, 18, 'SALESINVOICE', 2, '2020-04-08', 1, 28, 'store_out_18', NULL, -2.00000000, 357.50000000),(22, 2, 22, 'SALESINVOICE', 1, '2020-04-08', 1, 32, 'store_out_22', NULL, -2.00000000, 999.00000000),(23, 3, 22, 'SALESINVOICE', 1, '2020-04-08', 1, 33, 'store_out_22', NULL, -2.00000000, 705.00000000),(24, 13, 22, 'SALESINVOICE', 1, '2020-04-08', 1, 34, 'store_out_22', NULL, -10.00000000, 5.00000000),(25, 14, 26, 'SALESINVOICE', 3, '2020-04-08', 1, 38, 'store_out_26', NULL, -1.00000000, 1105.00000000),(26, 8, 26, 'SALESINVOICE', 3, '2020-04-08', 1, 39, 'store_out_26', NULL, -10.00000000, 19.50000000),(27, 6, 26, 'SALESINVOICE', 3, '2020-04-08', 1, 40, 'store_out_26', NULL, -5.00000000, 455.00000000),(28, 10, 27, 'SALESINVOICE', 1, '2020-04-08', 1, 41, 'store_out_27', NULL, -24.00000000, 80.00000000),(29, 2, 29, 'SALESINVOICE', 1, '2020-04-08', 1, 43, 'store_out_29', NULL, -1.00000000, 999.00000000),(30, 3, 30, 'SALESINVOICE', 3, '2020-04-08', 1, 44, 'store_out_30', NULL, -1.00000000, 705.00000000),(31, 2, 30, 'SALESINVOICE', 3, '2020-04-08', 1, 45, 'store_out_30', NULL, -1.00000000, 999.00000000),(32, 9, 32, 'SALESINVOICE', 3, '2020-04-08', 1, 49, 'store_out_32', NULL, -5.00000000, 52.00000000),(33, 12, 32, 'SALESINVOICE', 3, '2020-04-08', 1, 50, 'store_out_32', NULL, -10.00000000, 5.00000000),(34, 13, 32, 'SALESINVOICE', 3, '2020-04-08', 1, 51, 'store_out_32', NULL, -6.00000000, 5.00000000),(35, 13, 1, 'STOCKMOVEIN', 3, '2020-04-08', 1, NULL, 'moved_from_1', NULL, 20.00000000, 0.00000000),(36, 13, 1, 'STOCKMOVEOUT', 1, '2020-04-08', 1, NULL, 'moved_in_3', NULL, -20.00000000, 0.00000000),(37, 9, 2, 'STOCKMOVEIN', 3, '2020-04-08', 1, NULL, 'moved_from_2', NULL, 10.00000000, 0.00000000),(38, 9, 2, 'STOCKMOVEOUT', 2, '2020-04-08', 1, NULL, 'moved_in_3', NULL, -10.00000000, 0.00000000),(39, 9, 9, 'SALESINVOICE', 2, '2020-04-08', 1, 55, 'store_out_55', NULL, -10.00000000, 0.00000000),(40, 2, 10, 'SALESINVOICE', 1, '2020-04-08', 1, 60, 'store_out_60', NULL, -1.00000000, 0.00000000),(41, 3, 10, 'SALESINVOICE', 1, '2020-04-08', 1, 61, 'store_out_61', NULL, -1.00000000, 0.00000000),(42, 13, 10, 'SALESINVOICE', 1, '2020-04-08', 1, 62, 'store_out_62', NULL, -1.00000000, 0.00000000),(43, 9, 14, 'SALESINVOICE', 3, '2020-04-08', 1, 69, 'store_out_69', NULL, -1.00000000, 0.00000000),(44, 13, 14, 'SALESINVOICE', 3, '2020-04-08', 1, 74, 'store_out_74', NULL, -1.00000000, 0.00000000),(45, 4, 16, 'SALESINVOICE', 2, '2020-04-08', 1, 81, 'store_out_81', NULL, -1.00000000, 0.00000000),(46, 9, 18, 'SALESINVOICE', 2, '2020-04-08', 1, 85, 'store_out_85', NULL, -1.00000000, 0.00000000),(47, 12, 26, 'SALESINVOICE', 3, '2020-04-08', 1, 97, 'store_out_97', NULL, -2.00000000, 0.00000000),(48, 13, 26, 'SALESINVOICE', 3, '2020-04-08', 1, 98, 'store_out_98', NULL, -2.00000000, 0.00000000),(49, 14, 34, 'SALESINVOICE', 3, '2020-04-09', 1, 100, 'store_out_33', NULL, 1.00000000, 1105.00000000),(50, 8, 34, 'SALESINVOICE', 3, '2020-04-09', 1, 102, 'store_out_33', NULL, 3.00000000, 19.50000000),(51, 6, 34, 'SALESINVOICE', 3, '2020-04-09', 1, 104, 'store_out_33', NULL, 1.00000000, 455.00000000),(52, 12, 34, 'SALESINVOICE', 3, '2020-04-09', 1, 106, 'store_out_33', NULL, 2.00000000, 3.25000000),(53, 13, 34, 'SALESINVOICE', 3, '2020-04-09', 1, 108, 'store_out_33', NULL, 2.00000000, 3.25000000),(54, 2, 36, 'SALESINVOICE', 1, '2020-04-09', 1, 110, 'store_out_35', NULL, 1.00000000, 999.00000000),(55, 3, 36, 'SALESINVOICE', 1, '2020-04-09', 1, 112, 'store_out_35', NULL, 1.00000000, 705.00000000),(56, 13, 36, 'SALESINVOICE', 1, '2020-04-09', 1, 114, 'store_out_35', NULL, 2.00000000, 5.00000000),(57, 9, 38, 'SALESINVOICE', 2, '2020-04-09', 1, 116, 'store_out_37', NULL, 2.00000000, 52.00000000),(58, 5, 38, 'SALESINVOICE', 2, '2020-04-09', 1, 118, 'store_out_37', NULL, 1.00000000, 550.00000000),(59, 4, 38, 'SALESINVOICE', 2, '2020-04-09', 1, 120, 'store_out_37', NULL, 1.00000000, 757.00000000),(60, 2, 1, 'PURCHINVOICE', 1, '2020-04-13', 1, 1, 'store_in_1', NULL, 3.00000000, 999.00000000),(61, 5, 1, 'PURCHINVOICE', 1, '2020-04-13', 1, 2, 'store_in_1', NULL, 2.00000000, 546.00000000),(62, 12, 1, 'PURCHINVOICE', 1, '2020-04-13', 1, 3, 'store_in_1', NULL, 6.00000000, 4.00000000),(63, 8, 2, 'PURCHINVOICE', 2, '2020-04-13', 1, 4, 'store_in_3', NULL, 10.00000000, 46.20000000),(64, 4, 2, 'PURCHINVOICE', 2, '2020-04-13', 1, 5, 'store_in_3', NULL, 5.00000000, 1234.20000000),(65, 3, 3, 'PURCHINVOICE', 3, '2020-04-13', 1, 6, 'store_in_9', NULL, 3.00000000, 695.00000000),(66, 2, 3, 'PURCHINVOICE', 3, '2020-04-13', 1, 7, 'store_in_9', NULL, 2.00000000, 999.00000000),(67, 4, 3, 'PURCHINVOICE', 3, '2020-04-13', 1, 8, 'store_in_9', NULL, 1.00000000, 748.00000000),(68, 9, 4, 'PURCHINVOICE', 3, '2020-04-13', 1, 9, 'store_in_12', NULL, 4.00000000, 1500.50000000),(69, 13, 4, 'PURCHINVOICE', 3, '2020-04-13', 1, 10, 'store_in_12', NULL, 3.00000000, 2500.04000000),(70, 12, 4, 'PURCHINVOICE', 3, '2020-04-13', 1, 11, 'store_in_12', NULL, 2.00000000, 1500.04000000),(71, 8, 5, 'PURCHINVOICE', 2, '2020-04-13', 1, 12, 'store_in_13', NULL, 1.00000000, 46.20000000),(72, 4, 5, 'PURCHINVOICE', 2, '2020-04-13', 1, 13, 'store_in_13', NULL, 0.00000000, 1234.20000000),(73, 5, 5, 'PURCHINVOICE', 2, '2020-04-13', 1, 14, 'store_in_13', NULL, 3.00000000, 900.90000000),(74, 8, 6, 'PURCHINVOICE', 2, '2020-04-13', 1, 15, 'store_in_13', NULL, 0.00000000, 46.20000000),(75, 4, 6, 'PURCHINVOICE', 2, '2020-04-13', 1, 16, 'store_in_13', NULL, 0.00000000, 1234.20000000),(76, 5, 6, 'PURCHINVOICE', 2, '2020-04-13', 1, 17, 'store_in_13', NULL, 4.00000000, 900.90000000),(77, 9, 7, 'PURCHINVOICE', 3, '2020-04-13', 1, 18, 'store_in_14', NULL, 0.00000000, 1500.50000000),(78, 13, 7, 'PURCHINVOICE', 3, '2020-04-13', 1, 19, 'store_in_14', NULL, 0.00000000, 2500.04000000),(79, 12, 7, 'PURCHINVOICE', 3, '2020-04-13', 1, 20, 'store_in_14', NULL, 0.00000000, 1500.04000000),(80, 8, 7, 'PURCHINVOICE', 3, '2020-04-13', 1, 21, 'store_in_14', NULL, 16.00000000, 9.28000000),(81, 5, 8, 'PURCHINVOICE', 2, '2020-04-13', 1, 22, 'store_in_8', NULL, 2.00000000, 546.00000000),(82, 5, 9, 'PURCHINVOICE', 2, '2020-04-13', 1, 23, 'store_in_8', NULL, 1.00000000, 546.00000000),(83, 4, 10, 'PURCHINVOICE', 1, '2020-04-13', 1, 24, 'store_in_6', NULL, 3.00000000, 1047.20000000),(84, 6, 10, 'PURCHINVOICE', 1, '2020-04-13', 1, 25, 'store_in_6', NULL, 2.00000000, 910.00000000),(85, 4, 11, 'PURCHINVOICE', 1, '2020-04-13', 1, 26, 'store_in_6', NULL, 4.00000000, 1047.20000000),(86, 6, 11, 'PURCHINVOICE', 1, '2020-04-13', 1, 27, 'store_in_6', NULL, 7.00000000, 910.00000000),(87, 9, 12, 'PURCHINVOICE', 3, '2020-04-13', 1, 28, 'store_in_2', NULL, 2.00000000, 70.00000000),(88, 6, 12, 'PURCHINVOICE', 3, '2020-04-13', 1, 29, 'store_in_2', NULL, 3.00000000, 910.00000000),(89, 3, 3, 'STOCKMOVEIN', 2, '2020-04-13', 1, NULL, 'moved_from_1', 'Lorem Ipsum is simply dummy text of the printing and typesetting industry. Lorem Ipsum has been the industry\'s standard dummy text ever since the 1500s, when an unknown printer took a galley ', 3.00000000, 0.00000000),(90, 3, 3, 'STOCKMOVEOUT', 1, '2020-04-13', 1, NULL, 'moved_in_2', 'Lorem Ipsum is simply dummy text of the printing and typesetting industry. Lorem Ipsum has been the industry\'s standard dummy text ever since the 1500s, when an unknown printer took a galley ', -3.00000000, 0.00000000),(91, 12, 4, 'STOCKMOVEIN', 2, '2020-04-13', 1, NULL, 'moved_from_1', 'Lorem Ipsum is simply dummy text of the printing and typesetting industry. Lorem Ipsum has been the industry\'s standard dummy text ever since the 1500s, when an unknown printer took a galley ', 2.00000000, 0.00000000),(92, 12, 3, 'STOCKMOVEOUT', 1, '2020-04-13', 1, NULL, 'moved_in_2', 'Lorem Ipsum is simply dummy text of the printing and typesetting industry. Lorem Ipsum has been the industry\'s standard dummy text ever since the 1500s, when an unknown printer took a galley ', -2.00000000, 0.00000000),(93, 4, 2, 'STOCKMOVEIN', 3, '2020-04-13', 1, NULL, 'moved_from_1', 'Lorem Ipsum is simply dummy text of the printing and typesetting industry. Lorem Ipsum has been the industry\'s standard dummy text ever since the 1500s, when an unknown printer took a galley ', 4.00000000, 0.00000000),(94, 4, 4, 'STOCKMOVEOUT', 1, '2020-04-13', 1, NULL, 'moved_in_3', 'Lorem Ipsum is simply dummy text of the printing and typesetting industry. Lorem Ipsum has been the industry\'s standard dummy text ever since the 1500s, when an unknown printer took a galley ', -6.00000000, 0.00000000),(95, 5, 5, 'STOCKMOVEIN', 3, '2020-04-13', 1, NULL, 'moved_from_1', 'Lorem Ipsum is simply dummy text of the printing and typesetting industry. Lorem Ipsum has been the industry\'s standard dummy text ever since the 1500s, when an unknown printer took a galley ', 1.00000000, 0.00000000),(96, 5, 4, 'STOCKMOVEOUT', 1, '2020-04-13', 1, NULL, 'moved_in_3', 'Lorem Ipsum is simply dummy text of the printing and typesetting industry. Lorem Ipsum has been the industry\'s standard dummy text ever since the 1500s, when an unknown printer took a galley ', -1.00000000, 0.00000000),(97, 4, 4, 'STOCKMOVEIN', 1, '2020-04-13', 1, NULL, 'moved_from_2', 'It is a long established fact that a reader will be distracted by the readable content of a page when looking at its layout. The point of using Lorem Ipsum is that it has a more-or-less norma', 6.00000000, 0.00000000),(98, 4, 5, 'STOCKMOVEOUT', 2, '2020-04-13', 1, NULL, 'moved_in_1', 'It is a long established fact that a reader will be distracted by the readable content of a page when looking at its layout. The point of using Lorem Ipsum is that it has a more-or-less norma', -6.00000000, 0.00000000),(99, 9, 5, 'STOCKMOVEIN', 1, '2020-04-13', 1, NULL, 'moved_from_2', 'It is a long established fact that a reader will be distracted by the readable content of a page when looking at its layout. The point of using Lorem Ipsum is that it has a more-or-less norma', 4.00000000, 0.00000000),(100, 9, 6, 'STOCKMOVEOUT', 2, '2020-04-13', 1, NULL, 'moved_in_1', 'It is a long established fact that a reader will be distracted by the readable content of a page when looking at its layout. The point of using Lorem Ipsum is that it has a more-or-less norma', -4.00000000, 0.00000000),(101, 2, 1, 'STOCKIN', 1, '2020-04-13', 1, NULL, 'adjustment_in_1', 'It is a long established fact that a reader will be distracted by the readable content of a page when looking at its layout. The point of using Lorem Ipsum is that it has a more-or-less norma', 6.00000000, 0.00000000),(102, 4, 2, 'STOCKIN', 1, '2020-04-13', 1, NULL, 'adjustment_in_2', 'It is a long established fact that a reader will be distracted by the readable content of a page when looking at its layout. The point of using Lorem Ipsum is that it has a more-or-less norma', 9.00000000, 0.00000000),(103, 12, 2, 'STOCKIN', 1, '2020-04-13', 1, NULL, 'adjustment_in_2', 'It is a long established fact that a reader will be distracted by the readable content of a page when looking at its layout. The point of using Lorem Ipsum is that it has a more-or-less norma', 3.00000000, 0.00000000),(104, 3, 3, 'STOCKIN', 2, '2020-04-13', 1, NULL, 'adjustment_in_3', 'It is a long established fact that a reader will be distracted by the readable content of a page when looking at its layout. The point of using Lorem Ipsum is that it has a more-or-less norma', 6.00000000, 0.00000000),(105, 8, 5, 'STOCKIN', 2, '2020-04-13', 1, NULL, 'adjustment_in_5', 'It is a long established fact that a reader will be distracted by the readable content of a page when looking at its layout. The point of using Lorem Ipsum is that it has a more-or-less norma', 3.00000000, 0.00000000),(106, 5, 4, 'STOCKIN', 2, '2020-04-13', 1, NULL, 'adjustment_in_4', 'It is a long established fact that a reader will be distracted by the readable content of a page when looking at its layout. The point of using Lorem Ipsum is that it has a more-or-less norma', 4.00000000, 0.00000000),(107, 4, 4, 'STOCKOUT', 2, '2020-04-13', 1, NULL, 'adjustment_out_4', 'There are many variations of passages of Lorem Ipsum available, but the majority have suffered alteration in some form, by injected humour, or randomised words which don\'t look even slightly ', -7.00000000, 0.00000000),(109, 9, 3, 'STOCKOUT', 2, '2020-04-13', 1, NULL, 'adjustment_out_3', 'There are many variations of passages of Lorem Ipsum available, but the majority have suffered alteration in some form, by injected humour, or randomised words which don\'t look even slightly ', -6.00000000, 0.00000000),(110, 4, 1, 'STOCKIN', 3, '2020-04-13', 1, NULL, 'adjustment_in_1', 'The standard chunk of Lorem Ipsum used since the 1500s is reproduced below for those interested. Sections 1.10.32 and 1.10.33 from \"de Finibus Bonorum et Malorum\" by Cicero are also reproduce', 10.00000000, 0.00000000),(111, 9, 2, 'STOCKIN', 3, '2020-04-13', 1, NULL, 'adjustment_in_2', 'The standard chunk of Lorem Ipsum used since the 1500s is reproduced below for those interested. Sections 1.10.32 and 1.10.33 from \"de Finibus Bonorum et Malorum\" by Cicero are also reproduce', 9.00000000, 0.00000000),(112, 4, 4, 'STOCKOUT', 1, '2020-04-13', 1, NULL, 'adjustment_out_4', 'Contrary to popular belief, Lorem Ipsum is not simply random text. It has roots in a piece of classical Latin literature from 45 BC, making it over 2000 years old. Richard McClintock, a Latin', -3.00000000, 0.00000000),(114, 4, 5, 'STOCKOUT', 1, '2020-04-13', 1, NULL, 'adjustment_out_5', 'Lorem ipsum dolor sit amet, consectetur adipiscing elit, sed do eiusmod tempor incididunt ut labore et dolore magna aliqua. Ut enim ad minim veniam, quis nostrud exercitation ullamco laboris ', -3.00000000, 0.00000000),(115, 6, 5, 'STOCKOUT', 1, '2020-04-13', 1, NULL, 'adjustment_out_5', 'Lorem ipsum dolor sit amet, consectetur adipiscing elit, sed do eiusmod tempor incididunt ut labore et dolore magna aliqua. Ut enim ad minim veniam, quis nostrud exercitation ullamco laboris ', -2.00000000, 0.00000000),(116, 2, 42, 'POSINVOICE', 1, '2020-04-15', 1, 137, 'store_out_137', NULL, -1.00000000, 999.00000000),(117, 3, 42, 'POSINVOICE', 1, '2020-04-15', 1, 138, 'store_out_138', NULL, -1.00000000, 705.00000000),(118, 6, 42, 'POSINVOICE', 1, '2020-04-15', 1, 139, 'store_out_139', NULL, -1.00000000, 700.00000000),(119, 13, 42, 'POSINVOICE', 1, '2020-04-15', 1, 140, 'store_out_140', NULL, -1.00000000, 5.00000000),(120, 9, 42, 'POSINVOICE', 1, '2020-04-15', 1, 141, 'store_out_141', NULL, -1.00000000, 52.00000000),(121, 16, NULL, 'INITIALSTOCKIN', 1, '2020-04-15', 1, NULL, 'store_in_16', 'Added from initial stock', 10.00000000, 190.00000000),(122, 17, NULL, 'INITIALSTOCKIN', 1, '2020-04-15', 1, NULL, 'store_in_17', 'Added from initial stock', 10.00000000, 250.00000000),(123, 18, NULL, 'INITIALSTOCKIN', 1, '2020-04-15', 1, NULL, 'store_in_18', 'Added from initial stock', 10.00000000, 595.00000000),(124, 19, NULL, 'INITIALSTOCKIN', 1, '2020-04-15', 1, NULL, 'store_in_19', 'Added from initial stock', 10.00000000, 299.00000000),(125, 20, NULL, 'INITIALSTOCKIN', 1, '2020-04-15', 1, NULL, 'store_in_20', 'Added from initial stock', 10.00000000, 20.00000000),(126, 21, NULL, 'INITIALSTOCKIN', 1, '2020-04-15', 1, NULL, 'store_in_21', 'Added from initial stock', 50.00000000, 1.00000000),(127, 22, NULL, 'INITIALSTOCKIN', 1, '2020-04-15', 1, NULL, 'store_in_22', 'Added from initial stock', 5.00000000, 120.00000000),(128, 23, NULL, 'INITIALSTOCKIN', 1, '2020-04-15', 1, NULL, 'store_in_23', 'Added from initial stock', 5.00000000, 120.00000000),(129, 24, NULL, 'INITIALSTOCKIN', 1, '2020-04-15', 1, NULL, 'store_in_23', 'Added from initial stock', 5.00000000, 15.00000000),(130, 25, NULL, 'INITIALSTOCKIN', 1, '2020-04-15', 1, NULL, 'store_in_23', 'Added from initial stock', 5.00000000, 8.00000000),(131, 26, NULL, 'INITIALSTOCKIN', 1, '2020-04-15', 1, NULL, 'store_in_23', 'Added from initial stock', 5.00000000, 5.00000000),(132, 9, 43, 'POSINVOICE', 1, '2021-09-20', 1, 142, 'store_out_142', NULL, -1.00000000, 52.00000000),(133, 4, 43, 'POSINVOICE', 1, '2021-09-20', 1, 143, 'store_out_143', NULL, -2.00000000, 757.00000000),(134, 5, 43, 'POSINVOICE', 1, '2021-09-20', 1, 144, 'store_out_144', NULL, -1.00000000, 550.00000000);
UNLOCK TABLES;
COMMIT;
BEGIN;
LOCK TABLES `cka_crm`.`stock_transfers` WRITE;
DELETE FROM `cka_crm`.`stock_transfers`;
INSERT INTO `cka_crm`.`stock_transfers` (`id`,`user_id`,`source_location_id`,`destination_location_id`,`note`,`quantity`,`transfer_date`) VALUES (1, 1, 1, 3, NULL, 20.00000000, '2021-09-10'),(2, 1, 2, 3, NULL, 14.00000000, '2021-09-10'),(3, 1, 1, 2, 'Lorem Ipsum is simply dummy text of the printing and typesetting industry. Lorem Ipsum has been the industry\'s standard dummy text ever since the 1500s, when an unknown printer took a galley of type and scrambled it to make a type specimen book. It has survived not only five centuries', 3.00000000, '2021-09-10'),(4, 1, 1, 3, 'Lorem Ipsum is simply dummy text of the printing and typesetting industry. Lorem Ipsum has been the industry\'s standard dummy text ever since the 1500s, when an unknown printer took a galley of type and scrambled it to make a type specimen book. It has survived not only five centuries', 8.00000000, '2021-09-10'),(5, 1, 2, 1, 'It is a long established fact that a reader will be distracted by the readable content of a page when looking at its layout. The point of using Lorem Ipsum is that it has a more-or-less normal distribution of letters, as opposed to using \'Content here, content here\', making it look like readable English. Many desktop publishing packages and web page editors now use Lorem Ipsum as their default model text, and a search for \'lorem ipsum\' will uncover many web sites still in their infancy. Various versions have evolved over the years, sometimes by accident, sometimes on purpose (injected humour and the like).', 5.00000000, '2021-09-10');
UNLOCK TABLES;
COMMIT;
BEGIN;
LOCK TABLES `cka_crm`.`supplier_transactions` WRITE;
DELETE FROM `cka_crm`.`supplier_transactions`;
INSERT INTO `cka_crm`.`supplier_transactions` (`id`,`user_id`,`transaction_reference_id`,`currency_id`,`supplier_id`,`purchase_order_id`,`payment_method_id`,`transaction_date`,`amount`,`exchange_rate`,`created_at`) VALUES (21, 1, 44, 3, 5, 1, 1, '2021-09-10', 3918.57000000, 1.00000000, '2020-04-13 21:04:53'),(22, 1, 45, 2, 2, 7, 3, '2021-09-10', 9612.88000000, 1.00000000, '2020-04-13 21:06:20'),(23, 1, 46, 1, 4, 12, NULL, '2020-04-08', 16507.68000000, 1.00000000, '2020-04-13 21:08:36'),(24, 1, 47, 2, 2, 4, NULL, '2021-09-10', 81.83000000, 1.00000000, '2020-04-13 21:09:02'),(25, 1, 48, 1, 4, 14, NULL, '2021-09-10', 17042.46000000, 1.53000000, '2020-04-13 21:09:40');
UNLOCK TABLES;
COMMIT;
BEGIN;
LOCK TABLES `cka_crm`.`suppliers` WRITE;
DELETE FROM `cka_crm`.`suppliers`;
INSERT INTO `cka_crm`.`suppliers` (`id`,`name`,`email`,`street`,`contact`,`tax_id`,`currency_id`,`city`,`state`,`zipcode`,`country_id`,`is_active`,`created_at`,`updated_at`) VALUES (1, 'Dominik Meister', 'meister@demo.com', 'Nuernbergerstrasse 11', '04421626012', NULL, 2, 'Wilhelmshaven', 'Niedersachsen', '26386', 82, 1, '2021-09-10 08:12:06', '2021-09-11 08:12:06'),(2, 'DavidBeckenbauer', 'beckenbauer@demo.com', 'Neuer Jungfernstieg 48', '08751492559', NULL, 2, 'Rudelzhausen', 'Freistaat Bayern', '84104', 82, 1, '2021-09-10 08:12:06', '2021-09-11 08:12:06'),(3, 'Zara S Hicks', 'hicks@demo.com', '67  Souterhead Road', '07988986906', NULL, 4, 'LOW HESLEYHURST', NULL, 'NE65 7LG', 226, 1, '2021-09-10 08:12:06', NULL),(4, 'Joseph E Findley', 'findley@demo.com', '4434  Fittro Street', '870-351-5716', NULL, 1, 'Little Rock', 'Arkansas', '72212', 1, 1, '2021-09-10 08:12:06', '2021-09-11 08:12:06'),(5, 'Clifton M Watkins', 'watkins@demo.com', '3164  Oak Ridge Drive', '573-598-7156', NULL, 3, 'Annapolis', 'Missouri', '63620', 1, 1, '2021-09-10 08:12:06', '2021-09-11 08:12:06');
UNLOCK TABLES;
COMMIT;
BEGIN;
LOCK TABLES `cka_crm`.`tag_assigns` WRITE;
DELETE FROM `cka_crm`.`tag_assigns`;
INSERT INTO `cka_crm`.`tag_assigns` (`id`,`tag_type`,`tag_id`,`reference_id`) VALUES (1, 'project', 1, 1),(2, 'project', 2, 1),(3, 'project', 3, 1),(4, 'project', 4, 2),(5, 'project', 5, 2),(6, 'project', 6, 2),(7, 'project', 7, 3),(8, 'project', 8, 3),(9, 'project', 9, 3),(10, 'project', 10, 4),(11, 'project', 11, 4),(12, 'project', 12, 5),(13, 'project', 13, 5),(14, 'project', 14, 5),(15, 'task', 15, 135),(16, 'task', 16, 135),(17, 'task', 17, 135),(18, 'lead', 4, 1),(19, 'lead', 5, 1),(20, 'lead', 6, 1),(21, 'lead', 8, 1),(22, 'lead', 16, 1);
UNLOCK TABLES;
COMMIT;
BEGIN;
LOCK TABLES `cka_crm`.`tags` WRITE;
DELETE FROM `cka_crm`.`tags`;
INSERT INTO `cka_crm`.`tags` (`id`,`name`) VALUES (12, 'Billing'),(8, 'booking'),(2, 'Business'),(1, 'CRM'),(3, 'eBusiness'),(5, 'eMoney'),(4, 'eWallet'),(6, 'exchange'),(16, 'NewFeature'),(10, 'POS'),(15, 'Project'),(14, 'projects'),(9, 'restZone'),(11, 'sellProduct'),(13, 'shopManagement'),(17, 'UserRegistration'),(7, 'vRent');
UNLOCK TABLES;
COMMIT;
BEGIN;
LOCK TABLES `cka_crm`.`task_assigns` WRITE;
DELETE FROM `cka_crm`.`task_assigns`;
INSERT INTO `cka_crm`.`task_assigns` (`id`,`user_id`,`task_id`,`assigned_by`,`is_assigned_by_customer`) VALUES (1, 3, 131, 1, 0),(2, 4, 131, 1, 0),(3, 1, 132, 1, 0),(4, 2, 132, 1, 0),(5, 2, 133, 1, 0),(6, 4, 133, 1, 0),(7, 5, 133, 1, 0),(9, 2, 134, 1, 0),(10, 2, 135, 1, 0),(11, 4, 135, 1, 0),(12, 2, 136, 1, 0),(13, 5, 136, 1, 0),(14, 1, 136, 1, 0),(15, 1, 137, 1, 0),(16, 2, 137, 1, 0),(17, 4, 137, 1, 0);
UNLOCK TABLES;
COMMIT;
BEGIN;
LOCK TABLES `cka_crm`.`task_comments` WRITE;
DELETE FROM `cka_crm`.`task_comments`;
UNLOCK TABLES;
COMMIT;
BEGIN;
LOCK TABLES `cka_crm`.`task_statuses` WRITE;
DELETE FROM `cka_crm`.`task_statuses`;
INSERT INTO `cka_crm`.`task_statuses` (`id`,`name`,`status_order`,`color`) VALUES (1, 'Not Started', 1, '#F22012'),(2, 'In Progress', 3, '#04a9f5'),(3, 'Testing', 4, '#5a4d4d'),(4, 'Complete', 5, '#00b894'),(5, 'On Hold', 2, '#fdcb6e'),(6, 'Re-open', 6, '#F22012');
UNLOCK TABLES;
COMMIT;
BEGIN;
LOCK TABLES `cka_crm`.`task_timers` WRITE;
DELETE FROM `cka_crm`.`task_timers`;
INSERT INTO `cka_crm`.`task_timers` (`id`,`user_id`,`task_id`,`start_time`,`end_time`,`hourly_rate`,`note`) VALUES (27, 1, 136, '1586962251', '1586962339', 0.00000000, 'Complete'),(28, 1, 137, '1586962491', '1586962509', 0.00000000, 'Complete'),(29, 1, 132, '1586962584', '1586962604', 0.00000000, 'Complete');
UNLOCK TABLES;
COMMIT;
BEGIN;
LOCK TABLES `cka_crm`.`tasks` WRITE;
DELETE FROM `cka_crm`.`tasks`;
INSERT INTO `cka_crm`.`tasks` (`id`,`name`,`description`,`priority_id`,`created_at`,`start_date`,`due_date`,`finished_date`,`user_id`,`task_status_id`,`recurring_type`,`repeat_every`,`recurring`,`recurring_ends_on`,`related_to_id`,`related_to_type`,`custom_recurring`,`last_recurring_date`,`is_public`,`is_billable`,`is_billed`,`invoice_id`,`hourly_rate`,`milestone_id`,`is_visible_to_customer`,`deadline_notified`) VALUES (131, 'Tax and discount calculation for invoice, quoation, purchase and POS', 'This  document  was  written  in  Microsoft  Word,  and  makes  heavy  use  of  styles.    The  styles dialog is initially located on the menu bar under the Home tab in MS Word.  It is recommended that the styles dialog be pulled off into a separate wind.', 3, '2020-04-13 14:39:43', '2021-09-10', '2021-09-14', NULL, 1, 1, NULL, NULL, 0, NULL, 5, 1, 0, NULL, 0, 0, 0, 0, 0.00000000, NULL, 0, 0),(132, 'Inactive item categories are showing in item edit category drop down option.', 'The software design document (SDD) typically describes a software product\'s data design, architecture design, interface design, and procedural design. The content and organization of an SDD is specified by the IEEE 1016 standard.', 3, '2020-04-13 14:42:38', '2021-09-10', NULL, NULL, 1, 1, NULL, NULL, 0, NULL, 3, 2, 0, NULL, 0, 0, 0, 0, 10.00000000, NULL, 0, 0),(133, 'Improvement - Removal of PerfectMoney Payment Method from everywhere', 'PayMoney is an online payment gateway that ensures smooth and secure transaction from the pre-payment to the pay-out process. PayMoney is a much simpler & convenient way to send money online rather than going to bank or other ways. Just follow the PayMoney documentation to get started.', 2, '2020-04-13 14:49:53', '2021-09-10', NULL, NULL, 1, 1, NULL, NULL, 0, NULL, 2, 1, 0, NULL, 0, 0, 0, 0, NULL, NULL, 0, 0),(134, 'Bug Fix - Send money confirm incorrect amount and total display', 'PayMoney is an online payment gateway that ensures smooth and secure transaction from the pre-payment to the pay-out process. PayMoney is a much simpler & convenient way to send money online rather than going to bank or other ways. Just follow the PayMoney documentation to get started.', 3, '2020-04-13 14:51:44', '2021-09-10', NULL, NULL, 1, 1, NULL, NULL, 0, NULL, 4, 2, 0, NULL, 0, 0, 0, 0, 12.00000000, NULL, 0, 0),(135, 'New feature - selection of fiat currency wallets during user registration', 'A point of sale inventory management system allows a business owner to have more than one business location and adequately keep track of inventory at each without being present  no more worries about employee theft or pricing inconsistency between one location and another.', 1, '2020-04-13 14:54:48', '2021-09-10', NULL, NULL, 1, 1, NULL, NULL, 0, NULL, 4, 1, 0, NULL, 0, 0, 0, 0, NULL, NULL, 0, 0),(136, 'Property Inspection Request while users is submitting properties', 'Vacation Rental Marketplace by techvillage1 on CodeCanyon. Support/Help are provided by Support Ticket. Please send us e-mail for further info.', 1, '2020-04-13 14:58:11', '2021-09-10', '2021-09-17', NULL, 1, 1, NULL, NULL, 0, NULL, 3, 1, 0, NULL, 0, 0, 0, 0, NULL, NULL, 0, 0),(137, 'Add host messages option by admin and update some task in vrent admin panel', 'vRent is an online vacation rental booking website designed particularly for holiday rentals all over the world. vRent is exclusively designed to satisfy the needs of the landlords who want to seriously make money by listing vacation rentals from all around the globe. vRent allows you to create your own vacation rental platform to help guests to find space for a cost.', 1, '2020-04-13 15:01:11', '2021-09-10', '2021-09-17', NULL, 1, 1, NULL, NULL, 0, NULL, 4, 2, 0, NULL, 0, 0, 0, 0, 5.00000000, NULL, 0, 0);
UNLOCK TABLES;
COMMIT;
BEGIN;
LOCK TABLES `cka_crm`.`tax_types` WRITE;
DELETE FROM `cka_crm`.`tax_types`;
INSERT INTO `cka_crm`.`tax_types` (`id`,`name`,`tax_rate`,`is_default`) VALUES (1, 'Import', 1.50000000, 0),(2, 'Export', 2.30000000, 1);
UNLOCK TABLES;
COMMIT;
BEGIN;
LOCK TABLES `cka_crm`.`ticket_replies` WRITE;
DELETE FROM `cka_crm`.`ticket_replies`;
INSERT INTO `cka_crm`.`ticket_replies` (`id`,`ticket_id`,`user_id`,`customer_id`,`date`,`message`,`has_attachment`) VALUES (1, 113, 1, NULL, '2021-09-10 08:12:41', '<p>Hello</p>', 0),(2, 113, NULL, 1, '2021-09-10 08:12:41', '<p>Hi</p>', 0),(3, 113, 1, NULL, '2021-09-10 08:12:41', '<p>How can i help you?</p>', 0),(4, 113, NULL, 1, '2021-09-10 08:12:41', '<p>Give instruction how to set up the environment for this project.</p>', 0),(5, 114, 1, NULL, '2021-09-10 08:12:41', '<p>purchase</p>', 0),(6, 115, 1, NULL, '2021-09-10 08:12:41', '<p>details of vRent</p>', 0);
UNLOCK TABLES;
COMMIT;
BEGIN;
LOCK TABLES `cka_crm`.`ticket_statuses` WRITE;
DELETE FROM `cka_crm`.`ticket_statuses`;
INSERT INTO `cka_crm`.`ticket_statuses` (`id`,`name`,`is_default`,`color`) VALUES (1, 'Open', 1, '#ff2d42'),(2, 'In progress', 0, '#84c529'),(3, 'On Hold', 0, '#848484'),(4, 'Closed', 0, '#03a9f4'),(5, 'Answered', 0, '#0000ff');
UNLOCK TABLES;
COMMIT;
BEGIN;
LOCK TABLES `cka_crm`.`tickets` WRITE;
DELETE FROM `cka_crm`.`tickets`;
INSERT INTO `cka_crm`.`tickets` (`id`,`customer_id`,`email`,`name`,`department_id`,`priority_id`,`ticket_status_id`,`ticket_key`,`subject`,`user_id`,`date`,`project_id`,`last_reply`,`assigned_member_id`) VALUES (113, 1, 'jones@techvill.net', 'William Jones', 2, 3, 1, 'TIC-5e96ff969a1cb', 'Set Up the environment', 1, '2021-09-10 08:12:30', 5, '2021-09-10 08:12:30', 1),(114, 1, 'jones@techvill.net', 'William Jones', 3, 2, 1, 'TIC-5e971ecb4e2e7', 'Purchase', 1, '2021-09-10 08:12:30', 2, '2021-09-10 08:12:30', 2),(115, 4, 'morrison@techvill.net', 'Harvey Morrison', 2, 3, 1, 'TIC-5e971f1286fae', 'Product Details', 1, '2021-09-10 08:12:30', 3, '2021-09-10 08:12:30', 3);
UNLOCK TABLES;
COMMIT;
BEGIN;
LOCK TABLES `cka_crm`.`transaction_references` WRITE;
DELETE FROM `cka_crm`.`transaction_references`;
INSERT INTO `cka_crm`.`transaction_references` (`id`,`object_id`,`reference_type`,`code`) VALUES (1, NULL, 'OPENING_BALANCE', '001/2020'),(2, NULL, 'OPENING_BALANCE', '002/2020'),(3, NULL, 'OPENING_BALANCE', '003/2020'),(4, NULL, 'OPENING_BALANCE', '004/2020'),(5, NULL, 'DEPOSIT', '001/2020'),(6, NULL, 'DEPOSIT', '002/2020'),(7, NULL, 'DEPOSIT', '003/2020'),(8, NULL, 'DEPOSIT', '004/2020'),(9, NULL, 'DEPOSIT', '005/2020'),(10, NULL, 'DEPOSIT', '006/2020'),(11, NULL, 'DEPOSIT', '007/2020'),(12, NULL, 'DEPOSIT', '008/2020'),(13, NULL, 'TRANSFER', '001/2020'),(14, NULL, 'TRANSFER', '002/2020'),(15, NULL, 'TRANSFER', '003/2020'),(16, NULL, 'TRANSFER', '004/2020'),(17, NULL, 'TRANSFER', '005/2020'),(18, NULL, 'TRANSFER', '006/2020'),(19, NULL, 'TRANSFER', '007/2020'),(20, NULL, 'TRANSFER', '008/2020'),(21, 0, '001/2020', '001/2020'),(22, 0, '001/2020', '002/2020'),(23, 0, '001/2020', '002/2020'),(24, 0, '001/2020', '002/2020'),(25, 0, '001/2020', '002/2020'),(26, 9, 'INVOICE_PAYMENT', '001/2020'),(27, 42, 'POS_PAYMENT', '001/2020'),(28, 9, 'INVOICE_PAYMENT', '002/2020'),(29, 38, 'INVOICE_PAYMENT', '002/2020'),(30, 38, 'INVOICE_PAYMENT', '002/2020'),(31, 34, 'INVOICE_PAYMENT', '002/2020'),(32, 18, 'INVOICE_PAYMENT', '002/2020'),(33, 36, 'INVOICE_PAYMENT', '002/2020'),(42, 36, 'INVOICE_PAYMENT', '003/2020'),(43, 36, 'INVOICE_PAYMENT', '004/2020'),(44, 1, 'PURCHASE_PAYMENT', '001/2020'),(45, 6, 'PURCHASE_PAYMENT', '002/2020'),(46, 12, 'PURCHASE_PAYMENT', '003/2020'),(47, 4, 'PURCHASE_PAYMENT', '004/2020'),(48, 14, 'PURCHASE_PAYMENT', '005/2020'),(49, NULL, 'expense', '001/2020'),(50, NULL, 'expense', '002/2020'),(51, NULL, 'expense', '003/2020'),(52, NULL, 'expense', '004/2020'),(53, NULL, 'expense', '005/2020'),(54, 43, 'POS_PAYMENT', '002/2021');
UNLOCK TABLES;
COMMIT;
BEGIN;
LOCK TABLES `cka_crm`.`transactions` WRITE;
DELETE FROM `cka_crm`.`transactions`;
INSERT INTO `cka_crm`.`transactions` (`id`,`currency_id`,`amount`,`transaction_type`,`account_id`,`transaction_date`,`user_id`,`transaction_reference_id`,`transaction_method`,`description`,`payment_method_id`,`params`,`created_at`) VALUES (1, 3, 90000.00000000, 'Cash-in', 1, '2021-09-10', 1, 1, 'OPENING_BALANCE', 'opening balance', 1, NULL, '2020-04-13 13:56:28'),(2, 4, 50000.00000000, 'Cash-in', 2, '2021-09-10', 1, 2, 'OPENING_BALANCE', 'opening balance', 1, NULL, '2020-04-13 14:01:16'),(3, 2, 60000.00000000, 'Cash-in', 3, '2021-09-10', 1, 3, 'OPENING_BALANCE', 'opening balance', 1, NULL, '2020-04-13 14:05:16'),(4, 1, 600000.00000000, 'Cash-in', 4, '2021-09-10', 1, 4, 'OPENING_BALANCE', 'opening balance', 1, NULL, '2020-04-13 14:08:03'),(5, 3, 2000.00000000, 'deposit', 1, '2021-09-10', 1, 5, 'DEPOSIT', 'Lorem Ipsum is simply dummy text of the printing and typesetting industry. Lorem Ipsum has been the industry\'s standard dummy text ever since the 1500s, when an unknown printer took a galley of type and scrambled it to make a type specimen book.', 2, NULL, '2020-04-13 20:11:08'),(6, 3, 3000.00000000, 'deposit', 1, '2021-09-10', 1, 6, 'DEPOSIT', 'Lorem Ipsum is simply dummy text of the printing and typesetting industry. Lorem Ipsum has been the industry\'s standard dummy text ever since the 1500s, when an unknown printer took a galley of type and scrambled it to make a type specimen book.', 2, NULL, '2020-04-13 20:11:32'),(7, 4, 3000.00000000, 'deposit', 2, '2021-09-10', 1, 7, 'DEPOSIT', 'Lorem Ipsum is simply dummy text of the printing and typesetting industry. Lorem Ipsum has been the industry\'s standard dummy text ever since the 1500s, when an unknown printer took a galley of type and scrambled it to make a type specimen book.', 3, NULL, '2020-04-13 20:12:00'),(8, 4, 6000.00000000, 'deposit', 2, '2021-09-10', 1, 8, 'DEPOSIT', 'Lorem Ipsum is simply dummy text of the printing and typesetting industry. Lorem Ipsum has been the industry\'s standard dummy text ever since the 1500s, when an unknown printer took a galley of type and scrambled it to make a type specimen book.', 2, NULL, '2020-04-13 20:12:23'),(9, 2, 5000.00000000, 'deposit', 3, '2020-02-12', 1, 9, 'DEPOSIT', 'Lorem Ipsum is simply dummy text of the printing and typesetting industry. Lorem Ipsum has been the industry\'s standard dummy text ever since the 1500s, when an unknown printer took a galley of type and scrambled it to make a type specimen book.', 1, NULL, '2020-04-13 20:12:44'),(10, 2, 2000.00000000, 'deposit', 3, '2021-09-10', 1, 10, 'DEPOSIT', 'Lorem Ipsum is simply dummy text of the printing and typesetting industry. Lorem Ipsum has been the industry\'s standard dummy text ever since the 1500s, when an unknown printer took a galley of type and scrambled it to make a type specimen book.', 2, NULL, '2020-04-13 20:13:11'),(11, 1, 7000.00000000, 'deposit', 4, '2021-09-10', 1, 11, 'DEPOSIT', 'Lorem Ipsum is simply dummy text of the printing and typesetting industry. Lorem Ipsum has been the industry\'s standard dummy text ever since the 1500s, when an unknown printer took a galley of type and scrambled it to make a type specimen book.', 2, NULL, '2020-04-13 20:13:35'),(12, 1, 8000.00000000, 'deposit', 4, '2021-09-10', 1, 12, 'DEPOSIT', 'Lorem Ipsum is simply dummy text of the printing and typesetting industry. Lorem Ipsum has been the industry\'s standard dummy text ever since the 1500s, when an unknown printer took a galley of type and scrambled it to make a type specimen book.', 3, NULL, '2020-04-13 20:14:06'),(13, 3, -5005.00000000, 'cash-out-by-transfer', 1, '2021-09-10', 1, 13, 'TRANSFER', 'Lorem Ipsum is simply dummy text of the printing and typesetting industry. Lorem Ipsum has been the industry\'s standard dummy text ever since the 1500s, when an unknown printer took a galley of type and scrambled it to make a type specimen book.', 2, NULL, '2020-04-13 20:14:36'),(14, 4, 3250.00000000, 'cash-in-by-transfer', 2, '2021-09-10', 1, 13, 'TRANSFER', 'Lorem Ipsum is simply dummy text of the printing and typesetting industry. Lorem Ipsum has been the industry\'s standard dummy text ever since the 1500s, when an unknown printer took a galley of type and scrambled it to make a type specimen book.', 2, NULL, '2020-04-13 20:14:36'),(15, 3, -6000.50000000, 'cash-out-by-transfer', 1, '2021-09-10', 1, 14, 'TRANSFER', 'Lorem Ipsum is simply dummy text of the printing and typesetting industry. Lorem Ipsum has been the industry\'s standard dummy text ever since the 1500s, when an unknown printer took a galley of type and scrambled it to make a type specimen book.', 2, NULL, '2020-04-13 20:15:12'),(16, 1, 60.00000000, 'cash-in-by-transfer', 4, '2021-09-10', 1, 14, 'TRANSFER', 'Lorem Ipsum is simply dummy text of the printing and typesetting industry. Lorem Ipsum has been the industry\'s standard dummy text ever since the 1500s, when an unknown printer took a galley of type and scrambled it to make a type specimen book.', 2, NULL, '2020-04-13 20:15:12'),(17, 4, -7008.00000000, 'cash-out-by-transfer', 2, '2021-09-10', 1, 15, 'TRANSFER', 'Lorem Ipsum is simply dummy text of the printing and typesetting industry. Lorem Ipsum has been the industry\'s standard dummy text ever since the 1500s, when an unknown printer took a galley of type and scrambled it to make a type specimen book.', 2, NULL, '2020-04-13 20:15:47'),(18, 2, 8610.00000000, 'cash-in-by-transfer', 3, '2021-09-10', 1, 15, 'TRANSFER', 'Lorem Ipsum is simply dummy text of the printing and typesetting industry. Lorem Ipsum has been the industry\'s standard dummy text ever since the 1500s, when an unknown printer took a galley of type and scrambled it to make a type specimen book.', 2, NULL, '2020-04-13 20:15:47'),(19, 4, -5301.50000000, 'cash-out-by-transfer', 2, '2021-09-10', 1, 16, 'TRANSFER', 'Lorem Ipsum is simply dummy text of the printing and typesetting industry. Lorem Ipsum has been the industry\'s standard dummy text ever since the 1500s, when an unknown printer took a galley of type and scrambled it to make a type specimen book.', 2, NULL, '2020-04-13 20:16:25'),(20, 3, 7155.00000000, 'cash-in-by-transfer', 1, '2021-09-10', 1, 16, 'TRANSFER', 'Lorem Ipsum is simply dummy text of the printing and typesetting industry. Lorem Ipsum has been the industry\'s standard dummy text ever since the 1500s, when an unknown printer took a galley of type and scrambled it to make a type specimen book.', 2, NULL, '2020-04-13 20:16:25'),(21, 2, -8003.00000000, 'cash-out-by-transfer', 3, '2021-09-10', 1, 17, 'TRANSFER', 'Lorem Ipsum is simply dummy text of the printing and typesetting industry. Lorem Ipsum has been the industry\'s standard dummy text ever since the 1500s, when an unknown printer took a galley of type and scrambled it to make a type specimen book.', 2, NULL, '2020-04-13 20:17:17'),(22, 3, 24000.00000000, 'cash-in-by-transfer', 1, '2021-09-10', 1, 17, 'TRANSFER', 'Lorem Ipsum is simply dummy text of the printing and typesetting industry. Lorem Ipsum has been the industry\'s standard dummy text ever since the 1500s, when an unknown printer took a galley of type and scrambled it to make a type specimen book.', 2, NULL, '2020-04-13 20:17:17'),(23, 2, -5600.00000000, 'cash-out-by-transfer', 3, '2021-09-10', 1, 18, 'TRANSFER', 'Lorem Ipsum is simply dummy text of the printing and typesetting industry. Lorem Ipsum has been the industry\'s standard dummy text ever since the 1500s, when an unknown printer took a galley of type and scrambled it to make a type specimen book.', 2, NULL, '2020-04-13 20:17:44'),(24, 1, 532000.00000000, 'cash-in-by-transfer', 4, '2021-09-10', 1, 18, 'TRANSFER', 'Lorem Ipsum is simply dummy text of the printing and typesetting industry. Lorem Ipsum has been the industry\'s standard dummy text ever since the 1500s, when an unknown printer took a galley of type and scrambled it to make a type specimen book.', 2, NULL, '2020-04-13 20:17:44'),(25, 1, -3000.00000000, 'cash-out-by-transfer', 4, '2021-09-10', 1, 19, 'TRANSFER', 'Lorem Ipsum is simply dummy text of the printing and typesetting industry. Lorem Ipsum has been the industry\'s standard dummy text ever since the 1500s, when an unknown printer took a galley of type and scrambled it to make a type specimen book.', 2, NULL, '2020-04-13 20:18:18'),(26, 3, 255000.00000000, 'cash-in-by-transfer', 1, '2021-09-10', 1, 19, 'TRANSFER', 'Lorem Ipsum is simply dummy text of the printing and typesetting industry. Lorem Ipsum has been the industry\'s standard dummy text ever since the 1500s, when an unknown printer took a galley of type and scrambled it to make a type specimen book.', 2, NULL, '2020-04-13 20:18:18'),(27, 1, -50013.00000000, 'cash-out-by-transfer', 4, '2021-09-10', 1, 20, 'TRANSFER', 'Lorem Ipsum is simply dummy text of the printing and typesetting industry. Lorem Ipsum has been the industry\'s standard dummy text ever since the 1500s, when an unknown printer took a galley of type and scrambled it to make a type specimen book.', 2, NULL, '2020-04-13 20:19:12'),(28, 2, 4500.00000000, 'cash-in-by-transfer', 3, '2021-09-10', 1, 20, 'TRANSFER', 'Lorem Ipsum is simply dummy text of the printing and typesetting industry. Lorem Ipsum has been the industry\'s standard dummy text ever since the 1500s, when an unknown printer took a galley of type and scrambled it to make a type specimen book.', 2, NULL, '2020-04-13 20:19:12'),(29, 3, 10.00000000, 'cash-in-by-sale', NULL, '2021-09-10', 1, 26, 'INVOICE_PAYMENT', 'Payment for INV-0001 ', NULL, NULL, '2020-04-15 18:21:08'),(30, 1, 2503.51500000, 'cash', 1, '2021-09-10', 1, 27, 'POSINVOICE', '', NULL, NULL, '2020-04-15 18:40:51'),(31, 3, 50.00000000, 'cash-in-by-sale', NULL, '2021-09-10', 1, 28, 'INVOICE_PAYMENT', 'Payment for INV-0001 ', 1, NULL, '2020-04-15 19:05:33'),(32, 4, 500.00000000, 'cash-in-by-sale', 2, '2021-09-10', 1, 29, 'INVOICE_PAYMENT', 'Payment for INV-0010 ', 2, NULL, '2020-04-15 19:08:32'),(33, 4, 2210.71000000, 'cash-in-by-sale', 2, '2021-09-10', 1, 30, 'INVOICE_PAYMENT', 'Payment for INV-0010 ', 2, NULL, '2020-04-15 19:10:21'),(34, 4, 1669.61000000, 'cash-in-by-sale', NULL, '2021-09-10', 1, 31, 'INVOICE_PAYMENT', 'Payment for INV-0008 ', 3, NULL, '2020-04-15 19:10:58'),(35, 4, 3735.32000000, 'cash-in-by-sale', NULL, '2021-09-10', 1, 32, 'INVOICE_PAYMENT', 'Payment for INV-0005 ', NULL, NULL, '2020-04-15 19:11:43'),(36, 4, 500.00000000, 'cash-in-by-sale', 2, '2021-09-10', 1, 33, 'INVOICE_PAYMENT', 'Payment for INV-0009 ', 2, NULL, '2020-04-15 19:12:59'),(37, 3, 500.00000000, 'expense', 1, '2021-09-10', 1, 49, 'expense', NULL, 2, NULL, '2020-04-15 19:12:59'),(38, 3, 100.00000000, 'expense', 1, '2021-09-10', 1, 50, 'expense', NULL, 1, NULL, '2020-04-15 19:12:59'),(39, 3, 50.00000000, 'expense', 1, '2021-09-10', 1, 51, 'expense', NULL, NULL, NULL, '2020-04-15 19:12:59'),(40, 3, 250.00000000, 'expense', 1, '2021-09-10', 1, 52, 'expense', NULL, 3, NULL, '2020-04-15 19:12:59'),(41, 3, 500.00000000, 'expense', 1, '2021-09-10', 1, 53, 'expense', NULL, 1, NULL, '2020-04-15 19:12:59'),(42, 3, 2046.34000000, 'cash', 1, '2021-09-20', 1, 54, 'POSINVOICE', NULL, NULL, NULL, '2021-09-20 15:46:36');
UNLOCK TABLES;
COMMIT;
BEGIN;
LOCK TABLES `cka_crm`.`transfers` WRITE;
DELETE FROM `cka_crm`.`transfers`;
INSERT INTO `cka_crm`.`transfers` (`id`,`from_account_id`,`to_account_id`,`user_id`,`from_currency_id`,`to_currency_id`,`transaction_date`,`transaction_reference_id`,`description`,`amount`,`fee`,`exchange_rate`,`incoming_amount`) VALUES (61, 1, 2, 1, 3, 4, '2021-09-10', 13, 'Lorem Ipsum is simply dummy text of the printing and typesetting industry. Lorem Ipsum has been the industry\'s standard dummy text ever since the 1500s, when an unknown printer took a galley of type a', 5000.00000000, 5.00000000, 0.65000000, 3250.00000000),(62, 1, 4, 1, 3, 1, '2021-09-10', 14, 'Lorem Ipsum is simply dummy text of the printing and typesetting industry. Lorem Ipsum has been the industry\'s standard dummy text ever since the 1500s, when an unknown printer took a galley of type a', 6000.00000000, 0.50000000, 0.01000000, 60.00000000),(63, 2, 3, 1, 4, 2, '2021-09-10', 15, 'Lorem Ipsum is simply dummy text of the printing and typesetting industry. Lorem Ipsum has been the industry\'s standard dummy text ever since the 1500s, when an unknown printer took a galley of type a', 7000.00000000, 8.00000000, 1.23000000, 8610.00000000),(64, 2, 1, 1, 4, 3, '2021-09-10', 16, 'Lorem Ipsum is simply dummy text of the printing and typesetting industry. Lorem Ipsum has been the industry\'s standard dummy text ever since the 1500s, when an unknown printer took a galley of type a', 5300.00000000, 1.50000000, 1.35000000, 7155.00000000),(65, 3, 1, 1, 2, 3, '2021-09-10', 17, 'Lorem Ipsum is simply dummy text of the printing and typesetting industry. Lorem Ipsum has been the industry\'s standard dummy text ever since the 1500s, when an unknown printer took a galley of type a', 8000.00000000, 3.00000000, 3.00000000, 24000.00000000),(66, 3, 4, 1, 2, 1, '2021-09-10', 18, 'Lorem Ipsum is simply dummy text of the printing and typesetting industry. Lorem Ipsum has been the industry\'s standard dummy text ever since the 1500s, when an unknown printer took a galley of type a', 5600.00000000, 0.00000000, 95.00000000, 532000.00000000),(67, 4, 1, 1, 1, 3, '2021-09-10', 19, 'Lorem Ipsum is simply dummy text of the printing and typesetting industry. Lorem Ipsum has been the industry\'s standard dummy text ever since the 1500s, when an unknown printer took a galley of type a', 3000.00000000, 0.00000000, 85.00000000, 255000.00000000),(68, 4, 3, 1, 1, 2, '2021-09-10', 20, 'Lorem Ipsum is simply dummy text of the printing and typesetting industry. Lorem Ipsum has been the industry\'s standard dummy text ever since the 1500s, when an unknown printer took a galley of type a', 50000.00000000, 13.00000000, 0.09000000, 4500.00000000);
UNLOCK TABLES;
COMMIT;
BEGIN;
LOCK TABLES `cka_crm`.`url_shortner_config` WRITE;
DELETE FROM `cka_crm`.`url_shortner_config`;
UNLOCK TABLES;
COMMIT;
BEGIN;
LOCK TABLES `cka_crm`.`user_departments` WRITE;
DELETE FROM `cka_crm`.`user_departments`;
INSERT INTO `cka_crm`.`user_departments` (`id`,`user_id`,`department_id`) VALUES (1, 2, 2),(2, 2, 3),(3, 2, 1),(5, 3, 3),(6, 4, 2),(7, 5, 1);
UNLOCK TABLES;
COMMIT;
BEGIN;
LOCK TABLES `cka_crm`.`users` WRITE;
DELETE FROM `cka_crm`.`users`;
INSERT INTO `cka_crm`.`users` (`id`,`full_name`,`first_name`,`last_name`,`added_by`,`password`,`role_id`,`phone`,`email`,`remember_token`,`is_active`,`created_at`,`updated_at`,`deleted_at`) VALUES (1, 'fahmi hakim', 'fahmi', 'hakim', 1, '$2y$10$MjpS7/eIbfhOy5WwnI62e.ELOJfYAbSDokoF0mCKZ..JWJmubtThi', 1, NULL, 'fahmi@admin.com', '', 1, '2021-09-10 08:10:35', '2021-09-20 08:41:57', NULL),(2, 'Willa Cooper', 'Willa', 'Cooper', 1, '$2y$10$.Plfs.qb6SIA8gdF/w8i8OB8jMX6TPKe8SNRkv8nsBP2t6LmbS73.', 1, '404-469-1274', 'cooper@techvill.net', '', 1, '2021-09-10 08:10:35', NULL, NULL),(3, 'Frank M Bushnell', 'Frank M', 'Bushnell', 1, '$2y$10$E1UyoAUYosiUJpy//DjMvObW6MQrXM5/2w2OPOLckffZkrTkGfhD6', 4, '863-245-4411', 'pos@techvill.net', '', 1, '2021-09-10 08:10:35', '2021-09-10 08:10:35', NULL),(4, 'Ronald Longwell', 'Ronald', 'Longwell', 1, '$2y$10$isvaplf4DEMFrAeyblTwMe6sofCOmKLI3ZXB8fCa8HXn0YwrQwpKi', 3, '507-348-0413', 'longwell@techvill.net', '', 1, '2021-09-10 08:10:35', '2021-09-10 08:10:35', NULL),(5, 'Luke Wise', 'Luke', 'Wise', 1, '$2y$10$2.L65AWGh.LNrKvNAXrm3.enMDSJ.OuF.aqc3B.5Mr4NVAROIEaBK', 2, '913-815-5094', 'wise@techvill.net', '', 1, '2021-09-10 08:10:35', '2021-09-10 08:10:35', NULL);
UNLOCK TABLES;
COMMIT;
